Date,HomeTeam,AwayTeam,FTHG,FTAG,FTR,HS,AS,HST,AST,HC,AC,home_clean,team_clean,intFormedYear,intStadiumCapacity,strLeague,anios_historia,total_goles_partido,diferencia_goles,resultado_target,cluster_kmeans
11/08/2023,Almeria,Vallecano,0,2,A,19,10,5,4,8,3,almeria,,1900.0,38279.0,Liga_Desconocida,126.0,2,-2,Derrota_Local,2
11/08/2023,Sevilla,Valencia,1,2,A,9,10,3,3,8,1,sevilla,,1900.0,38279.0,Liga_Desconocida,126.0,3,-1,Derrota_Local,2
12/08/2023,Sociedad,Girona,1,1,D,15,6,2,1,4,1,sociedad,,1900.0,38279.0,Liga_Desconocida,126.0,2,0,Empate,0
12/08/2023,Las Palmas,Mallorca,1,1,D,5,12,2,2,3,6,las palmas,,1900.0,38279.0,Liga_Desconocida,126.0,2,0,Empate,0
12/08/2023,Ath Bilbao,Real Madrid,0,2,A,7,14,1,8,7,5,ath bilbao,,1900.0,38279.0,Liga_Desconocida,126.0,2,-2,Derrota_Local,2
13/08/2023,Celta,Osasuna,0,2,A,11,11,1,5,7,2,celta,,1900.0,38279.0,Liga_Desconocida,126.0,2,-2,Derrota_Local,2
13/08/2023,Villarreal,Betis,1,2,A,18,12,5,5,9,4,villarreal,,1900.0,38279.0,Liga_Desconocida,126.0,3,-1,Derrota_Local,2
13/08/2023,Getafe,Barcelona,0,0,D,5,14,2,4,3,4,getafe,getafe,1946.0,17393.0,Spanish La Liga,80.0,0,0,Empate,0
14/08/2023,Cadiz,Alaves,1,0,H,12,10,3,2,2,4,cadiz,,1900.0,38279.0,Liga_Desconocida,126.0,1,1,Victoria_Local,0
14/08/2023,Ath Madrid,Granada,3,1,H,14,7,6,4,3,3,ath madrid,,1900.0,38279.0,Liga_Desconocida,126.0,4,2,Victoria_Local,1
18/08/2023,Mallorca,Villarreal,0,1,A,8,15,1,3,6,5,mallorca,,1900.0,38279.0,Liga_Desconocida,126.0,1,-1,Derrota_Local,0
18/08/2023,Valencia,Las Palmas,1,0,H,9,7,4,1,6,4,valencia,,1900.0,38279.0,Liga_Desconocida,126.0,1,1,Victoria_Local,0
19/08/2023,Sociedad,Celta,1,1,D,11,17,2,6,9,7,sociedad,,1900.0,38279.0,Liga_Desconocida,126.0,2,0,Empate,0
19/08/2023,Almeria,Real Madrid,1,3,A,20,24,8,9,4,5,almeria,,1900.0,38279.0,Liga_Desconocida,126.0,4,-2,Derrota_Local,2
19/08/2023,Osasuna,Ath Bilbao,0,2,A,18,8,7,2,5,3,osasuna,,1900.0,38279.0,Liga_Desconocida,126.0,2,-2,Derrota_Local,2
20/08/2023,Girona,Getafe,3,0,H,7,9,6,2,3,2,girona,,1900.0,38279.0,Liga_Desconocida,126.0,3,3,Victoria_Local,1
20/08/2023,Barcelona,Cadiz,2,0,H,23,10,10,1,10,2,barcelona,barcelona,1899.0,99354.0,Spanish La Liga,127.0,2,2,Victoria_Local,1
20/08/2023,Betis,Ath Madrid,0,0,D,14,5,0,1,2,7,betis,,1900.0,38279.0,Liga_Desconocida,126.0,0,0,Empate,0
21/08/2023,Alaves,Sevilla,4,3,H,14,12,7,2,4,4,alaves,alaves,1921.0,19840.0,Spanish La Liga,105.0,7,1,Victoria_Local,2
21/08/2023,Granada,Vallecano,0,2,A,14,17,7,9,5,6,granada,,1900.0,38279.0,Liga_Desconocida,126.0,2,-2,Derrota_Local,2
25/08/2023,Las Palmas,Sociedad,0,0,D,11,8,5,1,5,7,las palmas,,1900.0,38279.0,Liga_Desconocida,126.0,0,0,Empate,0
25/08/2023,Celta,Real Madrid,0,1,A,13,10,4,3,3,5,celta,,1900.0,38279.0,Liga_Desconocida,126.0,1,-1,Derrota_Local,0
26/08/2023,Cadiz,Almeria,1,1,D,11,5,3,2,7,3,cadiz,,1900.0,38279.0,Liga_Desconocida,126.0,2,0,Empate,0
26/08/2023,Granada,Mallorca,3,2,H,10,10,4,5,5,3,granada,,1900.0,38279.0,Liga_Desconocida,126.0,5,1,Victoria_Local,1
26/08/2023,Sevilla,Girona,1,2,A,21,8,4,3,6,6,sevilla,,1900.0,38279.0,Liga_Desconocida,126.0,3,-1,Derrota_Local,2
27/08/2023,Villarreal,Barcelona,3,4,A,13,21,6,11,2,6,villarreal,,1900.0,38279.0,Liga_Desconocida,126.0,7,-1,Derrota_Local,2
27/08/2023,Valencia,Osasuna,1,2,A,16,7,4,2,6,3,valencia,,1900.0,38279.0,Liga_Desconocida,126.0,3,-1,Derrota_Local,2
27/08/2023,Ath Bilbao,Betis,4,2,H,14,7,6,3,5,3,ath bilbao,,1900.0,38279.0,Liga_Desconocida,126.0,6,2,Victoria_Local,1
28/08/2023,Getafe,Alaves,1,0,H,15,16,4,2,4,5,getafe,getafe,1946.0,17393.0,Spanish La Liga,80.0,1,1,Victoria_Local,0
28/08/2023,Vallecano,Ath Madrid,0,7,A,12,17,3,10,8,3,vallecano,,1900.0,38279.0,Liga_Desconocida,126.0,7,-7,Derrota_Local,2
01/09/2023,Cadiz,Villarreal,3,1,H,18,7,4,3,7,3,cadiz,,1900.0,38279.0,Liga_Desconocida,126.0,4,2,Victoria_Local,1
01/09/2023,Almeria,Celta,2,3,A,16,14,5,8,6,5,almeria,,1900.0,38279.0,Liga_Desconocida,126.0,5,-1,Derrota_Local,2
02/09/2023,Sociedad,Granada,5,3,H,15,8,6,5,2,5,sociedad,,1900.0,38279.0,Liga_Desconocida,126.0,8,2,Victoria_Local,1
02/09/2023,Real Madrid,Getafe,2,1,H,26,6,12,2,11,1,madrid,madrid,1903.0,67703.0,Spanish La Liga,123.0,3,1,Victoria_Local,1
02/09/2023,Alaves,Valencia,1,0,H,7,9,1,4,1,2,alaves,alaves,1921.0,19840.0,Spanish La Liga,105.0,1,1,Victoria_Local,0
02/09/2023,Betis,Vallecano,1,0,H,14,15,5,6,2,3,betis,,1900.0,38279.0,Liga_Desconocida,126.0,1,1,Victoria_Local,0
03/09/2023,Girona,Las Palmas,1,0,H,11,10,6,5,3,5,girona,,1900.0,38279.0,Liga_Desconocida,126.0,1,1,Victoria_Local,0
03/09/2023,Mallorca,Ath Bilbao,0,0,D,8,11,2,3,3,5,mallorca,,1900.0,38279.0,Liga_Desconocida,126.0,0,0,Empate,0
03/09/2023,Osasuna,Barcelona,1,2,A,11,9,3,4,8,5,osasuna,,1900.0,38279.0,Liga_Desconocida,126.0,3,-1,Derrota_Local,2
15/09/2023,Vallecano,Alaves,2,0,H,20,9,11,1,5,3,vallecano,,1900.0,38279.0,Liga_Desconocida,126.0,2,2,Victoria_Local,0
16/09/2023,Ath Bilbao,Cadiz,3,0,H,20,5,9,4,5,4,ath bilbao,,1900.0,38279.0,Liga_Desconocida,126.0,3,3,Victoria_Local,1
16/09/2023,Valencia,Ath Madrid,3,0,H,12,11,8,3,5,8,valencia,,1900.0,38279.0,Liga_Desconocida,126.0,3,3,Victoria_Local,1
16/09/2023,Celta,Mallorca,0,1,A,16,7,4,4,10,1,celta,,1900.0,38279.0,Liga_Desconocida,126.0,1,-1,Derrota_Local,0
16/09/2023,Barcelona,Betis,5,0,H,17,11,9,2,9,5,barcelona,barcelona,1899.0,99354.0,Spanish La Liga,127.0,5,5,Victoria_Local,1
17/09/2023,Getafe,Osasuna,3,2,H,11,8,6,3,6,3,getafe,getafe,1946.0,17393.0,Spanish La Liga,80.0,5,1,Victoria_Local,2
17/09/2023,Villarreal,Almeria,2,1,H,10,17,4,7,7,6,villarreal,,1900.0,38279.0,Liga_Desconocida,126.0,3,1,Victoria_Local,0
17/09/2023,Sevilla,Las Palmas,1,0,H,26,12,9,2,7,3,sevilla,,1900.0,38279.0,Liga_Desconocida,126.0,1,1,Victoria_Local,0
17/09/2023,Real Madrid,Sociedad,2,1,H,17,15,8,5,4,3,madrid,madrid,1903.0,67703.0,Spanish La Liga,123.0,3,1,Victoria_Local,1
18/09/2023,Granada,Girona,2,4,A,12,13,5,7,4,5,granada,,1900.0,38279.0,Liga_Desconocida,126.0,6,-2,Derrota_Local,2
22/09/2023,Alaves,Ath Bilbao,0,2,A,15,11,5,3,3,4,alaves,alaves,1921.0,19840.0,Spanish La Liga,105.0,2,-2,Derrota_Local,2
23/09/2023,Girona,Mallorca,5,3,H,23,15,10,5,6,5,girona,,1900.0,38279.0,Liga_Desconocida,126.0,8,2,Victoria_Local,1
23/09/2023,Osasuna,Sevilla,0,0,D,16,15,2,3,7,4,osasuna,,1900.0,38279.0,Liga_Desconocida,126.0,0,0,Empate,0
23/09/2023,Barcelona,Celta,3,2,H,15,13,6,7,2,3,barcelona,barcelona,1899.0,99354.0,Spanish La Liga,127.0,5,1,Victoria_Local,1
23/09/2023,Almeria,Valencia,2,2,D,17,7,10,5,8,3,almeria,,1900.0,38279.0,Liga_Desconocida,126.0,4,0,Empate,2
24/09/2023,Sociedad,Getafe,4,3,H,10,10,6,7,2,1,sociedad,,1900.0,38279.0,Liga_Desconocida,126.0,7,1,Victoria_Local,1
24/09/2023,Vallecano,Villarreal,1,1,D,11,13,6,6,2,8,vallecano,,1900.0,38279.0,Liga_Desconocida,126.0,2,0,Empate,0
24/09/2023,Betis,Cadiz,1,1,D,21,5,7,1,11,8,betis,,1900.0,38279.0,Liga_Desconocida,126.0,2,0,Empate,0
24/09/2023,Las Palmas,Granada,1,0,H,10,2,3,1,6,7,las palmas,,1900.0,38279.0,Liga_Desconocida,126.0,1,1,Victoria_Local,0
24/09/2023,Ath Madrid,Real Madrid,3,1,H,10,20,4,5,6,11,ath madrid,,1900.0,38279.0,Liga_Desconocida,126.0,4,2,Victoria_Local,1
26/09/2023,Sevilla,Almeria,5,1,H,18,10,9,1,9,4,sevilla,,1900.0,38279.0,Liga_Desconocida,126.0,6,4,Victoria_Local,1
26/09/2023,Mallorca,Barcelona,2,2,D,10,10,5,4,7,2,mallorca,,1900.0,38279.0,Liga_Desconocida,126.0,4,0,Empate,2
27/09/2023,Ath Bilbao,Getafe,2,2,D,9,13,4,5,5,4,ath bilbao,,1900.0,38279.0,Liga_Desconocida,126.0,4,0,Empate,2
27/09/2023,Real Madrid,Las Palmas,2,0,H,21,16,9,2,7,2,madrid,madrid,1903.0,67703.0,Spanish La Liga,123.0,2,2,Victoria_Local,1
27/09/2023,Villarreal,Girona,1,2,A,14,17,3,5,5,6,villarreal,,1900.0,38279.0,Liga_Desconocida,126.0,3,-1,Derrota_Local,2
27/09/2023,Cadiz,Vallecano,0,0,D,9,9,2,4,1,2,cadiz,,1900.0,38279.0,Liga_Desconocida,126.0,0,0,Empate,0
27/09/2023,Valencia,Sociedad,0,1,A,9,2,2,1,0,2,valencia,,1900.0,38279.0,Liga_Desconocida,126.0,1,-1,Derrota_Local,0
28/09/2023,Celta,Alaves,1,1,D,8,21,0,11,2,8,celta,,1900.0,38279.0,Liga_Desconocida,126.0,2,0,Empate,0
28/09/2023,Granada,Betis,1,1,D,19,13,7,3,5,7,granada,,1900.0,38279.0,Liga_Desconocida,126.0,2,0,Empate,0
28/09/2023,Osasuna,Ath Madrid,0,2,A,13,4,2,3,7,2,osasuna,,1900.0,38279.0,Liga_Desconocida,126.0,2,-2,Derrota_Local,2
29/09/2023,Barcelona,Sevilla,1,0,H,18,12,5,3,13,3,barcelona,barcelona,1899.0,99354.0,Spanish La Liga,127.0,1,1,Victoria_Local,1
30/09/2023,Getafe,Villarreal,0,0,D,22,3,9,0,6,4,getafe,getafe,1946.0,17393.0,Spanish La Liga,80.0,0,0,Empate,0
30/09/2023,Vallecano,Mallorca,2,2,D,19,9,5,4,5,0,vallecano,,1900.0,38279.0,Liga_Desconocida,126.0,4,0,Empate,2
30/09/2023,Girona,Real Madrid,0,3,A,13,14,3,7,1,4,girona,,1900.0,38279.0,Liga_Desconocida,126.0,3,-3,Derrota_Local,2
30/09/2023,Sociedad,Ath Bilbao,3,0,H,8,18,5,3,5,7,sociedad,,1900.0,38279.0,Liga_Desconocida,126.0,3,3,Victoria_Local,1
01/10/2023,Almeria,Granada,3,3,D,17,19,5,4,1,5,almeria,,1900.0,38279.0,Liga_Desconocida,126.0,6,0,Empate,2
01/10/2023,Alaves,Osasuna,0,2,A,17,10,3,3,4,2,alaves,alaves,1921.0,19840.0,Spanish La Liga,105.0,2,-2,Derrota_Local,2
01/10/2023,Ath Madrid,Cadiz,3,2,H,18,8,9,4,5,3,ath madrid,,1900.0,38279.0,Liga_Desconocida,126.0,5,1,Victoria_Local,1
01/10/2023,Betis,Valencia,3,0,H,15,9,7,2,5,3,betis,,1900.0,38279.0,Liga_Desconocida,126.0,3,3,Victoria_Local,1
02/10/2023,Las Palmas,Celta,2,1,H,16,11,5,3,4,5,las palmas,,1900.0,38279.0,Liga_Desconocida,126.0,3,1,Victoria_Local,0
06/10/2023,Ath Bilbao,Almeria,3,0,H,23,4,9,1,6,2,ath bilbao,,1900.0,38279.0,Liga_Desconocida,126.0,3,3,Victoria_Local,1
07/10/2023,Cadiz,Girona,0,1,A,8,20,2,5,5,5,cadiz,,1900.0,38279.0,Liga_Desconocida,126.0,1,-1,Derrota_Local,0
07/10/2023,Real Madrid,Osasuna,4,0,H,19,7,9,1,5,4,madrid,madrid,1903.0,67703.0,Spanish La Liga,123.0,4,4,Victoria_Local,1
07/10/2023,Mallorca,Valencia,1,1,D,9,11,5,3,3,6,mallorca,,1900.0,38279.0,Liga_Desconocida,126.0,2,0,Empate,0
07/10/2023,Sevilla,Vallecano,2,2,D,22,7,6,4,12,2,sevilla,,1900.0,38279.0,Liga_Desconocida,126.0,4,0,Empate,2
08/10/2023,Villarreal,Las Palmas,1,2,A,9,8,4,5,7,2,villarreal,,1900.0,38279.0,Liga_Desconocida,126.0,3,-1,Derrota_Local,2
08/10/2023,Ath Madrid,Sociedad,2,1,H,14,13,5,4,1,4,ath madrid,,1900.0,38279.0,Liga_Desconocida,126.0,3,1,Victoria_Local,0
08/10/2023,Alaves,Betis,1,1,D,15,6,5,2,5,3,alaves,alaves,1921.0,19840.0,Spanish La Liga,105.0,2,0,Empate,0
08/10/2023,Celta,Getafe,2,2,D,26,3,11,2,13,1,celta,,1900.0,38279.0,Liga_Desconocida,126.0,4,0,Empate,2
08/10/2023,Granada,Barcelona,2,2,D,7,22,2,10,1,11,granada,,1900.0,38279.0,Liga_Desconocida,126.0,4,0,Empate,2
20/10/2023,Osasuna,Granada,2,0,H,12,13,6,3,1,7,osasuna,,1900.0,38279.0,Liga_Desconocida,126.0,2,2,Victoria_Local,0
21/10/2023,Sociedad,Mallorca,1,0,H,14,18,6,7,2,5,sociedad,,1900.0,38279.0,Liga_Desconocida,126.0,1,1,Victoria_Local,0
21/10/2023,Getafe,Betis,1,1,D,14,13,4,3,4,8,getafe,getafe,1946.0,17393.0,Spanish La Liga,80.0,2,0,Empate,0
21/10/2023,Sevilla,Real Madrid,1,1,D,17,14,7,5,4,6,sevilla,,1900.0,38279.0,Liga_Desconocida,126.0,2,0,Empate,0
21/10/2023,Celta,Ath Madrid,0,3,A,16,12,3,7,7,5,celta,,1900.0,38279.0,Liga_Desconocida,126.0,3,-3,Derrota_Local,2
22/10/2023,Las Palmas,Vallecano,0,1,A,12,12,6,4,10,5,las palmas,,1900.0,38279.0,Liga_Desconocida,126.0,1,-1,Derrota_Local,0
22/10/2023,Girona,Almeria,5,2,H,19,9,8,5,9,6,girona,,1900.0,38279.0,Liga_Desconocida,126.0,7,3,Victoria_Local,1
22/10/2023,Villarreal,Alaves,1,1,D,12,16,3,7,9,3,villarreal,,1900.0,38279.0,Liga_Desconocida,126.0,2,0,Empate,0
22/10/2023,Barcelona,Ath Bilbao,1,0,H,12,10,7,3,4,7,barcelona,barcelona,1899.0,99354.0,Spanish La Liga,127.0,1,1,Victoria_Local,1
23/10/2023,Valencia,Cadiz,2,0,H,12,5,4,4,4,6,valencia,,1900.0,38279.0,Liga_Desconocida,126.0,2,2,Victoria_Local,0
27/10/2023,Girona,Celta,1,0,H,12,4,2,2,10,1,girona,,1900.0,38279.0,Liga_Desconocida,126.0,1,1,Victoria_Local,0
28/10/2023,Almeria,Las Palmas,1,2,A,10,10,4,3,3,2,almeria,,1900.0,38279.0,Liga_Desconocida,126.0,3,-1,Derrota_Local,2
28/10/2023,Barcelona,Real Madrid,1,2,A,15,13,3,4,6,3,barcelona,barcelona,1899.0,99354.0,Spanish La Liga,127.0,3,-1,Derrota_Local,1
28/10/2023,Mallorca,Getafe,0,0,D,15,8,4,0,8,3,mallorca,,1900.0,38279.0,Liga_Desconocida,126.0,0,0,Empate,0
28/10/2023,Cadiz,Sevilla,2,2,D,10,20,5,10,2,4,cadiz,,1900.0,38279.0,Liga_Desconocida,126.0,4,0,Empate,2
29/10/2023,Betis,Osasuna,2,1,H,9,7,2,1,6,3,betis,,1900.0,38279.0,Liga_Desconocida,126.0,3,1,Victoria_Local,0
29/10/2023,Vallecano,Sociedad,2,2,D,16,15,7,3,4,5,vallecano,,1900.0,38279.0,Liga_Desconocida,126.0,4,0,Empate,2
29/10/2023,Ath Bilbao,Valencia,2,2,D,12,11,7,5,10,4,ath bilbao,,1900.0,38279.0,Liga_Desconocida,126.0,4,0,Empate,2
29/10/2023,Ath Madrid,Alaves,2,1,H,11,8,7,1,4,4,ath madrid,,1900.0,38279.0,Liga_Desconocida,126.0,3,1,Victoria_Local,0
30/10/2023,Granada,Villarreal,2,3,A,18,6,8,5,4,1,granada,,1900.0,38279.0,Liga_Desconocida,126.0,5,-1,Derrota_Local,2
03/11/2023,Las Palmas,Ath Madrid,2,1,H,9,13,3,5,3,4,las palmas,,1900.0,38279.0,Liga_Desconocida,126.0,3,1,Victoria_Local,0
04/11/2023,Osasuna,Girona,2,4,A,15,11,3,4,2,7,osasuna,,1900.0,38279.0,Liga_Desconocida,126.0,6,-2,Derrota_Local,2
04/11/2023,Betis,Mallorca,2,0,H,22,8,3,1,6,1,betis,,1900.0,38279.0,Liga_Desconocida,126.0,2,2,Victoria_Local,0
04/11/2023,Celta,Sevilla,1,1,D,15,13,3,5,4,6,celta,,1900.0,38279.0,Liga_Desconocida,126.0,2,0,Empate,0
04/11/2023,Sociedad,Barcelona,0,1,A,13,12,6,4,8,3,sociedad,,1900.0,38279.0,Liga_Desconocida,126.0,1,-1,Derrota_Local,0
05/11/2023,Alaves,Almeria,1,0,H,23,9,3,3,12,6,alaves,alaves,1921.0,19840.0,Spanish La Liga,105.0,1,1,Victoria_Local,0
05/11/2023,Valencia,Granada,1,0,H,11,6,2,1,0,4,valencia,,1900.0,38279.0,Liga_Desconocida,126.0,1,1,Victoria_Local,0
05/11/2023,Villarreal,Ath Bilbao,2,3,A,17,17,6,7,9,3,villarreal,,1900.0,38279.0,Liga_Desconocida,126.0,5,-1,Derrota_Local,2
05/11/2023,Real Madrid,Vallecano,0,0,D,22,4,5,0,11,1,madrid,madrid,1903.0,67703.0,Spanish La Liga,123.0,0,0,Empate,0
06/11/2023,Getafe,Cadiz,1,0,H,13,6,3,2,6,3,getafe,getafe,1946.0,17393.0,Spanish La Liga,80.0,1,1,Victoria_Local,0
10/11/2023,Ath Bilbao,Celta,4,3,H,21,13,12,5,7,2,ath bilbao,,1900.0,38279.0,Liga_Desconocida,126.0,7,1,Victoria_Local,1
11/11/2023,Vallecano,Girona,1,2,A,22,19,9,7,8,3,vallecano,,1900.0,38279.0,Liga_Desconocida,126.0,3,-1,Derrota_Local,2
11/11/2023,Almeria,Sociedad,1,3,A,7,18,2,6,5,5,almeria,,1900.0,38279.0,Liga_Desconocida,126.0,4,-2,Derrota_Local,2
11/11/2023,Granada,Getafe,1,1,D,12,10,6,6,3,5,granada,,1900.0,38279.0,Liga_Desconocida,126.0,2,0,Empate,0
11/11/2023,Osasuna,Las Palmas,1,1,D,11,6,3,1,8,3,osasuna,,1900.0,38279.0,Liga_Desconocida,126.0,2,0,Empate,0
11/11/2023,Real Madrid,Valencia,5,1,H,16,10,7,4,4,4,madrid,madrid,1903.0,67703.0,Spanish La Liga,123.0,6,4,Victoria_Local,1
12/11/2023,Barcelona,Alaves,2,1,H,11,8,6,1,2,1,barcelona,barcelona,1899.0,99354.0,Spanish La Liga,127.0,3,1,Victoria_Local,1
12/11/2023,Sevilla,Betis,1,1,D,13,14,4,6,9,5,sevilla,,1900.0,38279.0,Liga_Desconocida,126.0,2,0,Empate,0
12/11/2023,Ath Madrid,Villarreal,3,1,H,25,11,10,7,6,3,ath madrid,,1900.0,38279.0,Liga_Desconocida,126.0,4,2,Victoria_Local,1
24/11/2023,Alaves,Granada,3,1,H,8,11,5,4,6,2,alaves,alaves,1921.0,19840.0,Spanish La Liga,105.0,4,2,Victoria_Local,0
25/11/2023,Vallecano,Barcelona,1,1,D,10,15,4,4,1,4,vallecano,,1900.0,38279.0,Liga_Desconocida,126.0,2,0,Empate,0
25/11/2023,Valencia,Celta,0,0,D,8,13,0,1,5,7,valencia,,1900.0,38279.0,Liga_Desconocida,126.0,0,0,Empate,0
25/11/2023,Getafe,Almeria,2,1,H,18,13,5,4,3,6,getafe,getafe,1946.0,17393.0,Spanish La Liga,80.0,3,1,Victoria_Local,0
25/11/2023,Ath Madrid,Mallorca,1,0,H,20,8,3,1,7,3,ath madrid,,1900.0,38279.0,Liga_Desconocida,126.0,1,1,Victoria_Local,0
26/11/2023,Villarreal,Osasuna,3,1,H,10,15,3,7,2,4,villarreal,,1900.0,38279.0,Liga_Desconocida,126.0,4,2,Victoria_Local,1
26/11/2023,Sociedad,Sevilla,2,1,H,11,8,8,2,4,4,sociedad,,1900.0,38279.0,Liga_Desconocida,126.0,3,1,Victoria_Local,0
26/11/2023,Cadiz,Real Madrid,0,3,A,13,14,4,5,4,4,cadiz,,1900.0,38279.0,Liga_Desconocida,126.0,3,-3,Derrota_Local,2
26/11/2023,Betis,Las Palmas,1,0,H,12,15,6,4,7,6,betis,,1900.0,38279.0,Liga_Desconocida,126.0,1,1,Victoria_Local,0
27/11/2023,Girona,Ath Bilbao,1,1,D,12,13,2,6,2,6,girona,,1900.0,38279.0,Liga_Desconocida,126.0,2,0,Empate,0
29/11/2023,Mallorca,Cadiz,1,1,D,16,6,3,3,7,0,mallorca,,1900.0,38279.0,Liga_Desconocida,126.0,2,0,Empate,0
01/12/2023,Las Palmas,Getafe,2,0,H,11,12,6,4,4,4,las palmas,,1900.0,38279.0,Liga_Desconocida,126.0,2,2,Victoria_Local,0
02/12/2023,Girona,Valencia,2,1,H,9,9,5,3,3,2,girona,,1900.0,38279.0,Liga_Desconocida,126.0,3,1,Victoria_Local,0
02/12/2023,Ath Bilbao,Vallecano,4,0,H,9,11,4,3,7,2,ath bilbao,,1900.0,38279.0,Liga_Desconocida,126.0,4,4,Victoria_Local,1
02/12/2023,Real Madrid,Granada,2,0,H,11,1,4,0,6,0,madrid,madrid,1903.0,67703.0,Spanish La Liga,123.0,2,2,Victoria_Local,1
02/12/2023,Osasuna,Sociedad,1,1,D,9,17,3,5,1,8,osasuna,,1900.0,38279.0,Liga_Desconocida,126.0,2,0,Empate,0
03/12/2023,Mallorca,Alaves,0,0,D,7,7,3,4,5,4,mallorca,,1900.0,38279.0,Liga_Desconocida,126.0,0,0,Empate,0
03/12/2023,Almeria,Betis,0,0,D,20,6,8,2,4,6,almeria,,1900.0,38279.0,Liga_Desconocida,126.0,0,0,Empate,0
03/12/2023,Sevilla,Villarreal,1,1,D,18,5,4,4,8,4,sevilla,,1900.0,38279.0,Liga_Desconocida,126.0,2,0,Empate,0
03/12/2023,Barcelona,Ath Madrid,1,0,H,13,9,2,4,7,2,barcelona,barcelona,1899.0,99354.0,Spanish La Liga,127.0,1,1,Victoria_Local,1
04/12/2023,Celta,Cadiz,1,1,D,26,2,7,1,12,1,celta,,1900.0,38279.0,Liga_Desconocida,126.0,2,0,Empate,0
08/12/2023,Getafe,Valencia,1,0,H,8,3,6,0,7,0,getafe,getafe,1946.0,17393.0,Spanish La Liga,80.0,1,1,Victoria_Local,0
09/12/2023,Alaves,Las Palmas,0,1,A,19,9,5,2,12,3,alaves,alaves,1921.0,19840.0,Spanish La Liga,105.0,1,-1,Derrota_Local,0
09/12/2023,Betis,Real Madrid,1,1,D,14,12,6,2,8,6,betis,,1900.0,38279.0,Liga_Desconocida,126.0,2,0,Empate,0
09/12/2023,Villarreal,Sociedad,0,3,A,20,16,4,5,5,3,villarreal,,1900.0,38279.0,Liga_Desconocida,126.0,3,-3,Derrota_Local,2
09/12/2023,Mallorca,Sevilla,1,0,H,6,19,3,5,4,12,mallorca,,1900.0,38279.0,Liga_Desconocida,126.0,1,1,Victoria_Local,0
10/12/2023,Ath Madrid,Almeria,2,1,H,13,19,4,5,3,15,ath madrid,,1900.0,38279.0,Liga_Desconocida,126.0,3,1,Victoria_Local,0
10/12/2023,Cadiz,Osasuna,1,1,D,12,13,5,5,2,4,cadiz,,1900.0,38279.0,Liga_Desconocida,126.0,2,0,Empate,0
10/12/2023,Barcelona,Girona,2,4,A,31,15,11,7,8,3,barcelona,barcelona,1899.0,99354.0,Spanish La Liga,127.0,6,-2,Derrota_Local,1
11/12/2023,Granada,Ath Bilbao,1,1,D,7,19,4,4,1,8,granada,,1900.0,38279.0,Liga_Desconocida,126.0,2,0,Empate,0
11/12/2023,Vallecano,Celta,0,0,D,17,4,4,2,8,1,vallecano,,1900.0,38279.0,Liga_Desconocida,126.0,0,0,Empate,0
15/12/2023,Osasuna,Vallecano,1,0,H,10,9,4,3,9,1,osasuna,,1900.0,38279.0,Liga_Desconocida,126.0,1,1,Victoria_Local,0
16/12/2023,Celta,Granada,1,0,H,11,7,4,2,7,1,celta,,1900.0,38279.0,Liga_Desconocida,126.0,1,1,Victoria_Local,0
16/12/2023,Ath Bilbao,Ath Madrid,2,0,H,16,7,7,3,3,7,ath bilbao,,1900.0,38279.0,Liga_Desconocida,126.0,2,2,Victoria_Local,0
16/12/2023,Sevilla,Getafe,0,3,A,12,14,4,7,4,2,sevilla,,1900.0,38279.0,Liga_Desconocida,126.0,3,-3,Derrota_Local,2
16/12/2023,Valencia,Barcelona,1,1,D,11,16,4,8,4,6,valencia,,1900.0,38279.0,Liga_Desconocida,126.0,2,0,Empate,0
17/12/2023,Almeria,Mallorca,0,0,D,7,20,1,2,4,4,almeria,,1900.0,38279.0,Liga_Desconocida,126.0,0,0,Empate,0
17/12/2023,Sociedad,Betis,0,0,D,12,12,4,3,3,7,sociedad,,1900.0,38279.0,Liga_Desconocida,126.0,0,0,Empate,0
17/12/2023,Las Palmas,Cadiz,1,1,D,7,13,2,5,4,6,las palmas,,1900.0,38279.0,Liga_Desconocida,126.0,2,0,Empate,0
17/12/2023,Real Madrid,Villarreal,4,1,H,22,3,9,1,11,0,madrid,madrid,1903.0,67703.0,Spanish La Liga,123.0,5,3,Victoria_Local,1
18/12/2023,Girona,Alaves,3,0,H,9,12,4,2,3,2,girona,,1900.0,38279.0,Liga_Desconocida,126.0,3,3,Victoria_Local,1
19/12/2023,Vallecano,Valencia,0,1,A,7,8,1,3,8,1,vallecano,,1900.0,38279.0,Liga_Desconocida,126.0,1,-1,Derrota_Local,0
19/12/2023,Ath Madrid,Getafe,3,3,D,8,29,4,9,1,12,ath madrid,,1900.0,38279.0,Liga_Desconocida,126.0,6,0,Empate,2
19/12/2023,Granada,Sevilla,0,3,A,12,12,3,5,6,4,granada,,1900.0,38279.0,Liga_Desconocida,126.0,3,-3,Derrota_Local,2
20/12/2023,Barcelona,Almeria,3,2,H,30,10,11,5,12,0,barcelona,barcelona,1899.0,99354.0,Spanish La Liga,127.0,5,1,Victoria_Local,1
20/12/2023,Ath Bilbao,Las Palmas,1,0,H,19,5,10,1,5,2,ath bilbao,,1900.0,38279.0,Liga_Desconocida,126.0,1,1,Victoria_Local,0
20/12/2023,Villarreal,Celta,3,2,H,12,15,8,5,4,7,villarreal,,1900.0,38279.0,Liga_Desconocida,126.0,5,1,Victoria_Local,1
21/12/2023,Betis,Girona,1,1,D,21,12,4,4,7,6,betis,,1900.0,38279.0,Liga_Desconocida,126.0,2,0,Empate,0
21/12/2023,Cadiz,Sociedad,0,0,D,10,8,2,1,7,5,cadiz,,1900.0,38279.0,Liga_Desconocida,126.0,0,0,Empate,0
21/12/2023,Alaves,Real Madrid,0,1,A,8,9,2,4,3,3,alaves,alaves,1921.0,19840.0,Spanish La Liga,105.0,1,-1,Derrota_Local,0
21/12/2023,Mallorca,Osasuna,3,2,H,15,12,8,7,6,0,mallorca,,1900.0,38279.0,Liga_Desconocida,126.0,5,1,Victoria_Local,1
23/12/2023,Ath Madrid,Sevilla,1,0,H,12,8,4,2,6,5,ath madrid,,1900.0,38279.0,Liga_Desconocida,126.0,1,1,Victoria_Local,0
02/01/2024,Getafe,Vallecano,0,2,A,5,12,0,8,2,3,getafe,getafe,1946.0,17393.0,Spanish La Liga,80.0,2,-2,Derrota_Local,2
02/01/2024,Sociedad,Alaves,1,1,D,16,7,6,2,6,4,sociedad,,1900.0,38279.0,Liga_Desconocida,126.0,2,0,Empate,0
02/01/2024,Valencia,Villarreal,3,1,H,11,8,8,4,4,3,valencia,,1900.0,38279.0,Liga_Desconocida,126.0,4,2,Victoria_Local,1
03/01/2024,Granada,Cadiz,2,0,H,15,15,8,2,5,6,granada,,1900.0,38279.0,Liga_Desconocida,126.0,2,2,Victoria_Local,0
03/01/2024,Celta,Betis,2,1,H,19,14,6,3,8,7,celta,,1900.0,38279.0,Liga_Desconocida,126.0,3,1,Victoria_Local,0
03/01/2024,Real Madrid,Mallorca,1,0,H,17,7,5,0,5,4,madrid,madrid,1903.0,67703.0,Spanish La Liga,123.0,1,1,Victoria_Local,1
03/01/2024,Girona,Ath Madrid,4,3,H,17,18,9,12,7,8,girona,,1900.0,38279.0,Liga_Desconocida,126.0,7,1,Victoria_Local,1
04/01/2024,Osasuna,Almeria,1,0,H,14,4,2,0,5,4,osasuna,,1900.0,38279.0,Liga_Desconocida,126.0,1,1,Victoria_Local,0
04/01/2024,Sevilla,Ath Bilbao,0,2,A,11,15,2,6,5,4,sevilla,,1900.0,38279.0,Liga_Desconocida,126.0,2,-2,Derrota_Local,2
04/01/2024,Las Palmas,Barcelona,1,2,A,12,15,3,5,5,10,las palmas,,1900.0,38279.0,Liga_Desconocida,126.0,3,-1,Derrota_Local,2
12/01/2024,Sevilla,Alaves,2,3,A,19,16,4,8,5,4,sevilla,,1900.0,38279.0,Liga_Desconocida,126.0,5,-1,Derrota_Local,2
13/01/2024,Las Palmas,Villarreal,3,0,H,8,17,3,3,4,6,las palmas,,1900.0,38279.0,Liga_Desconocida,126.0,3,3,Victoria_Local,1
13/01/2024,Mallorca,Celta,1,1,D,17,6,6,2,10,1,mallorca,,1900.0,38279.0,Liga_Desconocida,126.0,2,0,Empate,0
13/01/2024,Ath Bilbao,Sociedad,2,1,H,10,9,3,1,5,5,ath bilbao,,1900.0,38279.0,Liga_Desconocida,126.0,3,1,Victoria_Local,0
13/01/2024,Betis,Granada,1,0,H,25,6,6,2,13,1,betis,,1900.0,38279.0,Liga_Desconocida,126.0,1,1,Victoria_Local,0
14/01/2024,Almeria,Girona,0,0,D,20,5,3,1,4,3,almeria,,1900.0,38279.0,Liga_Desconocida,126.0,0,0,Empate,0
14/01/2024,Cadiz,Valencia,1,4,A,10,9,2,5,3,1,cadiz,,1900.0,38279.0,Liga_Desconocida,126.0,5,-3,Derrota_Local,2
19/01/2024,Alaves,Cadiz,1,0,H,13,9,3,1,4,4,alaves,alaves,1921.0,19840.0,Spanish La Liga,105.0,1,1,Victoria_Local,0
20/01/2024,Vallecano,Las Palmas,0,2,A,16,10,3,5,12,0,vallecano,,1900.0,38279.0,Liga_Desconocida,126.0,2,-2,Derrota_Local,2
20/01/2024,Villarreal,Mallorca,1,1,D,18,8,5,2,4,6,villarreal,,1900.0,38279.0,Liga_Desconocida,126.0,2,0,Empate,0
20/01/2024,Valencia,Ath Bilbao,1,0,H,6,6,1,3,4,2,valencia,,1900.0,38279.0,Liga_Desconocida,126.0,1,1,Victoria_Local,0
20/01/2024,Celta,Sociedad,0,1,A,6,6,2,2,6,3,celta,,1900.0,38279.0,Liga_Desconocida,126.0,1,-1,Derrota_Local,0
21/01/2024,Osasuna,Getafe,3,2,H,13,10,7,7,1,4,osasuna,,1900.0,38279.0,Liga_Desconocida,126.0,5,1,Victoria_Local,1
21/01/2024,Real Madrid,Almeria,3,2,H,18,10,6,2,6,3,madrid,madrid,1903.0,67703.0,Spanish La Liga,123.0,5,1,Victoria_Local,1
21/01/2024,Betis,Barcelona,2,4,A,14,11,5,4,3,4,betis,,1900.0,38279.0,Liga_Desconocida,126.0,6,-2,Derrota_Local,2
21/01/2024,Girona,Sevilla,5,1,H,12,9,8,3,4,5,girona,,1900.0,38279.0,Liga_Desconocida,126.0,6,4,Victoria_Local,1
22/01/2024,Granada,Ath Madrid,0,1,A,17,10,2,5,6,2,granada,,1900.0,38279.0,Liga_Desconocida,126.0,1,-1,Derrota_Local,0
26/01/2024,Almeria,Alaves,0,3,A,19,11,7,3,11,3,almeria,,1900.0,38279.0,Liga_Desconocida,126.0,3,-3,Derrota_Local,2
27/01/2024,Sociedad,Vallecano,0,0,D,6,5,3,0,2,2,sociedad,,1900.0,38279.0,Liga_Desconocida,126.0,0,0,Empate,0
27/01/2024,Las Palmas,Real Madrid,1,2,A,7,13,2,5,1,6,las palmas,,1900.0,38279.0,Liga_Desconocida,126.0,3,-1,Derrota_Local,2
27/01/2024,Barcelona,Villarreal,3,5,A,22,9,10,6,10,0,barcelona,barcelona,1899.0,99354.0,Spanish La Liga,127.0,8,-2,Derrota_Local,1
27/01/2024,Mallorca,Betis,0,1,A,14,8,1,2,5,4,mallorca,,1900.0,38279.0,Liga_Desconocida,126.0,1,-1,Derrota_Local,0
28/01/2024,Celta,Girona,0,1,A,10,15,5,6,5,7,celta,,1900.0,38279.0,Liga_Desconocida,126.0,1,-1,Derrota_Local,0
28/01/2024,Cadiz,Ath Bilbao,0,0,D,9,8,2,0,6,8,cadiz,,1900.0,38279.0,Liga_Desconocida,126.0,0,0,Empate,0
28/01/2024,Sevilla,Osasuna,1,1,D,10,11,5,4,2,4,sevilla,,1900.0,38279.0,Liga_Desconocida,126.0,2,0,Empate,0
28/01/2024,Ath Madrid,Valencia,2,0,H,12,10,8,3,3,6,ath madrid,,1900.0,38279.0,Liga_Desconocida,126.0,2,2,Victoria_Local,0
29/01/2024,Getafe,Granada,2,0,H,7,16,4,3,4,3,getafe,getafe,1946.0,17393.0,Spanish La Liga,80.0,2,2,Victoria_Local,0
31/01/2024,Barcelona,Osasuna,1,0,H,16,9,4,1,6,6,barcelona,barcelona,1899.0,99354.0,Spanish La Liga,127.0,1,1,Victoria_Local,1
31/01/2024,Ath Madrid,Vallecano,2,1,H,8,10,3,2,5,6,ath madrid,,1900.0,38279.0,Liga_Desconocida,126.0,3,1,Victoria_Local,0
01/02/2024,Getafe,Real Madrid,0,2,A,10,16,2,9,2,6,getafe,getafe,1946.0,17393.0,Spanish La Liga,80.0,2,-2,Derrota_Local,2
02/02/2024,Ath Bilbao,Mallorca,4,0,H,13,6,6,2,6,2,ath bilbao,,1900.0,38279.0,Liga_Desconocida,126.0,4,4,Victoria_Local,1
03/02/2024,Valencia,Almeria,2,1,H,7,15,2,5,0,6,valencia,,1900.0,38279.0,Liga_Desconocida,126.0,3,1,Victoria_Local,0
03/02/2024,Granada,Las Palmas,1,1,D,3,16,1,6,2,9,granada,,1900.0,38279.0,Liga_Desconocida,126.0,2,0,Empate,0
03/02/2024,Alaves,Barcelona,1,3,A,13,8,2,5,14,5,alaves,alaves,1921.0,19840.0,Spanish La Liga,105.0,4,-2,Derrota_Local,2
03/02/2024,Girona,Sociedad,0,0,D,11,11,3,2,3,4,girona,,1900.0,38279.0,Liga_Desconocida,126.0,0,0,Empate,0
04/02/2024,Villarreal,Cadiz,0,0,D,19,8,4,2,13,2,villarreal,,1900.0,38279.0,Liga_Desconocida,126.0,0,0,Empate,0
04/02/2024,Osasuna,Celta,0,3,A,18,6,1,5,9,1,osasuna,,1900.0,38279.0,Liga_Desconocida,126.0,3,-3,Derrota_Local,2
04/02/2024,Betis,Getafe,1,1,D,9,11,3,2,3,5,betis,,1900.0,38279.0,Liga_Desconocida,126.0,2,0,Empate,0
04/02/2024,Real Madrid,Ath Madrid,1,1,D,17,10,4,5,2,8,madrid,madrid,1903.0,67703.0,Spanish La Liga,123.0,2,0,Empate,1
05/02/2024,Vallecano,Sevilla,1,2,A,22,10,5,6,6,0,vallecano,,1900.0,38279.0,Liga_Desconocida,126.0,3,-1,Derrota_Local,2
09/02/2024,Cadiz,Betis,0,2,A,14,13,5,5,5,3,cadiz,,1900.0,38279.0,Liga_Desconocida,126.0,2,-2,Derrota_Local,2
10/02/2024,Alaves,Villarreal,1,1,D,17,12,4,4,10,9,alaves,alaves,1921.0,19840.0,Spanish La Liga,105.0,2,0,Empate,0
10/02/2024,Sociedad,Osasuna,0,1,A,21,9,3,2,7,4,sociedad,,1900.0,38279.0,Liga_Desconocida,126.0,1,-1,Derrota_Local,0
10/02/2024,Real Madrid,Girona,4,0,H,16,5,6,0,0,2,madrid,madrid,1903.0,67703.0,Spanish La Liga,123.0,4,4,Victoria_Local,1
10/02/2024,Las Palmas,Valencia,2,0,H,8,7,3,1,5,0,las palmas,,1900.0,38279.0,Liga_Desconocida,126.0,2,2,Victoria_Local,0
11/02/2024,Getafe,Celta,3,2,H,11,9,4,4,0,4,getafe,getafe,1946.0,17393.0,Spanish La Liga,80.0,5,1,Victoria_Local,2
11/02/2024,Mallorca,Vallecano,2,1,H,8,11,5,4,5,1,mallorca,,1900.0,38279.0,Liga_Desconocida,126.0,3,1,Victoria_Local,0
11/02/2024,Sevilla,Ath Madrid,1,0,H,10,16,6,5,2,7,sevilla,,1900.0,38279.0,Liga_Desconocida,126.0,1,1,Victoria_Local,0
11/02/2024,Barcelona,Granada,3,3,D,11,11,6,5,6,2,barcelona,barcelona,1899.0,99354.0,Spanish La Liga,127.0,6,0,Empate,1
12/02/2024,Almeria,Ath Bilbao,0,0,D,10,12,4,4,4,10,almeria,,1900.0,38279.0,Liga_Desconocida,126.0,0,0,Empate,0
16/02/2024,Villarreal,Getafe,1,1,D,20,11,7,2,8,3,villarreal,,1900.0,38279.0,Liga_Desconocida,126.0,2,0,Empate,0
17/02/2024,Ath Madrid,Las Palmas,5,0,H,13,11,7,2,3,5,ath madrid,,1900.0,38279.0,Liga_Desconocida,126.0,5,5,Victoria_Local,1
17/02/2024,Osasuna,Cadiz,2,0,H,11,5,4,1,5,4,osasuna,,1900.0,38279.0,Liga_Desconocida,126.0,2,2,Victoria_Local,0
17/02/2024,Celta,Barcelona,1,2,A,13,14,4,4,2,5,celta,,1900.0,38279.0,Liga_Desconocida,126.0,3,-1,Derrota_Local,2
17/02/2024,Valencia,Sevilla,0,0,D,14,1,4,1,7,2,valencia,,1900.0,38279.0,Liga_Desconocida,126.0,0,0,Empate,0
18/02/2024,Vallecano,Real Madrid,1,1,D,8,11,3,4,4,10,vallecano,,1900.0,38279.0,Liga_Desconocida,126.0,2,0,Empate,0
18/02/2024,Granada,Almeria,1,1,D,19,13,7,3,10,4,granada,,1900.0,38279.0,Liga_Desconocida,126.0,2,0,Empate,0
18/02/2024,Mallorca,Sociedad,1,2,A,4,19,1,5,3,9,mallorca,,1900.0,38279.0,Liga_Desconocida,126.0,3,-1,Derrota_Local,2
18/02/2024,Betis,Alaves,0,0,D,13,13,2,4,6,8,betis,,1900.0,38279.0,Liga_Desconocida,126.0,0,0,Empate,0
19/02/2024,Ath Bilbao,Girona,3,2,H,14,12,7,6,3,4,ath bilbao,,1900.0,38279.0,Liga_Desconocida,126.0,5,1,Victoria_Local,1
23/02/2024,Sociedad,Villarreal,1,3,A,21,6,8,4,13,2,sociedad,,1900.0,38279.0,Liga_Desconocida,126.0,4,-2,Derrota_Local,2
24/02/2024,Barcelona,Getafe,4,0,H,17,10,9,4,5,8,barcelona,barcelona,1899.0,99354.0,Spanish La Liga,127.0,4,4,Victoria_Local,1
24/02/2024,Alaves,Mallorca,1,1,D,9,15,1,8,3,3,alaves,alaves,1921.0,19840.0,Spanish La Liga,105.0,2,0,Empate,0
24/02/2024,Almeria,Ath Madrid,2,2,D,9,18,4,9,2,7,almeria,,1900.0,38279.0,Liga_Desconocida,126.0,4,0,Empate,2
25/02/2024,Cadiz,Celta,2,2,D,19,7,6,3,9,1,cadiz,,1900.0,38279.0,Liga_Desconocida,126.0,4,0,Empate,2
25/02/2024,Betis,Ath Bilbao,3,1,H,13,3,5,1,5,3,betis,,1900.0,38279.0,Liga_Desconocida,126.0,4,2,Victoria_Local,1
25/02/2024,Las Palmas,Osasuna,1,1,D,9,6,3,2,6,7,las palmas,,1900.0,38279.0,Liga_Desconocida,126.0,2,0,Empate,0
25/02/2024,Real Madrid,Sevilla,1,0,H,16,4,6,1,7,2,madrid,madrid,1903.0,67703.0,Spanish La Liga,123.0,1,1,Victoria_Local,1
26/02/2024,Girona,Vallecano,3,0,H,14,7,8,1,2,2,girona,,1900.0,38279.0,Liga_Desconocida,126.0,3,3,Victoria_Local,1
01/03/2024,Celta,Almeria,1,0,H,15,3,6,0,7,0,celta,,1900.0,38279.0,Liga_Desconocida,126.0,1,1,Victoria_Local,0
02/03/2024,Sevilla,Sociedad,3,2,H,12,13,5,4,2,5,sevilla,,1900.0,38279.0,Liga_Desconocida,126.0,5,1,Victoria_Local,1
02/03/2024,Vallecano,Cadiz,1,1,D,9,16,5,5,4,9,vallecano,,1900.0,38279.0,Liga_Desconocida,126.0,2,0,Empate,0
02/03/2024,Getafe,Las Palmas,3,3,D,16,14,5,5,4,4,getafe,getafe,1946.0,17393.0,Spanish La Liga,80.0,6,0,Empate,2
02/03/2024,Valencia,Real Madrid,2,2,D,12,10,5,5,2,2,valencia,,1900.0,38279.0,Liga_Desconocida,126.0,4,0,Empate,2
03/03/2024,Villarreal,Granada,5,1,H,16,9,10,3,6,4,villarreal,,1900.0,38279.0,Liga_Desconocida,126.0,6,4,Victoria_Local,1
03/03/2024,Ath Madrid,Betis,2,1,H,17,12,12,6,4,6,ath madrid,,1900.0,38279.0,Liga_Desconocida,126.0,3,1,Victoria_Local,0
03/03/2024,Mallorca,Girona,1,0,H,16,15,2,4,8,5,mallorca,,1900.0,38279.0,Liga_Desconocida,126.0,1,1,Victoria_Local,0
03/03/2024,Ath Bilbao,Barcelona,0,0,D,8,8,2,2,4,4,ath bilbao,,1900.0,38279.0,Liga_Desconocida,126.0,0,0,Empate,0
04/03/2024,Osasuna,Alaves,1,0,H,15,10,4,4,5,5,osasuna,,1900.0,38279.0,Liga_Desconocida,126.0,1,1,Victoria_Local,0
08/03/2024,Barcelona,Mallorca,1,0,H,20,9,6,3,4,1,barcelona,barcelona,1899.0,99354.0,Spanish La Liga,127.0,1,1,Victoria_Local,1
09/03/2024,Valencia,Getafe,1,0,H,10,15,3,5,5,5,valencia,,1900.0,38279.0,Liga_Desconocida,126.0,1,1,Victoria_Local,0
09/03/2024,Cadiz,Ath Madrid,2,0,H,7,8,3,4,3,1,cadiz,,1900.0,38279.0,Liga_Desconocida,126.0,2,2,Victoria_Local,0
09/03/2024,Granada,Sociedad,2,3,A,13,11,6,8,4,6,granada,,1900.0,38279.0,Liga_Desconocida,126.0,5,-1,Derrota_Local,2
09/03/2024,Girona,Osasuna,2,0,H,11,7,6,1,5,7,girona,,1900.0,38279.0,Liga_Desconocida,126.0,2,2,Victoria_Local,0
10/03/2024,Alaves,Vallecano,1,0,H,12,9,4,3,7,5,alaves,alaves,1921.0,19840.0,Spanish La Liga,105.0,1,1,Victoria_Local,0
10/03/2024,Las Palmas,Ath Bilbao,0,2,A,14,7,2,2,10,3,las palmas,,1900.0,38279.0,Liga_Desconocida,126.0,2,-2,Derrota_Local,2
10/03/2024,Real Madrid,Celta,4,0,H,24,11,13,1,12,1,madrid,madrid,1903.0,67703.0,Spanish La Liga,123.0,4,4,Victoria_Local,1
10/03/2024,Betis,Villarreal,2,3,A,13,6,4,4,11,4,betis,,1900.0,38279.0,Liga_Desconocida,126.0,5,-1,Derrota_Local,2
11/03/2024,Almeria,Sevilla,2,2,D,14,19,4,6,1,8,almeria,,1900.0,38279.0,Liga_Desconocida,126.0,4,0,Empate,2
15/03/2024,Sociedad,Cadiz,2,0,H,14,13,6,2,8,2,sociedad,,1900.0,38279.0,Liga_Desconocida,126.0,2,2,Victoria_Local,0
16/03/2024,Mallorca,Granada,1,0,H,18,8,8,3,10,2,mallorca,,1900.0,38279.0,Liga_Desconocida,126.0,1,1,Victoria_Local,0
16/03/2024,Osasuna,Real Madrid,2,4,A,9,17,4,9,5,7,osasuna,,1900.0,38279.0,Liga_Desconocida,126.0,6,-2,Derrota_Local,2
16/03/2024,Getafe,Girona,1,0,H,11,13,3,3,2,5,getafe,getafe,1946.0,17393.0,Spanish La Liga,80.0,1,1,Victoria_Local,0
16/03/2024,Ath Bilbao,Alaves,2,0,H,16,7,4,3,5,4,ath bilbao,,1900.0,38279.0,Liga_Desconocida,126.0,2,2,Victoria_Local,0
17/03/2024,Sevilla,Celta,1,2,A,11,18,4,5,3,8,sevilla,,1900.0,38279.0,Liga_Desconocida,126.0,3,-1,Derrota_Local,2
17/03/2024,Las Palmas,Almeria,0,1,A,21,3,6,2,11,3,las palmas,,1900.0,38279.0,Liga_Desconocida,126.0,1,-1,Derrota_Local,0
17/03/2024,Villarreal,Valencia,1,0,H,13,14,7,7,6,2,villarreal,,1900.0,38279.0,Liga_Desconocida,126.0,1,1,Victoria_Local,0
17/03/2024,Vallecano,Betis,2,0,H,8,11,4,1,4,8,vallecano,,1900.0,38279.0,Liga_Desconocida,126.0,2,2,Victoria_Local,0
17/03/2024,Ath Madrid,Barcelona,0,3,A,12,9,3,5,7,3,ath madrid,,1900.0,38279.0,Liga_Desconocida,126.0,3,-3,Derrota_Local,2
29/03/2024,Cadiz,Granada,1,0,H,13,10,5,2,5,2,cadiz,,1900.0,38279.0,Liga_Desconocida,126.0,1,1,Victoria_Local,0
30/03/2024,Getafe,Sevilla,0,1,A,18,10,5,3,7,3,getafe,getafe,1946.0,17393.0,Spanish La Liga,80.0,1,-1,Derrota_Local,0
30/03/2024,Almeria,Osasuna,0,3,A,12,6,5,4,6,1,almeria,,1900.0,38279.0,Liga_Desconocida,126.0,3,-3,Derrota_Local,2
30/03/2024,Valencia,Mallorca,0,0,D,14,11,5,3,3,3,valencia,,1900.0,38279.0,Liga_Desconocida,126.0,0,0,Empate,0
30/03/2024,Barcelona,Las Palmas,1,0,H,14,8,2,0,6,1,barcelona,barcelona,1899.0,99354.0,Spanish La Liga,127.0,1,1,Victoria_Local,1
31/03/2024,Celta,Vallecano,0,0,D,13,8,0,2,3,2,celta,,1900.0,38279.0,Liga_Desconocida,126.0,0,0,Empate,0
31/03/2024,Girona,Betis,3,2,H,9,7,5,4,5,4,girona,,1900.0,38279.0,Liga_Desconocida,126.0,5,1,Victoria_Local,1
31/03/2024,Alaves,Sociedad,0,1,A,3,12,0,3,3,8,alaves,alaves,1921.0,19840.0,Spanish La Liga,105.0,1,-1,Derrota_Local,0
31/03/2024,Real Madrid,Ath Bilbao,2,0,H,9,7,4,3,4,7,madrid,madrid,1903.0,67703.0,Spanish La Liga,123.0,2,2,Victoria_Local,1
01/04/2024,Villarreal,Ath Madrid,1,2,A,11,14,2,8,3,3,villarreal,,1900.0,38279.0,Liga_Desconocida,126.0,3,-1,Derrota_Local,2
04/04/2024,Granada,Valencia,0,1,A,13,6,3,2,5,4,granada,,1900.0,38279.0,Liga_Desconocida,126.0,1,-1,Derrota_Local,0
12/04/2024,Betis,Celta,2,1,H,15,12,3,5,6,5,betis,,1900.0,38279.0,Liga_Desconocida,126.0,3,1,Victoria_Local,0
13/04/2024,Ath Madrid,Girona,3,1,H,17,12,4,5,2,0,ath madrid,,1900.0,38279.0,Liga_Desconocida,126.0,4,2,Victoria_Local,1
13/04/2024,Vallecano,Getafe,0,0,D,11,7,2,0,3,0,vallecano,,1900.0,38279.0,Liga_Desconocida,126.0,0,0,Empate,0
13/04/2024,Mallorca,Real Madrid,0,1,A,6,16,2,9,4,2,mallorca,,1900.0,38279.0,Liga_Desconocida,126.0,1,-1,Derrota_Local,0
13/04/2024,Cadiz,Barcelona,0,1,A,14,12,3,2,8,4,cadiz,,1900.0,38279.0,Liga_Desconocida,126.0,1,-1,Derrota_Local,0
14/04/2024,Las Palmas,Sevilla,0,2,A,5,10,2,3,6,2,las palmas,,1900.0,38279.0,Liga_Desconocida,126.0,2,-2,Derrota_Local,2
14/04/2024,Granada,Alaves,2,0,H,9,8,3,3,1,5,granada,,1900.0,38279.0,Liga_Desconocida,126.0,2,2,Victoria_Local,0
14/04/2024,Ath Bilbao,Villarreal,1,1,D,13,10,6,2,3,1,ath bilbao,,1900.0,38279.0,Liga_Desconocida,126.0,2,0,Empate,0
14/04/2024,Sociedad,Almeria,2,2,D,17,7,4,3,5,1,sociedad,,1900.0,38279.0,Liga_Desconocida,126.0,4,0,Empate,2
15/04/2024,Osasuna,Valencia,0,1,A,13,4,2,3,4,1,osasuna,,1900.0,38279.0,Liga_Desconocida,126.0,1,-1,Derrota_Local,0
19/04/2024,Ath Bilbao,Granada,1,1,D,17,5,6,0,11,4,ath bilbao,,1900.0,38279.0,Liga_Desconocida,126.0,2,0,Empate,0
20/04/2024,Celta,Las Palmas,4,1,H,21,9,13,4,8,4,celta,,1900.0,38279.0,Liga_Desconocida,126.0,5,3,Victoria_Local,1
20/04/2024,Vallecano,Osasuna,2,1,H,17,6,6,2,5,1,vallecano,,1900.0,38279.0,Liga_Desconocida,126.0,3,1,Victoria_Local,0
20/04/2024,Valencia,Betis,1,2,A,8,12,5,6,7,6,valencia,,1900.0,38279.0,Liga_Desconocida,126.0,3,-1,Derrota_Local,2
20/04/2024,Girona,Cadiz,4,1,H,10,12,5,5,2,4,girona,,1900.0,38279.0,Liga_Desconocida,126.0,5,3,Victoria_Local,1
21/04/2024,Getafe,Sociedad,1,1,D,6,7,4,3,0,4,getafe,getafe,1946.0,17393.0,Spanish La Liga,80.0,2,0,Empate,0
21/04/2024,Almeria,Villarreal,1,2,A,24,11,5,3,5,2,almeria,,1900.0,38279.0,Liga_Desconocida,126.0,3,-1,Derrota_Local,2
21/04/2024,Alaves,Ath Madrid,2,0,H,8,15,3,4,1,11,alaves,alaves,1921.0,19840.0,Spanish La Liga,105.0,2,2,Victoria_Local,0
21/04/2024,Real Madrid,Barcelona,3,2,H,14,14,8,6,2,8,madrid,madrid,1903.0,67703.0,Spanish La Liga,123.0,5,1,Victoria_Local,1
22/04/2024,Sevilla,Mallorca,2,1,H,11,8,4,6,4,4,sevilla,,1900.0,38279.0,Liga_Desconocida,126.0,3,1,Victoria_Local,0
26/04/2024,Sociedad,Real Madrid,0,1,A,9,5,3,3,11,3,sociedad,,1900.0,38279.0,Liga_Desconocida,126.0,1,-1,Derrota_Local,0
27/04/2024,Las Palmas,Girona,0,2,A,10,6,5,3,4,2,las palmas,,1900.0,38279.0,Liga_Desconocida,126.0,2,-2,Derrota_Local,2
27/04/2024,Almeria,Getafe,1,3,A,21,8,11,5,9,2,almeria,,1900.0,38279.0,Liga_Desconocida,126.0,4,-2,Derrota_Local,2
27/04/2024,Alaves,Celta,3,0,H,16,4,8,0,8,3,alaves,alaves,1921.0,19840.0,Spanish La Liga,105.0,3,3,Victoria_Local,0
27/04/2024,Ath Madrid,Ath Bilbao,3,1,H,8,7,3,1,3,5,ath madrid,,1900.0,38279.0,Liga_Desconocida,126.0,4,2,Victoria_Local,1
28/04/2024,Cadiz,Mallorca,1,1,D,10,9,2,2,3,1,cadiz,,1900.0,38279.0,Liga_Desconocida,126.0,2,0,Empate,0
28/04/2024,Granada,Osasuna,3,0,H,12,11,4,2,0,6,granada,,1900.0,38279.0,Liga_Desconocida,126.0,3,3,Victoria_Local,1
28/04/2024,Villarreal,Vallecano,3,0,H,15,20,7,4,3,6,villarreal,,1900.0,38279.0,Liga_Desconocida,126.0,3,3,Victoria_Local,1
28/04/2024,Betis,Sevilla,1,1,D,15,10,5,1,4,6,betis,,1900.0,38279.0,Liga_Desconocida,126.0,2,0,Empate,0
29/04/2024,Barcelona,Valencia,4,2,H,27,5,13,3,15,1,barcelona,barcelona,1899.0,99354.0,Spanish La Liga,127.0,6,2,Victoria_Local,1
03/05/2024,Getafe,Ath Bilbao,0,2,A,34,7,9,2,10,6,getafe,getafe,1946.0,17393.0,Spanish La Liga,80.0,2,-2,Derrota_Local,2
04/05/2024,Sociedad,Las Palmas,2,0,H,9,7,4,1,7,2,sociedad,,1900.0,38279.0,Liga_Desconocida,126.0,2,2,Victoria_Local,0
04/05/2024,Real Madrid,Cadiz,3,0,H,19,7,9,2,7,4,madrid,madrid,1903.0,67703.0,Spanish La Liga,123.0,3,3,Victoria_Local,1
04/05/2024,Girona,Barcelona,4,2,H,9,16,7,7,5,4,girona,,1900.0,38279.0,Liga_Desconocida,126.0,6,2,Victoria_Local,1
04/05/2024,Mallorca,Ath Madrid,0,1,A,7,9,4,4,6,2,mallorca,,1900.0,38279.0,Liga_Desconocida,126.0,1,-1,Derrota_Local,0
05/05/2024,Osasuna,Betis,0,2,A,12,10,2,4,8,5,osasuna,,1900.0,38279.0,Liga_Desconocida,126.0,2,-2,Derrota_Local,2
05/05/2024,Celta,Villarreal,3,2,H,23,11,7,3,2,1,celta,,1900.0,38279.0,Liga_Desconocida,126.0,5,1,Victoria_Local,1
05/05/2024,Valencia,Alaves,0,1,A,13,14,1,4,5,7,valencia,,1900.0,38279.0,Liga_Desconocida,126.0,1,-1,Derrota_Local,0
05/05/2024,Sevilla,Granada,3,0,H,11,8,5,3,5,4,sevilla,,1900.0,38279.0,Liga_Desconocida,126.0,3,3,Victoria_Local,1
05/05/2024,Vallecano,Almeria,0,1,A,27,7,10,2,9,2,vallecano,,1900.0,38279.0,Liga_Desconocida,126.0,1,-1,Derrota_Local,0
10/05/2024,Alaves,Girona,2,2,D,14,15,8,5,5,3,alaves,alaves,1921.0,19840.0,Spanish La Liga,105.0,4,0,Empate,2
11/05/2024,Mallorca,Las Palmas,1,0,H,7,7,2,1,2,2,mallorca,,1900.0,38279.0,Liga_Desconocida,126.0,1,1,Victoria_Local,0
11/05/2024,Villarreal,Sevilla,3,2,H,25,8,7,4,10,1,villarreal,,1900.0,38279.0,Liga_Desconocida,126.0,5,1,Victoria_Local,1
11/05/2024,Granada,Real Madrid,0,4,A,12,13,1,7,8,5,granada,,1900.0,38279.0,Liga_Desconocida,126.0,4,-4,Derrota_Local,2
11/05/2024,Ath Bilbao,Osasuna,2,2,D,15,13,6,3,8,6,ath bilbao,,1900.0,38279.0,Liga_Desconocida,126.0,4,0,Empate,2
12/05/2024,Cadiz,Getafe,1,0,H,13,10,6,4,6,2,cadiz,,1900.0,38279.0,Liga_Desconocida,126.0,1,1,Victoria_Local,0
12/05/2024,Ath Madrid,Celta,1,0,H,21,6,8,2,4,7,ath madrid,,1900.0,38279.0,Liga_Desconocida,126.0,1,1,Victoria_Local,0
12/05/2024,Valencia,Vallecano,0,0,D,13,12,5,1,6,3,valencia,,1900.0,38279.0,Liga_Desconocida,126.0,0,0,Empate,0
12/05/2024,Betis,Almeria,3,2,H,14,14,7,7,3,5,betis,,1900.0,38279.0,Liga_Desconocida,126.0,5,1,Victoria_Local,1
13/05/2024,Barcelona,Sociedad,2,0,H,14,10,5,3,6,2,barcelona,barcelona,1899.0,99354.0,Spanish La Liga,127.0,2,2,Victoria_Local,1
14/05/2024,Osasuna,Mallorca,1,1,D,10,10,4,4,2,4,osasuna,,1900.0,38279.0,Liga_Desconocida,126.0,2,0,Empate,0
14/05/2024,Real Madrid,Alaves,5,0,H,22,18,11,10,4,1,madrid,madrid,1903.0,67703.0,Spanish La Liga,123.0,5,5,Victoria_Local,1
14/05/2024,Girona,Villarreal,0,1,A,22,11,5,3,5,1,girona,,1900.0,38279.0,Liga_Desconocida,126.0,1,-1,Derrota_Local,0
15/05/2024,Sevilla,Cadiz,0,1,A,14,19,3,7,1,9,sevilla,,1900.0,38279.0,Liga_Desconocida,126.0,1,-1,Derrota_Local,0
15/05/2024,Vallecano,Granada,2,1,H,18,10,9,1,6,6,vallecano,,1900.0,38279.0,Liga_Desconocida,126.0,3,1,Victoria_Local,0
15/05/2024,Celta,Ath Bilbao,2,1,H,10,7,4,2,2,3,celta,,1900.0,38279.0,Liga_Desconocida,126.0,3,1,Victoria_Local,0
15/05/2024,Getafe,Ath Madrid,0,3,A,8,7,3,3,6,3,getafe,getafe,1946.0,17393.0,Spanish La Liga,80.0,3,-3,Derrota_Local,2
16/05/2024,Las Palmas,Betis,2,2,D,16,6,9,4,4,8,las palmas,,1900.0,38279.0,Liga_Desconocida,126.0,4,0,Empate,2
16/05/2024,Almeria,Barcelona,0,2,A,12,16,3,7,4,7,almeria,,1900.0,38279.0,Liga_Desconocida,126.0,2,-2,Derrota_Local,2
16/05/2024,Sociedad,Valencia,1,0,H,10,7,5,3,3,3,sociedad,,1900.0,38279.0,Liga_Desconocida,126.0,1,1,Victoria_Local,0
18/05/2024,Alaves,Getafe,1,0,H,9,10,2,4,2,1,alaves,alaves,1921.0,19840.0,Spanish La Liga,105.0,1,1,Victoria_Local,0
19/05/2024,Ath Bilbao,Sevilla,2,0,H,15,9,6,4,8,3,ath bilbao,,1900.0,38279.0,Liga_Desconocida,126.0,2,2,Victoria_Local,0
19/05/2024,Ath Madrid,Osasuna,1,4,A,15,15,2,6,7,5,ath madrid,,1900.0,38279.0,Liga_Desconocida,126.0,5,-3,Derrota_Local,2
19/05/2024,Barcelona,Vallecano,3,0,H,14,15,6,4,7,5,barcelona,barcelona,1899.0,99354.0,Spanish La Liga,127.0,3,3,Victoria_Local,1
19/05/2024,Betis,Sociedad,0,2,A,18,5,9,2,6,2,betis,,1900.0,38279.0,Liga_Desconocida,126.0,2,-2,Derrota_Local,2
19/05/2024,Cadiz,Las Palmas,0,0,D,10,9,3,1,5,3,cadiz,,1900.0,38279.0,Liga_Desconocida,126.0,0,0,Empate,0
19/05/2024,Granada,Celta,1,2,A,11,8,3,5,10,2,granada,,1900.0,38279.0,Liga_Desconocida,126.0,3,-1,Derrota_Local,2
19/05/2024,Mallorca,Almeria,2,2,D,29,7,8,3,12,2,mallorca,,1900.0,38279.0,Liga_Desconocida,126.0,4,0,Empate,2
19/05/2024,Valencia,Girona,1,3,A,20,18,6,5,5,4,valencia,,1900.0,38279.0,Liga_Desconocida,126.0,4,-2,Derrota_Local,2
19/05/2024,Villarreal,Real Madrid,4,4,D,21,12,7,6,3,3,villarreal,,1900.0,38279.0,Liga_Desconocida,126.0,8,0,Empate,2
24/05/2024,Girona,Granada,7,0,H,16,10,9,2,4,2,girona,,1900.0,38279.0,Liga_Desconocida,126.0,7,7,Victoria_Local,1
25/05/2024,Osasuna,Villarreal,1,1,D,12,11,6,3,6,4,osasuna,,1900.0,38279.0,Liga_Desconocida,126.0,2,0,Empate,0
25/05/2024,Sociedad,Ath Madrid,0,2,A,14,10,4,4,8,4,sociedad,,1900.0,38279.0,Liga_Desconocida,126.0,2,-2,Derrota_Local,2
25/05/2024,Almeria,Cadiz,6,1,H,27,12,12,4,1,4,almeria,,1900.0,38279.0,Liga_Desconocida,126.0,7,5,Victoria_Local,1
25/05/2024,Vallecano,Ath Bilbao,0,1,A,17,7,4,1,8,2,vallecano,,1900.0,38279.0,Liga_Desconocida,126.0,1,-1,Derrota_Local,0
25/05/2024,Real Madrid,Betis,0,0,D,13,11,5,3,4,5,madrid,madrid,1903.0,67703.0,Spanish La Liga,123.0,0,0,Empate,0
26/05/2024,Getafe,Mallorca,1,2,A,16,9,6,4,3,4,getafe,getafe,1946.0,17393.0,Spanish La Liga,80.0,3,-1,Derrota_Local,2
26/05/2024,Celta,Valencia,2,2,D,9,12,4,1,2,2,celta,,1900.0,38279.0,Liga_Desconocida,126.0,4,0,Empate,2
26/05/2024,Las Palmas,Alaves,1,1,D,10,14,4,4,2,6,las palmas,,1900.0,38279.0,Liga_Desconocida,126.0,2,0,Empate,0
26/05/2024,Sevilla,Barcelona,1,2,A,15,11,6,6,6,5,sevilla,,1900.0,38279.0,Liga_Desconocida,126.0,3,-1,Derrota_Local,2
12/08/2022,Osasuna,Sevilla,2,1,H,12,10,5,3,5,2,osasuna,,1900.0,38279.0,Liga_Desconocida,126.0,3,1,Victoria_Local,0
13/08/2022,Celta,Espanol,2,2,D,8,10,3,2,3,3,celta,,1900.0,38279.0,Liga_Desconocida,126.0,4,0,Empate,2
13/08/2022,Valladolid,Villarreal,0,3,A,12,10,6,4,4,5,valladolid,,1900.0,38279.0,Liga_Desconocida,126.0,3,-3,Derrota_Local,2
13/08/2022,Barcelona,Vallecano,0,0,D,21,4,6,2,8,0,barcelona,barcelona,1899.0,99354.0,Spanish La Liga,127.0,0,0,Empate,1
14/08/2022,Cadiz,Sociedad,0,1,A,7,15,2,7,3,6,cadiz,,1900.0,38279.0,Liga_Desconocida,126.0,1,-1,Derrota_Local,0
14/08/2022,Valencia,Girona,1,0,H,17,5,2,1,4,4,valencia,,1900.0,38279.0,Liga_Desconocida,126.0,1,1,Victoria_Local,0
14/08/2022,Almeria,Real Madrid,1,2,A,10,29,6,15,2,15,almeria,,1900.0,38279.0,Liga_Desconocida,126.0,3,-1,Derrota_Local,2
15/08/2022,Ath Bilbao,Mallorca,0,0,D,23,6,6,2,7,2,ath bilbao,,1900.0,38279.0,Liga_Desconocida,126.0,0,0,Empate,0
15/08/2022,Getafe,Ath Madrid,0,3,A,10,12,0,5,3,6,getafe,getafe,1946.0,17393.0,Spanish La Liga,80.0,3,-3,Derrota_Local,2
15/08/2022,Betis,Elche,3,0,H,17,4,8,2,8,4,betis,,1900.0,38279.0,Liga_Desconocida,126.0,3,3,Victoria_Local,1
19/08/2022,Espanol,Vallecano,0,2,A,13,8,1,3,9,2,espanol,,1900.0,38279.0,Liga_Desconocida,126.0,2,-2,Derrota_Local,2
19/08/2022,Sevilla,Valladolid,1,1,D,18,6,2,3,12,2,sevilla,,1900.0,38279.0,Liga_Desconocida,126.0,2,0,Empate,0
20/08/2022,Osasuna,Cadiz,2,0,H,16,9,3,2,2,2,osasuna,,1900.0,38279.0,Liga_Desconocida,126.0,2,2,Victoria_Local,0
20/08/2022,Mallorca,Betis,1,2,A,13,8,7,3,5,2,mallorca,,1900.0,38279.0,Liga_Desconocida,126.0,3,-1,Derrota_Local,2
20/08/2022,Celta,Real Madrid,1,4,A,15,16,2,7,2,2,celta,,1900.0,38279.0,Liga_Desconocida,126.0,5,-3,Derrota_Local,2
21/08/2022,Ath Bilbao,Valencia,1,0,H,12,10,2,0,6,3,ath bilbao,,1900.0,38279.0,Liga_Desconocida,126.0,1,1,Victoria_Local,0
21/08/2022,Ath Madrid,Villarreal,0,2,A,13,19,5,5,5,6,ath madrid,,1900.0,38279.0,Liga_Desconocida,126.0,2,-2,Derrota_Local,2
21/08/2022,Sociedad,Barcelona,1,4,A,10,15,5,7,3,6,sociedad,,1900.0,38279.0,Liga_Desconocida,126.0,5,-3,Derrota_Local,2
22/08/2022,Elche,Almeria,1,1,D,13,12,3,7,6,5,elche,elche,1923.0,36017.0,Spanish La Liga,103.0,2,0,Empate,0
22/08/2022,Girona,Getafe,3,1,H,12,7,6,3,5,2,girona,,1900.0,38279.0,Liga_Desconocida,126.0,4,2,Victoria_Local,1
26/08/2022,Girona,Celta,0,1,A,11,11,3,6,2,4,girona,,1900.0,38279.0,Liga_Desconocida,126.0,1,-1,Derrota_Local,0
26/08/2022,Betis,Osasuna,1,0,H,7,12,1,2,2,4,betis,,1900.0,38279.0,Liga_Desconocida,126.0,1,1,Victoria_Local,0
27/08/2022,Elche,Sociedad,0,1,A,12,9,5,5,4,6,elche,elche,1923.0,36017.0,Spanish La Liga,103.0,1,-1,Derrota_Local,0
27/08/2022,Vallecano,Mallorca,0,2,A,15,9,0,4,7,3,vallecano,,1900.0,38279.0,Liga_Desconocida,126.0,2,-2,Derrota_Local,2
27/08/2022,Almeria,Sevilla,2,1,H,11,13,5,5,5,2,almeria,,1900.0,38279.0,Liga_Desconocida,126.0,3,1,Victoria_Local,0
28/08/2022,Getafe,Villarreal,0,0,D,8,11,2,6,1,4,getafe,getafe,1946.0,17393.0,Spanish La Liga,80.0,0,0,Empate,0
28/08/2022,Barcelona,Valladolid,4,0,H,24,8,9,3,14,4,barcelona,barcelona,1899.0,99354.0,Spanish La Liga,127.0,4,4,Victoria_Local,1
28/08/2022,Espanol,Real Madrid,1,3,A,15,19,4,6,7,7,espanol,,1900.0,38279.0,Liga_Desconocida,126.0,4,-2,Derrota_Local,2
29/08/2022,Cadiz,Ath Bilbao,0,4,A,9,20,3,8,0,6,cadiz,,1900.0,38279.0,Liga_Desconocida,126.0,4,-4,Derrota_Local,2
29/08/2022,Valencia,Ath Madrid,0,1,A,12,13,2,7,6,2,valencia,,1900.0,38279.0,Liga_Desconocida,126.0,1,-1,Derrota_Local,0
02/09/2022,Celta,Cadiz,3,0,H,9,7,5,0,2,2,celta,,1900.0,38279.0,Liga_Desconocida,126.0,3,3,Victoria_Local,1
03/09/2022,Mallorca,Girona,1,1,D,10,10,4,4,6,3,mallorca,,1900.0,38279.0,Liga_Desconocida,126.0,2,0,Empate,0
03/09/2022,Real Madrid,Betis,2,1,H,22,8,4,4,9,2,madrid,madrid,1903.0,67703.0,Spanish La Liga,123.0,3,1,Victoria_Local,1
03/09/2022,Sociedad,Ath Madrid,1,1,D,12,15,5,7,7,7,sociedad,,1900.0,38279.0,Liga_Desconocida,126.0,2,0,Empate,0
03/09/2022,Sevilla,Barcelona,0,3,A,9,18,4,7,4,4,sevilla,,1900.0,38279.0,Liga_Desconocida,126.0,3,-3,Derrota_Local,2
04/09/2022,Osasuna,Vallecano,2,1,H,13,5,6,3,4,0,osasuna,,1900.0,38279.0,Liga_Desconocida,126.0,3,1,Victoria_Local,0
04/09/2022,Ath Bilbao,Espanol,0,1,A,17,9,2,2,4,2,ath bilbao,,1900.0,38279.0,Liga_Desconocida,126.0,1,-1,Derrota_Local,0
04/09/2022,Villarreal,Elche,4,0,H,18,7,10,0,6,4,villarreal,,1900.0,38279.0,Liga_Desconocida,126.0,4,4,Victoria_Local,1
04/09/2022,Valencia,Getafe,5,1,H,24,7,9,4,9,1,valencia,,1900.0,38279.0,Liga_Desconocida,126.0,6,4,Victoria_Local,1
05/09/2022,Valladolid,Almeria,1,0,H,14,12,6,1,2,8,valladolid,,1900.0,38279.0,Liga_Desconocida,126.0,1,1,Victoria_Local,0
09/09/2022,Girona,Valladolid,2,1,H,14,14,5,4,3,12,girona,,1900.0,38279.0,Liga_Desconocida,126.0,3,1,Victoria_Local,0
10/09/2022,Vallecano,Valencia,2,1,H,14,17,6,4,7,7,vallecano,,1900.0,38279.0,Liga_Desconocida,126.0,3,1,Victoria_Local,0
10/09/2022,Espanol,Sevilla,2,3,A,19,11,5,7,9,3,espanol,,1900.0,38279.0,Liga_Desconocida,126.0,5,-1,Derrota_Local,2
10/09/2022,Cadiz,Barcelona,0,4,A,6,16,0,8,5,6,cadiz,,1900.0,38279.0,Liga_Desconocida,126.0,4,-4,Derrota_Local,2
10/09/2022,Ath Madrid,Celta,4,1,H,10,14,4,3,4,7,ath madrid,,1900.0,38279.0,Liga_Desconocida,126.0,5,3,Victoria_Local,1
11/09/2022,Real Madrid,Mallorca,4,1,H,22,5,7,2,4,3,madrid,madrid,1903.0,67703.0,Spanish La Liga,123.0,5,3,Victoria_Local,1
11/09/2022,Elche,Ath Bilbao,1,4,A,9,16,2,8,5,5,elche,elche,1923.0,36017.0,Spanish La Liga,103.0,5,-3,Derrota_Local,2
11/09/2022,Getafe,Sociedad,2,1,H,8,13,3,6,3,7,getafe,getafe,1946.0,17393.0,Spanish La Liga,80.0,3,1,Victoria_Local,0
11/09/2022,Betis,Villarreal,1,0,H,16,14,5,3,9,8,betis,,1900.0,38279.0,Liga_Desconocida,126.0,1,1,Victoria_Local,0
12/09/2022,Almeria,Osasuna,0,1,A,7,15,2,4,5,10,almeria,,1900.0,38279.0,Liga_Desconocida,126.0,1,-1,Derrota_Local,0
16/09/2022,Valladolid,Cadiz,0,1,A,18,7,6,1,8,2,valladolid,,1900.0,38279.0,Liga_Desconocida,126.0,1,-1,Derrota_Local,0
17/09/2022,Mallorca,Almeria,1,0,H,5,9,2,3,5,2,mallorca,,1900.0,38279.0,Liga_Desconocida,126.0,1,1,Victoria_Local,0
17/09/2022,Barcelona,Elche,3,0,H,25,1,9,1,6,0,barcelona,barcelona,1899.0,99354.0,Spanish La Liga,127.0,3,3,Victoria_Local,1
17/09/2022,Valencia,Celta,3,0,H,14,6,7,2,5,4,valencia,,1900.0,38279.0,Liga_Desconocida,126.0,3,3,Victoria_Local,1
17/09/2022,Ath Bilbao,Vallecano,3,2,H,14,11,7,2,2,7,ath bilbao,,1900.0,38279.0,Liga_Desconocida,126.0,5,1,Victoria_Local,1
18/09/2022,Osasuna,Getafe,0,2,A,12,10,4,4,8,1,osasuna,,1900.0,38279.0,Liga_Desconocida,126.0,2,-2,Derrota_Local,2
18/09/2022,Villarreal,Sevilla,1,1,D,17,12,7,1,6,4,villarreal,,1900.0,38279.0,Liga_Desconocida,126.0,2,0,Empate,0
18/09/2022,Betis,Girona,2,1,H,9,8,3,3,2,4,betis,,1900.0,38279.0,Liga_Desconocida,126.0,3,1,Victoria_Local,0
18/09/2022,Sociedad,Espanol,2,1,H,14,14,6,4,4,2,sociedad,,1900.0,38279.0,Liga_Desconocida,126.0,3,1,Victoria_Local,0
18/09/2022,Ath Madrid,Real Madrid,1,2,A,12,6,5,3,8,1,ath madrid,,1900.0,38279.0,Liga_Desconocida,126.0,3,-1,Derrota_Local,2
30/09/2022,Ath Bilbao,Almeria,4,0,H,17,8,4,2,11,2,ath bilbao,,1900.0,38279.0,Liga_Desconocida,126.0,4,4,Victoria_Local,1
01/10/2022,Cadiz,Villarreal,0,0,D,10,14,2,6,6,5,cadiz,,1900.0,38279.0,Liga_Desconocida,126.0,0,0,Empate,0
01/10/2022,Getafe,Valladolid,2,3,A,14,14,6,7,4,2,getafe,getafe,1946.0,17393.0,Spanish La Liga,80.0,5,-1,Derrota_Local,2
01/10/2022,Sevilla,Ath Madrid,0,2,A,14,20,3,6,5,7,sevilla,,1900.0,38279.0,Liga_Desconocida,126.0,2,-2,Derrota_Local,2
01/10/2022,Mallorca,Barcelona,0,1,A,13,11,3,3,5,5,mallorca,,1900.0,38279.0,Liga_Desconocida,126.0,1,-1,Derrota_Local,0
02/10/2022,Espanol,Valencia,2,2,D,10,12,5,5,6,4,espanol,,1900.0,38279.0,Liga_Desconocida,126.0,4,0,Empate,2
02/10/2022,Celta,Betis,1,0,H,11,9,4,4,5,3,celta,,1900.0,38279.0,Liga_Desconocida,126.0,1,1,Victoria_Local,0
02/10/2022,Girona,Sociedad,3,5,A,16,11,8,5,2,2,girona,,1900.0,38279.0,Liga_Desconocida,126.0,8,-2,Derrota_Local,2
02/10/2022,Real Madrid,Osasuna,1,1,D,22,8,4,2,10,2,madrid,madrid,1903.0,67703.0,Spanish La Liga,123.0,2,0,Empate,1
03/10/2022,Vallecano,Elche,2,1,H,15,5,6,2,13,3,vallecano,,1900.0,38279.0,Liga_Desconocida,126.0,3,1,Victoria_Local,0
07/10/2022,Osasuna,Valencia,1,2,A,11,15,2,7,7,5,osasuna,,1900.0,38279.0,Liga_Desconocida,126.0,3,-1,Derrota_Local,2
08/10/2022,Almeria,Vallecano,3,1,H,10,12,4,4,7,6,almeria,,1900.0,38279.0,Liga_Desconocida,126.0,4,2,Victoria_Local,1
08/10/2022,Ath Madrid,Girona,2,1,H,13,11,7,4,8,3,ath madrid,,1900.0,38279.0,Liga_Desconocida,126.0,3,1,Victoria_Local,0
08/10/2022,Sevilla,Ath Bilbao,1,1,D,10,21,3,4,5,7,sevilla,,1900.0,38279.0,Liga_Desconocida,126.0,2,0,Empate,0
08/10/2022,Getafe,Real Madrid,0,1,A,9,19,2,4,4,4,getafe,getafe,1946.0,17393.0,Spanish La Liga,80.0,1,-1,Derrota_Local,0
09/10/2022,Valladolid,Betis,0,0,D,12,4,3,1,3,1,valladolid,,1900.0,38279.0,Liga_Desconocida,126.0,0,0,Empate,0
09/10/2022,Cadiz,Espanol,2,2,D,8,9,3,6,8,3,cadiz,,1900.0,38279.0,Liga_Desconocida,126.0,4,0,Empate,2
09/10/2022,Sociedad,Villarreal,1,0,H,17,5,5,1,9,3,sociedad,,1900.0,38279.0,Liga_Desconocida,126.0,1,1,Victoria_Local,0
09/10/2022,Barcelona,Celta,1,0,H,13,14,5,3,6,3,barcelona,barcelona,1899.0,99354.0,Spanish La Liga,127.0,1,1,Victoria_Local,1
10/10/2022,Elche,Mallorca,1,1,D,7,11,2,4,5,7,elche,elche,1923.0,36017.0,Spanish La Liga,103.0,2,0,Empate,0
14/10/2022,Vallecano,Getafe,0,0,D,16,6,3,3,4,1,vallecano,,1900.0,38279.0,Liga_Desconocida,126.0,0,0,Empate,0
15/10/2022,Girona,Cadiz,1,1,D,23,9,6,2,6,2,girona,,1900.0,38279.0,Liga_Desconocida,126.0,2,0,Empate,0
15/10/2022,Valencia,Elche,2,2,D,20,8,8,6,6,1,valencia,,1900.0,38279.0,Liga_Desconocida,126.0,4,0,Empate,2
15/10/2022,Mallorca,Sevilla,0,1,A,9,4,5,1,1,3,mallorca,,1900.0,38279.0,Liga_Desconocida,126.0,1,-1,Derrota_Local,0
15/10/2022,Ath Bilbao,Ath Madrid,0,1,A,13,3,3,1,6,1,ath bilbao,,1900.0,38279.0,Liga_Desconocida,126.0,1,-1,Derrota_Local,0
16/10/2022,Celta,Sociedad,1,2,A,10,8,3,6,1,6,celta,,1900.0,38279.0,Liga_Desconocida,126.0,3,-1,Derrota_Local,2
16/10/2022,Real Madrid,Barcelona,3,1,H,8,18,4,5,2,3,madrid,madrid,1903.0,67703.0,Spanish La Liga,123.0,4,2,Victoria_Local,1
16/10/2022,Espanol,Valladolid,1,0,H,15,14,3,2,6,4,espanol,,1900.0,38279.0,Liga_Desconocida,126.0,1,1,Victoria_Local,0
16/10/2022,Betis,Almeria,3,1,H,15,12,6,5,9,3,betis,,1900.0,38279.0,Liga_Desconocida,126.0,4,2,Victoria_Local,1
17/10/2022,Villarreal,Osasuna,2,0,H,12,14,9,3,8,4,villarreal,,1900.0,38279.0,Liga_Desconocida,126.0,2,2,Victoria_Local,0
18/10/2022,Sevilla,Valencia,1,1,D,18,13,5,5,11,6,sevilla,,1900.0,38279.0,Liga_Desconocida,126.0,2,0,Empate,0
18/10/2022,Getafe,Ath Bilbao,2,2,D,11,14,4,4,7,4,getafe,getafe,1946.0,17393.0,Spanish La Liga,80.0,4,0,Empate,2
18/10/2022,Ath Madrid,Vallecano,1,1,D,12,14,4,4,3,4,ath madrid,,1900.0,38279.0,Liga_Desconocida,126.0,2,0,Empate,0
19/10/2022,Cadiz,Betis,0,0,D,13,12,3,3,4,9,cadiz,,1900.0,38279.0,Liga_Desconocida,126.0,0,0,Empate,0
19/10/2022,Valladolid,Celta,4,1,H,9,22,7,5,3,7,valladolid,,1900.0,38279.0,Liga_Desconocida,126.0,5,3,Victoria_Local,1
19/10/2022,Sociedad,Mallorca,1,0,H,14,12,7,3,10,7,sociedad,,1900.0,38279.0,Liga_Desconocida,126.0,1,1,Victoria_Local,0
19/10/2022,Elche,Real Madrid,0,3,A,10,10,3,7,8,2,elche,elche,1923.0,36017.0,Spanish La Liga,103.0,3,-3,Derrota_Local,2
20/10/2022,Almeria,Girona,3,2,H,13,14,7,5,4,5,almeria,,1900.0,38279.0,Liga_Desconocida,126.0,5,1,Victoria_Local,1
20/10/2022,Osasuna,Espanol,1,0,H,17,5,5,3,9,2,osasuna,,1900.0,38279.0,Liga_Desconocida,126.0,1,1,Victoria_Local,0
20/10/2022,Barcelona,Villarreal,3,0,H,16,5,5,1,8,0,barcelona,barcelona,1899.0,99354.0,Spanish La Liga,127.0,3,3,Victoria_Local,1
22/10/2022,Vallecano,Cadiz,5,1,H,28,3,11,0,10,1,vallecano,,1900.0,38279.0,Liga_Desconocida,126.0,6,4,Victoria_Local,1
22/10/2022,Valladolid,Sociedad,1,0,H,9,20,2,2,4,10,valladolid,,1900.0,38279.0,Liga_Desconocida,126.0,1,1,Victoria_Local,0
22/10/2022,Valencia,Mallorca,1,2,A,13,10,3,5,5,3,valencia,,1900.0,38279.0,Liga_Desconocida,126.0,3,-1,Derrota_Local,2
22/10/2022,Real Madrid,Sevilla,3,1,H,18,9,6,2,4,3,madrid,madrid,1903.0,67703.0,Spanish La Liga,123.0,4,2,Victoria_Local,1
23/10/2022,Espanol,Elche,2,2,D,13,9,5,4,5,3,espanol,,1900.0,38279.0,Liga_Desconocida,126.0,4,0,Empate,2
23/10/2022,Betis,Ath Madrid,1,2,A,17,9,4,3,7,4,betis,,1900.0,38279.0,Liga_Desconocida,126.0,3,-1,Derrota_Local,2
23/10/2022,Girona,Osasuna,1,1,D,7,9,1,2,3,5,girona,,1900.0,38279.0,Liga_Desconocida,126.0,2,0,Empate,0
23/10/2022,Villarreal,Almeria,2,1,H,11,15,5,4,10,4,villarreal,,1900.0,38279.0,Liga_Desconocida,126.0,3,1,Victoria_Local,0
23/10/2022,Barcelona,Ath Bilbao,4,0,H,10,5,7,3,1,2,barcelona,barcelona,1899.0,99354.0,Spanish La Liga,127.0,4,4,Victoria_Local,1
24/10/2022,Celta,Getafe,1,1,D,17,4,5,1,10,0,celta,,1900.0,38279.0,Liga_Desconocida,126.0,2,0,Empate,0
28/10/2022,Mallorca,Espanol,1,1,D,12,7,5,2,4,4,mallorca,,1900.0,38279.0,Liga_Desconocida,126.0,2,0,Empate,0
29/10/2022,Almeria,Celta,3,1,H,19,8,5,3,6,4,almeria,,1900.0,38279.0,Liga_Desconocida,126.0,4,2,Victoria_Local,1
29/10/2022,Cadiz,Ath Madrid,3,2,H,10,15,7,7,5,3,cadiz,,1900.0,38279.0,Liga_Desconocida,126.0,5,1,Victoria_Local,1
29/10/2022,Sevilla,Vallecano,0,1,A,10,15,4,5,6,6,sevilla,,1900.0,38279.0,Liga_Desconocida,126.0,1,-1,Derrota_Local,0
29/10/2022,Valencia,Barcelona,0,1,A,3,13,2,2,3,10,valencia,,1900.0,38279.0,Liga_Desconocida,126.0,1,-1,Derrota_Local,0
30/10/2022,Osasuna,Valladolid,2,0,H,20,7,10,2,1,8,osasuna,,1900.0,38279.0,Liga_Desconocida,126.0,2,2,Victoria_Local,0
30/10/2022,Real Madrid,Girona,1,1,D,19,8,6,2,7,1,madrid,madrid,1903.0,67703.0,Spanish La Liga,123.0,2,0,Empate,1
30/10/2022,Ath Bilbao,Villarreal,1,0,H,19,6,7,3,6,2,ath bilbao,,1900.0,38279.0,Liga_Desconocida,126.0,1,1,Victoria_Local,0
30/10/2022,Sociedad,Betis,0,2,A,14,10,7,4,5,3,sociedad,,1900.0,38279.0,Liga_Desconocida,126.0,2,-2,Derrota_Local,2
31/10/2022,Elche,Getafe,0,1,A,12,8,5,3,6,2,elche,elche,1923.0,36017.0,Spanish La Liga,103.0,1,-1,Derrota_Local,0
04/11/2022,Girona,Ath Bilbao,2,1,H,19,11,10,7,7,1,girona,,1900.0,38279.0,Liga_Desconocida,126.0,3,1,Victoria_Local,0
05/11/2022,Getafe,Cadiz,0,0,D,13,15,2,4,5,5,getafe,getafe,1946.0,17393.0,Spanish La Liga,80.0,0,0,Empate,0
05/11/2022,Valladolid,Elche,2,1,H,16,4,11,2,8,4,valladolid,,1900.0,38279.0,Liga_Desconocida,126.0,3,1,Victoria_Local,0
05/11/2022,Celta,Osasuna,1,2,A,13,8,5,4,2,3,celta,,1900.0,38279.0,Liga_Desconocida,126.0,3,-1,Derrota_Local,2
05/11/2022,Barcelona,Almeria,2,0,H,27,4,13,1,9,1,barcelona,barcelona,1899.0,99354.0,Spanish La Liga,127.0,2,2,Victoria_Local,1
06/11/2022,Ath Madrid,Espanol,1,1,D,27,6,7,2,12,2,ath madrid,,1900.0,38279.0,Liga_Desconocida,126.0,2,0,Empate,0
06/11/2022,Sociedad,Valencia,1,1,D,9,14,4,3,1,11,sociedad,,1900.0,38279.0,Liga_Desconocida,126.0,2,0,Empate,0
06/11/2022,Villarreal,Mallorca,0,2,A,9,7,2,5,5,2,villarreal,,1900.0,38279.0,Liga_Desconocida,126.0,2,-2,Derrota_Local,2
06/11/2022,Betis,Sevilla,1,1,D,9,22,4,6,1,4,betis,,1900.0,38279.0,Liga_Desconocida,126.0,2,0,Empate,0
07/11/2022,Vallecano,Real Madrid,3,2,H,15,16,7,2,4,5,vallecano,,1900.0,38279.0,Liga_Desconocida,126.0,5,1,Victoria_Local,1
08/11/2022,Elche,Girona,1,2,A,11,21,2,3,2,5,elche,elche,1923.0,36017.0,Spanish La Liga,103.0,3,-1,Derrota_Local,2
08/11/2022,Ath Bilbao,Valladolid,3,0,H,19,8,6,0,10,2,ath bilbao,,1900.0,38279.0,Liga_Desconocida,126.0,3,3,Victoria_Local,1
08/11/2022,Osasuna,Barcelona,1,2,A,15,9,3,3,2,5,osasuna,,1900.0,38279.0,Liga_Desconocida,126.0,3,-1,Derrota_Local,2
09/11/2022,Almeria,Getafe,1,0,H,8,11,3,3,7,6,almeria,,1900.0,38279.0,Liga_Desconocida,126.0,1,1,Victoria_Local,0
09/11/2022,Sevilla,Sociedad,1,2,A,6,17,3,9,2,1,sevilla,,1900.0,38279.0,Liga_Desconocida,126.0,3,-1,Derrota_Local,2
09/11/2022,Espanol,Villarreal,0,1,A,14,10,6,3,4,7,espanol,,1900.0,38279.0,Liga_Desconocida,126.0,1,-1,Derrota_Local,0
09/11/2022,Mallorca,Ath Madrid,1,0,H,9,17,3,5,2,5,mallorca,,1900.0,38279.0,Liga_Desconocida,126.0,1,1,Victoria_Local,0
10/11/2022,Vallecano,Celta,0,0,D,10,11,3,3,5,3,vallecano,,1900.0,38279.0,Liga_Desconocida,126.0,0,0,Empate,0
10/11/2022,Valencia,Betis,3,0,H,15,5,7,1,5,5,valencia,,1900.0,38279.0,Liga_Desconocida,126.0,3,3,Victoria_Local,1
10/11/2022,Real Madrid,Cadiz,2,1,H,18,10,5,5,7,1,madrid,madrid,1903.0,67703.0,Spanish La Liga,123.0,3,1,Victoria_Local,1
29/12/2022,Girona,Vallecano,2,2,D,16,12,7,4,2,4,girona,,1900.0,38279.0,Liga_Desconocida,126.0,4,0,Empate,2
29/12/2022,Betis,Ath Bilbao,0,0,D,9,10,5,0,2,6,betis,,1900.0,38279.0,Liga_Desconocida,126.0,0,0,Empate,0
29/12/2022,Ath Madrid,Elche,2,0,H,18,5,4,1,3,5,ath madrid,,1900.0,38279.0,Liga_Desconocida,126.0,2,2,Victoria_Local,0
30/12/2022,Getafe,Mallorca,2,0,H,14,3,6,0,4,2,getafe,getafe,1946.0,17393.0,Spanish La Liga,80.0,2,2,Victoria_Local,0
30/12/2022,Cadiz,Almeria,1,1,D,12,18,6,9,3,2,cadiz,,1900.0,38279.0,Liga_Desconocida,126.0,2,0,Empate,0
30/12/2022,Celta,Sevilla,1,1,D,17,7,5,5,5,6,celta,,1900.0,38279.0,Liga_Desconocida,126.0,2,0,Empate,0
30/12/2022,Valladolid,Real Madrid,0,2,A,14,19,4,8,5,9,valladolid,,1900.0,38279.0,Liga_Desconocida,126.0,2,-2,Derrota_Local,2
31/12/2022,Barcelona,Espanol,1,1,D,21,4,6,1,10,2,barcelona,barcelona,1899.0,99354.0,Spanish La Liga,127.0,2,0,Empate,1
31/12/2022,Sociedad,Osasuna,2,0,H,9,11,2,3,3,2,sociedad,,1900.0,38279.0,Liga_Desconocida,126.0,2,2,Victoria_Local,0
31/12/2022,Villarreal,Valencia,2,1,H,14,13,8,4,5,2,villarreal,,1900.0,38279.0,Liga_Desconocida,126.0,3,1,Victoria_Local,0
06/01/2023,Elche,Celta,0,1,A,13,14,5,7,8,4,elche,elche,1923.0,36017.0,Spanish La Liga,103.0,1,-1,Derrota_Local,0
06/01/2023,Valencia,Cadiz,0,1,A,11,6,2,2,13,2,valencia,,1900.0,38279.0,Liga_Desconocida,126.0,1,-1,Derrota_Local,0
07/01/2023,Villarreal,Real Madrid,2,1,H,17,13,5,3,6,5,villarreal,,1900.0,38279.0,Liga_Desconocida,126.0,3,1,Victoria_Local,0
07/01/2023,Mallorca,Valladolid,1,0,H,13,9,4,1,6,2,mallorca,,1900.0,38279.0,Liga_Desconocida,126.0,1,1,Victoria_Local,0
07/01/2023,Espanol,Girona,2,2,D,12,12,6,5,5,2,espanol,,1900.0,38279.0,Liga_Desconocida,126.0,4,0,Empate,2
08/01/2023,Almeria,Sociedad,0,2,A,6,9,1,6,4,2,almeria,,1900.0,38279.0,Liga_Desconocida,126.0,2,-2,Derrota_Local,2
08/01/2023,Vallecano,Betis,1,2,A,15,14,3,3,5,7,vallecano,,1900.0,38279.0,Liga_Desconocida,126.0,3,-1,Derrota_Local,2
08/01/2023,Sevilla,Getafe,2,1,H,11,11,5,2,4,4,sevilla,,1900.0,38279.0,Liga_Desconocida,126.0,3,1,Victoria_Local,0
08/01/2023,Ath Madrid,Barcelona,0,1,A,20,10,5,2,7,4,ath madrid,,1900.0,38279.0,Liga_Desconocida,126.0,1,-1,Derrota_Local,0
09/01/2023,Ath Bilbao,Osasuna,0,0,D,17,3,3,1,14,1,ath bilbao,,1900.0,38279.0,Liga_Desconocida,126.0,0,0,Empate,0
13/01/2023,Celta,Villarreal,1,1,D,21,3,8,1,14,3,celta,,1900.0,38279.0,Liga_Desconocida,126.0,2,0,Empate,0
14/01/2023,Valladolid,Vallecano,0,1,A,9,13,2,6,4,8,valladolid,,1900.0,38279.0,Liga_Desconocida,126.0,1,-1,Derrota_Local,0
14/01/2023,Girona,Sevilla,2,1,H,19,10,7,2,5,2,girona,,1900.0,38279.0,Liga_Desconocida,126.0,3,1,Victoria_Local,0
14/01/2023,Osasuna,Mallorca,1,0,H,15,6,4,2,3,1,osasuna,,1900.0,38279.0,Liga_Desconocida,126.0,1,1,Victoria_Local,0
14/01/2023,Sociedad,Ath Bilbao,3,1,H,11,6,5,2,4,2,sociedad,,1900.0,38279.0,Liga_Desconocida,126.0,4,2,Victoria_Local,1
15/01/2023,Getafe,Espanol,1,2,A,10,10,2,4,5,1,getafe,getafe,1946.0,17393.0,Spanish La Liga,80.0,3,-1,Derrota_Local,2
15/01/2023,Almeria,Ath Madrid,1,1,D,14,12,3,6,3,4,almeria,,1900.0,38279.0,Liga_Desconocida,126.0,2,0,Empate,0
16/01/2023,Cadiz,Elche,1,1,D,16,12,3,5,3,6,cadiz,,1900.0,38279.0,Liga_Desconocida,126.0,2,0,Empate,0
20/01/2023,Mallorca,Celta,1,0,H,8,10,3,3,4,6,mallorca,,1900.0,38279.0,Liga_Desconocida,126.0,1,1,Victoria_Local,0
21/01/2023,Vallecano,Sociedad,0,2,A,14,12,2,7,3,4,vallecano,,1900.0,38279.0,Liga_Desconocida,126.0,2,-2,Derrota_Local,2
21/01/2023,Espanol,Betis,1,0,H,8,13,2,4,7,4,espanol,,1900.0,38279.0,Liga_Desconocida,126.0,1,1,Victoria_Local,0
21/01/2023,Ath Madrid,Valladolid,3,0,H,18,7,8,1,4,1,ath madrid,,1900.0,38279.0,Liga_Desconocida,126.0,3,3,Victoria_Local,1
21/01/2023,Sevilla,Cadiz,1,0,H,17,4,9,1,8,1,sevilla,,1900.0,38279.0,Liga_Desconocida,126.0,1,1,Victoria_Local,0
22/01/2023,Villarreal,Girona,1,0,H,19,8,9,1,3,2,villarreal,,1900.0,38279.0,Liga_Desconocida,126.0,1,1,Victoria_Local,0
22/01/2023,Elche,Osasuna,1,1,D,13,8,4,4,7,2,elche,elche,1923.0,36017.0,Spanish La Liga,103.0,2,0,Empate,0
22/01/2023,Barcelona,Getafe,1,0,H,8,7,4,3,4,2,barcelona,barcelona,1899.0,99354.0,Spanish La Liga,127.0,1,1,Victoria_Local,1
22/01/2023,Ath Bilbao,Real Madrid,0,2,A,18,10,3,4,12,2,ath bilbao,,1900.0,38279.0,Liga_Desconocida,126.0,2,-2,Derrota_Local,2
23/01/2023,Valencia,Almeria,2,2,D,16,14,6,3,6,2,valencia,,1900.0,38279.0,Liga_Desconocida,126.0,4,0,Empate,2
27/01/2023,Almeria,Espanol,3,1,H,19,6,7,3,2,2,almeria,,1900.0,38279.0,Liga_Desconocida,126.0,4,2,Victoria_Local,1
28/01/2023,Cadiz,Mallorca,2,0,H,11,9,4,2,6,2,cadiz,,1900.0,38279.0,Liga_Desconocida,126.0,2,2,Victoria_Local,0
28/01/2023,Girona,Barcelona,0,1,A,8,8,2,3,4,2,girona,,1900.0,38279.0,Liga_Desconocida,126.0,1,-1,Derrota_Local,0
28/01/2023,Sevilla,Elche,3,0,H,22,6,8,1,5,2,sevilla,,1900.0,38279.0,Liga_Desconocida,126.0,3,3,Victoria_Local,1
28/01/2023,Getafe,Betis,0,1,A,6,13,1,2,6,1,getafe,getafe,1946.0,17393.0,Spanish La Liga,80.0,1,-1,Derrota_Local,0
29/01/2023,Valladolid,Valencia,1,0,H,13,15,6,2,4,7,valladolid,,1900.0,38279.0,Liga_Desconocida,126.0,1,1,Victoria_Local,0
29/01/2023,Osasuna,Ath Madrid,0,1,A,14,13,4,5,5,4,osasuna,,1900.0,38279.0,Liga_Desconocida,126.0,1,-1,Derrota_Local,0
29/01/2023,Celta,Ath Bilbao,1,0,H,9,5,3,0,2,5,celta,,1900.0,38279.0,Liga_Desconocida,126.0,1,1,Victoria_Local,0
29/01/2023,Real Madrid,Sociedad,0,0,D,20,8,7,3,10,3,madrid,madrid,1903.0,67703.0,Spanish La Liga,123.0,0,0,Empate,0
30/01/2023,Villarreal,Vallecano,0,1,A,12,11,3,3,5,4,villarreal,,1900.0,38279.0,Liga_Desconocida,126.0,1,-1,Derrota_Local,0
01/02/2023,Betis,Barcelona,1,2,A,5,13,1,3,1,6,betis,,1900.0,38279.0,Liga_Desconocida,126.0,3,-1,Derrota_Local,2
02/02/2023,Real Madrid,Valencia,2,0,H,19,4,7,0,6,6,madrid,madrid,1903.0,67703.0,Spanish La Liga,123.0,2,2,Victoria_Local,1
03/02/2023,Ath Bilbao,Cadiz,4,1,H,17,15,9,3,0,3,ath bilbao,,1900.0,38279.0,Liga_Desconocida,126.0,5,3,Victoria_Local,1
04/02/2023,Espanol,Osasuna,1,1,D,9,9,4,3,4,3,espanol,,1900.0,38279.0,Liga_Desconocida,126.0,2,0,Empate,0
04/02/2023,Elche,Villarreal,3,1,H,18,14,7,2,6,10,elche,elche,1923.0,36017.0,Spanish La Liga,103.0,4,2,Victoria_Local,0
04/02/2023,Ath Madrid,Getafe,1,1,D,12,9,4,1,8,0,ath madrid,,1900.0,38279.0,Liga_Desconocida,126.0,2,0,Empate,0
04/02/2023,Betis,Celta,3,4,A,15,9,7,7,5,5,betis,,1900.0,38279.0,Liga_Desconocida,126.0,7,-1,Derrota_Local,2
05/02/2023,Mallorca,Real Madrid,1,0,H,4,20,1,1,1,12,mallorca,,1900.0,38279.0,Liga_Desconocida,126.0,1,1,Victoria_Local,0
05/02/2023,Girona,Valencia,1,0,H,20,8,8,4,8,4,girona,,1900.0,38279.0,Liga_Desconocida,126.0,1,1,Victoria_Local,0
05/02/2023,Sociedad,Valladolid,0,1,A,15,7,4,2,0,4,sociedad,,1900.0,38279.0,Liga_Desconocida,126.0,1,-1,Derrota_Local,0
05/02/2023,Barcelona,Sevilla,3,0,H,16,3,7,1,8,3,barcelona,barcelona,1899.0,99354.0,Spanish La Liga,127.0,3,3,Victoria_Local,1
06/02/2023,Vallecano,Almeria,2,0,H,15,14,11,5,3,7,vallecano,,1900.0,38279.0,Liga_Desconocida,126.0,2,2,Victoria_Local,0
10/02/2023,Cadiz,Girona,2,0,H,12,7,3,1,5,6,cadiz,,1900.0,38279.0,Liga_Desconocida,126.0,2,2,Victoria_Local,0
11/02/2023,Almeria,Betis,2,3,A,16,12,9,7,8,2,almeria,,1900.0,38279.0,Liga_Desconocida,126.0,5,-1,Derrota_Local,2
11/02/2023,Sevilla,Mallorca,2,0,H,15,6,6,0,8,2,sevilla,,1900.0,38279.0,Liga_Desconocida,126.0,2,2,Victoria_Local,0
11/02/2023,Valencia,Ath Bilbao,1,2,A,18,11,8,3,7,1,valencia,,1900.0,38279.0,Liga_Desconocida,126.0,3,-1,Derrota_Local,2
12/02/2023,Getafe,Vallecano,1,1,D,13,19,4,4,5,6,getafe,getafe,1946.0,17393.0,Spanish La Liga,80.0,2,0,Empate,0
12/02/2023,Celta,Ath Madrid,0,1,A,14,10,3,2,7,5,celta,,1900.0,38279.0,Liga_Desconocida,126.0,1,-1,Derrota_Local,0
12/02/2023,Valladolid,Osasuna,0,0,D,18,15,5,4,10,4,valladolid,,1900.0,38279.0,Liga_Desconocida,126.0,0,0,Empate,0
12/02/2023,Villarreal,Barcelona,0,1,A,11,7,2,4,6,2,villarreal,,1900.0,38279.0,Liga_Desconocida,126.0,1,-1,Derrota_Local,0
13/02/2023,Espanol,Sociedad,2,3,A,10,11,6,5,4,3,espanol,,1900.0,38279.0,Liga_Desconocida,126.0,5,-1,Derrota_Local,2
15/02/2023,Real Madrid,Elche,4,0,H,26,7,13,0,6,4,madrid,madrid,1903.0,67703.0,Spanish La Liga,123.0,4,4,Victoria_Local,1
17/02/2023,Girona,Almeria,6,2,H,14,16,8,4,1,7,girona,,1900.0,38279.0,Liga_Desconocida,126.0,8,4,Victoria_Local,1
18/02/2023,Sociedad,Celta,1,1,D,9,18,3,4,3,7,sociedad,,1900.0,38279.0,Liga_Desconocida,126.0,2,0,Empate,0
18/02/2023,Betis,Valladolid,2,1,H,16,17,10,3,4,6,betis,,1900.0,38279.0,Liga_Desconocida,126.0,3,1,Victoria_Local,0
18/02/2023,Mallorca,Villarreal,4,2,H,13,8,5,4,4,4,mallorca,,1900.0,38279.0,Liga_Desconocida,126.0,6,2,Victoria_Local,1
18/02/2023,Osasuna,Real Madrid,0,2,A,11,11,4,6,5,5,osasuna,,1900.0,38279.0,Liga_Desconocida,126.0,2,-2,Derrota_Local,2
19/02/2023,Elche,Espanol,0,1,A,19,11,5,4,10,5,elche,elche,1923.0,36017.0,Spanish La Liga,103.0,1,-1,Derrota_Local,0
19/02/2023,Vallecano,Sevilla,1,1,D,18,7,5,2,7,3,vallecano,,1900.0,38279.0,Liga_Desconocida,126.0,2,0,Empate,0
19/02/2023,Ath Madrid,Ath Bilbao,1,0,H,17,8,5,2,6,5,ath madrid,,1900.0,38279.0,Liga_Desconocida,126.0,1,1,Victoria_Local,0
19/02/2023,Barcelona,Cadiz,2,0,H,16,14,5,4,5,6,barcelona,barcelona,1899.0,99354.0,Spanish La Liga,127.0,2,2,Victoria_Local,1
20/02/2023,Getafe,Valencia,1,0,H,15,8,6,3,4,5,getafe,getafe,1946.0,17393.0,Spanish La Liga,80.0,1,1,Victoria_Local,0
24/02/2023,Elche,Betis,2,3,A,4,21,2,9,3,3,elche,elche,1923.0,36017.0,Spanish La Liga,103.0,5,-1,Derrota_Local,2
25/02/2023,Espanol,Mallorca,2,1,H,9,15,3,4,0,4,espanol,,1900.0,38279.0,Liga_Desconocida,126.0,3,1,Victoria_Local,0
25/02/2023,Cadiz,Vallecano,1,0,H,5,11,3,2,4,6,cadiz,,1900.0,38279.0,Liga_Desconocida,126.0,1,1,Victoria_Local,0
25/02/2023,Real Madrid,Ath Madrid,1,1,D,18,7,7,2,7,4,madrid,madrid,1903.0,67703.0,Spanish La Liga,123.0,2,0,Empate,1
25/02/2023,Valencia,Sociedad,1,0,H,8,11,3,3,7,8,valencia,,1900.0,38279.0,Liga_Desconocida,126.0,1,1,Victoria_Local,0
26/02/2023,Ath Bilbao,Girona,2,3,A,17,8,3,4,11,3,ath bilbao,,1900.0,38279.0,Liga_Desconocida,126.0,5,-1,Derrota_Local,2
26/02/2023,Celta,Valladolid,3,0,H,18,6,4,3,5,4,celta,,1900.0,38279.0,Liga_Desconocida,126.0,3,3,Victoria_Local,1
26/02/2023,Almeria,Barcelona,1,0,H,7,14,4,1,4,7,almeria,,1900.0,38279.0,Liga_Desconocida,126.0,1,1,Victoria_Local,0
26/02/2023,Sevilla,Osasuna,2,3,A,22,11,8,4,10,2,sevilla,,1900.0,38279.0,Liga_Desconocida,126.0,5,-1,Derrota_Local,2
27/02/2023,Villarreal,Getafe,2,1,H,11,8,5,3,6,6,villarreal,,1900.0,38279.0,Liga_Desconocida,126.0,3,1,Victoria_Local,0
03/03/2023,Sociedad,Cadiz,0,0,D,15,6,3,2,4,0,sociedad,,1900.0,38279.0,Liga_Desconocida,126.0,0,0,Empate,0
04/03/2023,Getafe,Girona,3,2,H,10,9,6,7,3,3,getafe,getafe,1946.0,17393.0,Spanish La Liga,80.0,5,1,Victoria_Local,2
04/03/2023,Almeria,Villarreal,0,2,A,6,16,0,6,2,10,almeria,,1900.0,38279.0,Liga_Desconocida,126.0,2,-2,Derrota_Local,2
04/03/2023,Mallorca,Elche,0,1,A,14,15,3,6,6,7,mallorca,,1900.0,38279.0,Liga_Desconocida,126.0,1,-1,Derrota_Local,0
04/03/2023,Ath Madrid,Sevilla,6,1,H,18,8,8,1,7,3,ath madrid,,1900.0,38279.0,Liga_Desconocida,126.0,7,5,Victoria_Local,1
05/03/2023,Valladolid,Espanol,2,1,H,15,12,5,2,9,6,valladolid,,1900.0,38279.0,Liga_Desconocida,126.0,3,1,Victoria_Local,0
05/03/2023,Barcelona,Valencia,1,0,H,13,13,4,1,5,2,barcelona,barcelona,1899.0,99354.0,Spanish La Liga,127.0,1,1,Victoria_Local,1
05/03/2023,Vallecano,Ath Bilbao,0,0,D,18,16,2,3,7,9,vallecano,,1900.0,38279.0,Liga_Desconocida,126.0,0,0,Empate,0
05/03/2023,Betis,Real Madrid,0,0,D,8,15,4,5,5,3,betis,,1900.0,38279.0,Liga_Desconocida,126.0,0,0,Empate,0
06/03/2023,Osasuna,Celta,0,0,D,10,6,5,0,6,4,osasuna,,1900.0,38279.0,Liga_Desconocida,126.0,0,0,Empate,0
10/03/2023,Cadiz,Getafe,2,2,D,11,16,4,10,2,6,cadiz,,1900.0,38279.0,Liga_Desconocida,126.0,4,0,Empate,2
11/03/2023,Real Madrid,Espanol,3,1,H,22,10,7,3,7,4,madrid,madrid,1903.0,67703.0,Spanish La Liga,123.0,4,2,Victoria_Local,1
11/03/2023,Elche,Valladolid,1,1,D,24,5,10,1,10,3,elche,elche,1923.0,36017.0,Spanish La Liga,103.0,2,0,Empate,0
11/03/2023,Celta,Vallecano,3,0,H,15,12,6,3,3,7,celta,,1900.0,38279.0,Liga_Desconocida,126.0,3,3,Victoria_Local,1
11/03/2023,Valencia,Osasuna,1,0,H,8,7,4,0,12,3,valencia,,1900.0,38279.0,Liga_Desconocida,126.0,1,1,Victoria_Local,0
12/03/2023,Mallorca,Sociedad,1,1,D,8,8,2,2,3,2,mallorca,,1900.0,38279.0,Liga_Desconocida,126.0,2,0,Empate,0
12/03/2023,Sevilla,Almeria,2,1,H,27,13,5,5,6,4,sevilla,,1900.0,38279.0,Liga_Desconocida,126.0,3,1,Victoria_Local,0
12/03/2023,Villarreal,Betis,1,1,D,15,6,4,3,2,4,villarreal,,1900.0,38279.0,Liga_Desconocida,126.0,2,0,Empate,0
12/03/2023,Ath Bilbao,Barcelona,0,1,A,15,10,5,2,5,3,ath bilbao,,1900.0,38279.0,Liga_Desconocida,126.0,1,-1,Derrota_Local,0
13/03/2023,Girona,Ath Madrid,0,1,A,6,14,4,4,1,3,girona,,1900.0,38279.0,Liga_Desconocida,126.0,1,-1,Derrota_Local,0
17/03/2023,Valladolid,Ath Bilbao,1,3,A,15,15,3,6,2,9,valladolid,,1900.0,38279.0,Liga_Desconocida,126.0,4,-2,Derrota_Local,2
18/03/2023,Almeria,Cadiz,1,1,D,17,10,5,4,5,2,almeria,,1900.0,38279.0,Liga_Desconocida,126.0,2,0,Empate,0
18/03/2023,Vallecano,Girona,2,2,D,15,12,3,4,3,5,vallecano,,1900.0,38279.0,Liga_Desconocida,126.0,4,0,Empate,2
18/03/2023,Espanol,Celta,1,3,A,11,8,3,4,4,1,espanol,,1900.0,38279.0,Liga_Desconocida,126.0,4,-2,Derrota_Local,2
18/03/2023,Ath Madrid,Valencia,3,0,H,14,9,6,1,4,2,ath madrid,,1900.0,38279.0,Liga_Desconocida,126.0,3,3,Victoria_Local,1
19/03/2023,Betis,Mallorca,1,0,H,10,5,3,1,4,4,betis,,1900.0,38279.0,Liga_Desconocida,126.0,1,1,Victoria_Local,0
19/03/2023,Osasuna,Villarreal,0,3,A,10,12,2,6,7,1,osasuna,,1900.0,38279.0,Liga_Desconocida,126.0,3,-3,Derrota_Local,2
19/03/2023,Sociedad,Elche,2,0,H,17,4,4,3,5,3,sociedad,,1900.0,38279.0,Liga_Desconocida,126.0,2,2,Victoria_Local,0
19/03/2023,Getafe,Sevilla,2,0,H,15,11,4,4,4,1,getafe,getafe,1946.0,17393.0,Spanish La Liga,80.0,2,2,Victoria_Local,0
19/03/2023,Barcelona,Real Madrid,2,1,H,17,11,7,3,8,1,barcelona,barcelona,1899.0,99354.0,Spanish La Liga,127.0,3,1,Victoria_Local,1
31/03/2023,Mallorca,Osasuna,0,0,D,10,11,1,2,2,3,mallorca,,1900.0,38279.0,Liga_Desconocida,126.0,0,0,Empate,0
01/04/2023,Girona,Espanol,2,1,H,14,5,4,1,5,2,girona,,1900.0,38279.0,Liga_Desconocida,126.0,3,1,Victoria_Local,0
01/04/2023,Ath Bilbao,Getafe,0,0,D,17,9,3,1,13,3,ath bilbao,,1900.0,38279.0,Liga_Desconocida,126.0,0,0,Empate,0
01/04/2023,Cadiz,Sevilla,0,2,A,14,11,3,5,8,4,cadiz,,1900.0,38279.0,Liga_Desconocida,126.0,2,-2,Derrota_Local,2
01/04/2023,Elche,Barcelona,0,4,A,15,12,2,6,11,3,elche,elche,1923.0,36017.0,Spanish La Liga,103.0,4,-4,Derrota_Local,2
02/04/2023,Celta,Almeria,2,2,D,21,8,5,3,4,1,celta,,1900.0,38279.0,Liga_Desconocida,126.0,4,0,Empate,2
02/04/2023,Real Madrid,Valladolid,6,0,H,30,12,17,2,9,1,madrid,madrid,1903.0,67703.0,Spanish La Liga,123.0,6,6,Victoria_Local,1
02/04/2023,Villarreal,Sociedad,2,0,H,16,16,4,3,4,4,villarreal,,1900.0,38279.0,Liga_Desconocida,126.0,2,2,Victoria_Local,0
02/04/2023,Ath Madrid,Betis,1,0,H,13,6,7,2,5,1,ath madrid,,1900.0,38279.0,Liga_Desconocida,126.0,1,1,Victoria_Local,0
03/04/2023,Valencia,Vallecano,1,1,D,18,7,4,2,13,3,valencia,,1900.0,38279.0,Liga_Desconocida,126.0,2,0,Empate,0
07/04/2023,Sevilla,Celta,2,2,D,7,9,2,4,8,3,sevilla,,1900.0,38279.0,Liga_Desconocida,126.0,4,0,Empate,2
08/04/2023,Osasuna,Elche,2,1,H,22,7,6,1,9,2,osasuna,,1900.0,38279.0,Liga_Desconocida,126.0,3,1,Victoria_Local,0
08/04/2023,Espanol,Ath Bilbao,1,2,A,9,12,2,7,8,7,espanol,,1900.0,38279.0,Liga_Desconocida,126.0,3,-1,Derrota_Local,2
08/04/2023,Sociedad,Getafe,2,0,H,11,6,6,4,3,2,sociedad,,1900.0,38279.0,Liga_Desconocida,126.0,2,2,Victoria_Local,0
08/04/2023,Real Madrid,Villarreal,2,3,A,18,17,4,8,6,7,madrid,madrid,1903.0,67703.0,Spanish La Liga,123.0,5,-1,Derrota_Local,1
09/04/2023,Valladolid,Mallorca,3,3,D,10,14,6,6,1,2,valladolid,,1900.0,38279.0,Liga_Desconocida,126.0,6,0,Empate,2
09/04/2023,Betis,Cadiz,0,2,A,9,15,3,4,5,6,betis,,1900.0,38279.0,Liga_Desconocida,126.0,2,-2,Derrota_Local,2
09/04/2023,Almeria,Valencia,2,1,H,10,11,4,4,3,7,almeria,,1900.0,38279.0,Liga_Desconocida,126.0,3,1,Victoria_Local,0
09/04/2023,Vallecano,Ath Madrid,1,2,A,15,14,3,4,8,2,vallecano,,1900.0,38279.0,Liga_Desconocida,126.0,3,-1,Derrota_Local,2
10/04/2023,Barcelona,Girona,0,0,D,18,5,3,0,12,2,barcelona,barcelona,1899.0,99354.0,Spanish La Liga,127.0,0,0,Empate,1
14/04/2023,Vallecano,Osasuna,2,1,H,12,8,3,4,2,3,vallecano,,1900.0,38279.0,Liga_Desconocida,126.0,3,1,Victoria_Local,0
15/04/2023,Villarreal,Valladolid,1,2,A,22,14,7,7,8,5,villarreal,,1900.0,38279.0,Liga_Desconocida,126.0,3,-1,Derrota_Local,2
15/04/2023,Ath Bilbao,Sociedad,2,0,H,13,13,5,4,5,2,ath bilbao,,1900.0,38279.0,Liga_Desconocida,126.0,2,2,Victoria_Local,0
15/04/2023,Betis,Espanol,3,1,H,15,13,8,4,4,13,betis,,1900.0,38279.0,Liga_Desconocida,126.0,4,2,Victoria_Local,1
15/04/2023,Cadiz,Real Madrid,0,2,A,12,35,3,11,2,9,cadiz,,1900.0,38279.0,Liga_Desconocida,126.0,2,-2,Derrota_Local,2
16/04/2023,Girona,Elche,2,0,H,14,13,4,5,3,4,girona,,1900.0,38279.0,Liga_Desconocida,126.0,2,2,Victoria_Local,0
16/04/2023,Getafe,Barcelona,0,0,D,5,15,1,3,1,5,getafe,getafe,1946.0,17393.0,Spanish La Liga,80.0,0,0,Empate,0
16/04/2023,Ath Madrid,Almeria,2,1,H,19,2,7,0,9,2,ath madrid,,1900.0,38279.0,Liga_Desconocida,126.0,3,1,Victoria_Local,0
16/04/2023,Valencia,Sevilla,0,2,A,13,6,3,3,6,2,valencia,,1900.0,38279.0,Liga_Desconocida,126.0,2,-2,Derrota_Local,2
17/04/2023,Celta,Mallorca,0,1,A,12,8,3,2,7,5,celta,,1900.0,38279.0,Liga_Desconocida,126.0,1,-1,Derrota_Local,0
21/04/2023,Espanol,Cadiz,0,0,D,14,11,5,2,6,3,espanol,,1900.0,38279.0,Liga_Desconocida,126.0,0,0,Empate,0
22/04/2023,Osasuna,Betis,3,2,H,10,21,5,6,5,13,osasuna,,1900.0,38279.0,Liga_Desconocida,126.0,5,1,Victoria_Local,1
22/04/2023,Almeria,Ath Bilbao,1,2,A,12,14,4,3,3,4,almeria,,1900.0,38279.0,Liga_Desconocida,126.0,3,-1,Derrota_Local,2
22/04/2023,Sociedad,Vallecano,2,1,H,7,7,1,2,3,3,sociedad,,1900.0,38279.0,Liga_Desconocida,126.0,3,1,Victoria_Local,0
22/04/2023,Valladolid,Girona,1,0,H,15,12,6,6,5,7,valladolid,,1900.0,38279.0,Liga_Desconocida,126.0,1,1,Victoria_Local,0
22/04/2023,Real Madrid,Celta,2,0,H,17,12,5,2,8,3,madrid,madrid,1903.0,67703.0,Spanish La Liga,123.0,2,2,Victoria_Local,1
23/04/2023,Elche,Valencia,0,2,A,7,5,1,3,11,6,elche,elche,1923.0,36017.0,Spanish La Liga,103.0,2,-2,Derrota_Local,2
23/04/2023,Barcelona,Ath Madrid,1,0,H,13,13,4,3,3,3,barcelona,barcelona,1899.0,99354.0,Spanish La Liga,127.0,1,1,Victoria_Local,1
23/04/2023,Mallorca,Getafe,3,1,H,8,3,4,1,2,2,mallorca,,1900.0,38279.0,Liga_Desconocida,126.0,4,2,Victoria_Local,1
23/04/2023,Sevilla,Villarreal,2,1,H,17,17,4,5,5,3,sevilla,,1900.0,38279.0,Liga_Desconocida,126.0,3,1,Victoria_Local,0
25/04/2023,Cadiz,Osasuna,0,1,A,20,6,4,4,11,2,cadiz,,1900.0,38279.0,Liga_Desconocida,126.0,1,-1,Derrota_Local,0
25/04/2023,Girona,Real Madrid,4,2,H,13,18,5,3,3,8,girona,,1900.0,38279.0,Liga_Desconocida,126.0,6,2,Victoria_Local,1
25/04/2023,Betis,Sociedad,0,0,D,10,10,1,3,2,4,betis,,1900.0,38279.0,Liga_Desconocida,126.0,0,0,Empate,0
26/04/2023,Ath Madrid,Mallorca,3,1,H,24,6,9,2,5,8,ath madrid,,1900.0,38279.0,Liga_Desconocida,126.0,4,2,Victoria_Local,1
26/04/2023,Getafe,Almeria,1,2,A,21,23,9,11,4,6,getafe,getafe,1946.0,17393.0,Spanish La Liga,80.0,3,-1,Derrota_Local,2
26/04/2023,Celta,Elche,1,0,H,17,16,9,1,10,6,celta,,1900.0,38279.0,Liga_Desconocida,126.0,1,1,Victoria_Local,0
26/04/2023,Vallecano,Barcelona,2,1,H,9,10,6,5,3,9,vallecano,,1900.0,38279.0,Liga_Desconocida,126.0,3,1,Victoria_Local,0
27/04/2023,Valencia,Valladolid,2,1,H,18,8,5,2,6,2,valencia,,1900.0,38279.0,Liga_Desconocida,126.0,3,1,Victoria_Local,0
27/04/2023,Villarreal,Espanol,4,2,H,31,13,13,4,9,2,villarreal,,1900.0,38279.0,Liga_Desconocida,126.0,6,2,Victoria_Local,1
27/04/2023,Ath Bilbao,Sevilla,0,1,A,7,4,2,1,8,2,ath bilbao,,1900.0,38279.0,Liga_Desconocida,126.0,1,-1,Derrota_Local,0
28/04/2023,Osasuna,Sociedad,0,2,A,13,12,1,8,4,2,osasuna,,1900.0,38279.0,Liga_Desconocida,126.0,2,-2,Derrota_Local,2
29/04/2023,Elche,Vallecano,4,0,H,18,14,9,3,3,8,elche,elche,1923.0,36017.0,Spanish La Liga,103.0,4,4,Victoria_Local,1
29/04/2023,Real Madrid,Almeria,4,2,H,15,9,12,3,7,0,madrid,madrid,1903.0,67703.0,Spanish La Liga,123.0,6,2,Victoria_Local,1
29/04/2023,Barcelona,Betis,4,0,H,15,4,8,1,10,0,barcelona,barcelona,1899.0,99354.0,Spanish La Liga,127.0,4,4,Victoria_Local,1
30/04/2023,Cadiz,Valencia,2,1,H,8,16,4,4,5,6,cadiz,,1900.0,38279.0,Liga_Desconocida,126.0,3,1,Victoria_Local,0
30/04/2023,Villarreal,Celta,3,1,H,9,14,3,5,4,9,villarreal,,1900.0,38279.0,Liga_Desconocida,126.0,4,2,Victoria_Local,1
30/04/2023,Espanol,Getafe,1,0,H,17,7,8,2,6,3,espanol,,1900.0,38279.0,Liga_Desconocida,126.0,1,1,Victoria_Local,0
30/04/2023,Valladolid,Ath Madrid,2,5,A,19,9,6,6,9,1,valladolid,,1900.0,38279.0,Liga_Desconocida,126.0,7,-3,Derrota_Local,2
01/05/2023,Mallorca,Ath Bilbao,1,1,D,9,16,2,6,5,7,mallorca,,1900.0,38279.0,Liga_Desconocida,126.0,2,0,Empate,0
01/05/2023,Sevilla,Girona,0,2,A,23,9,5,3,6,1,sevilla,,1900.0,38279.0,Liga_Desconocida,126.0,2,-2,Derrota_Local,2
02/05/2023,Almeria,Elche,2,1,H,10,14,4,1,7,13,almeria,,1900.0,38279.0,Liga_Desconocida,126.0,3,1,Victoria_Local,0
02/05/2023,Barcelona,Osasuna,1,0,H,21,7,4,2,11,0,barcelona,barcelona,1899.0,99354.0,Spanish La Liga,127.0,1,1,Victoria_Local,1
02/05/2023,Sociedad,Real Madrid,2,0,H,9,10,4,5,2,6,sociedad,,1900.0,38279.0,Liga_Desconocida,126.0,2,2,Victoria_Local,0
03/05/2023,Valencia,Villarreal,1,1,D,8,11,1,4,6,6,valencia,,1900.0,38279.0,Liga_Desconocida,126.0,2,0,Empate,0
03/05/2023,Ath Madrid,Cadiz,5,1,H,18,2,8,1,5,2,ath madrid,,1900.0,38279.0,Liga_Desconocida,126.0,6,4,Victoria_Local,1
03/05/2023,Getafe,Celta,1,0,H,14,7,4,1,1,5,getafe,getafe,1946.0,17393.0,Spanish La Liga,80.0,1,1,Victoria_Local,0
04/05/2023,Girona,Mallorca,2,1,H,17,8,7,2,9,5,girona,,1900.0,38279.0,Liga_Desconocida,126.0,3,1,Victoria_Local,0
04/05/2023,Sevilla,Espanol,3,2,H,18,7,6,3,9,0,sevilla,,1900.0,38279.0,Liga_Desconocida,126.0,5,1,Victoria_Local,1
04/05/2023,Ath Bilbao,Betis,0,1,A,21,12,6,2,13,2,ath bilbao,,1900.0,38279.0,Liga_Desconocida,126.0,1,-1,Derrota_Local,0
04/05/2023,Vallecano,Valladolid,2,1,H,16,7,6,4,3,4,vallecano,,1900.0,38279.0,Liga_Desconocida,126.0,3,1,Victoria_Local,0
12/05/2023,Mallorca,Cadiz,1,0,H,8,14,3,4,3,7,mallorca,,1900.0,38279.0,Liga_Desconocida,126.0,1,1,Victoria_Local,0
13/05/2023,Sociedad,Girona,2,2,D,18,13,6,6,7,4,sociedad,,1900.0,38279.0,Liga_Desconocida,126.0,4,0,Empate,2
13/05/2023,Osasuna,Almeria,3,1,H,18,8,7,3,4,1,osasuna,,1900.0,38279.0,Liga_Desconocida,126.0,4,2,Victoria_Local,1
13/05/2023,Villarreal,Ath Bilbao,5,1,H,17,11,11,5,7,5,villarreal,,1900.0,38279.0,Liga_Desconocida,126.0,6,4,Victoria_Local,1
13/05/2023,Real Madrid,Getafe,1,0,H,16,9,3,2,1,3,madrid,madrid,1903.0,67703.0,Spanish La Liga,123.0,1,1,Victoria_Local,1
14/05/2023,Celta,Valencia,1,2,A,10,12,6,5,5,4,celta,,1900.0,38279.0,Liga_Desconocida,126.0,3,-1,Derrota_Local,2
14/05/2023,Elche,Ath Madrid,1,0,H,15,13,4,4,3,5,elche,elche,1923.0,36017.0,Spanish La Liga,103.0,1,1,Victoria_Local,0
14/05/2023,Valladolid,Sevilla,0,3,A,28,17,6,5,8,3,valladolid,,1900.0,38279.0,Liga_Desconocida,126.0,3,-3,Derrota_Local,2
14/05/2023,Espanol,Barcelona,2,4,A,15,15,7,5,4,3,espanol,,1900.0,38279.0,Liga_Desconocida,126.0,6,-2,Derrota_Local,2
15/05/2023,Betis,Vallecano,3,1,H,11,16,5,4,6,5,betis,,1900.0,38279.0,Liga_Desconocida,126.0,4,2,Victoria_Local,1
19/05/2023,Cadiz,Valladolid,2,0,H,11,6,4,2,4,3,cadiz,,1900.0,38279.0,Liga_Desconocida,126.0,2,2,Victoria_Local,0
20/05/2023,Girona,Villarreal,1,2,A,9,10,3,5,3,1,girona,,1900.0,38279.0,Liga_Desconocida,126.0,3,-1,Derrota_Local,2
20/05/2023,Ath Bilbao,Celta,2,1,H,10,8,3,3,8,5,ath bilbao,,1900.0,38279.0,Liga_Desconocida,126.0,3,1,Victoria_Local,0
20/05/2023,Almeria,Mallorca,3,0,H,12,7,3,3,4,6,almeria,,1900.0,38279.0,Liga_Desconocida,126.0,3,3,Victoria_Local,1
20/05/2023,Getafe,Elche,1,1,D,9,13,5,4,5,6,getafe,getafe,1946.0,17393.0,Spanish La Liga,80.0,2,0,Empate,0
20/05/2023,Barcelona,Sociedad,1,2,A,13,13,4,6,8,2,barcelona,barcelona,1899.0,99354.0,Spanish La Liga,127.0,3,-1,Derrota_Local,1
21/05/2023,Vallecano,Espanol,1,2,A,15,10,5,6,4,4,vallecano,,1900.0,38279.0,Liga_Desconocida,126.0,3,-1,Derrota_Local,2
21/05/2023,Ath Madrid,Osasuna,3,0,H,15,12,5,2,8,10,ath madrid,,1900.0,38279.0,Liga_Desconocida,126.0,3,3,Victoria_Local,1
21/05/2023,Valencia,Real Madrid,1,0,H,12,13,6,5,2,9,valencia,,1900.0,38279.0,Liga_Desconocida,126.0,1,1,Victoria_Local,0
21/05/2023,Sevilla,Betis,0,0,D,10,5,4,0,4,3,sevilla,,1900.0,38279.0,Liga_Desconocida,126.0,0,0,Empate,0
23/05/2023,Celta,Girona,1,1,D,16,11,7,4,9,3,celta,,1900.0,38279.0,Liga_Desconocida,126.0,2,0,Empate,0
23/05/2023,Sociedad,Almeria,1,0,H,15,2,2,2,10,2,sociedad,,1900.0,38279.0,Liga_Desconocida,126.0,1,1,Victoria_Local,0
23/05/2023,Valladolid,Barcelona,3,1,H,8,16,4,6,2,6,valladolid,,1900.0,38279.0,Liga_Desconocida,126.0,4,2,Victoria_Local,1
24/05/2023,Elche,Sevilla,1,1,D,20,9,7,3,9,5,elche,elche,1923.0,36017.0,Spanish La Liga,103.0,2,0,Empate,0
24/05/2023,Real Madrid,Vallecano,2,1,H,12,15,3,6,5,2,madrid,madrid,1903.0,67703.0,Spanish La Liga,123.0,3,1,Victoria_Local,1
24/05/2023,Villarreal,Cadiz,2,0,H,13,16,7,8,7,6,villarreal,,1900.0,38279.0,Liga_Desconocida,126.0,2,2,Victoria_Local,0
24/05/2023,Betis,Getafe,0,1,A,11,9,4,2,2,5,betis,,1900.0,38279.0,Liga_Desconocida,126.0,1,-1,Derrota_Local,0
24/05/2023,Espanol,Ath Madrid,3,3,D,26,16,13,7,16,1,espanol,,1900.0,38279.0,Liga_Desconocida,126.0,6,0,Empate,2
25/05/2023,Mallorca,Valencia,1,0,H,4,15,3,5,2,4,mallorca,,1900.0,38279.0,Liga_Desconocida,126.0,1,1,Victoria_Local,0
25/05/2023,Osasuna,Ath Bilbao,2,0,H,9,10,3,5,3,6,osasuna,,1900.0,38279.0,Liga_Desconocida,126.0,2,2,Victoria_Local,0
27/05/2023,Sevilla,Real Madrid,1,2,A,11,6,1,3,1,1,sevilla,,1900.0,38279.0,Liga_Desconocida,126.0,3,-1,Derrota_Local,2
28/05/2023,Almeria,Valladolid,0,0,D,23,8,7,2,2,4,almeria,,1900.0,38279.0,Liga_Desconocida,126.0,0,0,Empate,0
28/05/2023,Ath Bilbao,Elche,0,1,A,27,6,8,2,19,3,ath bilbao,,1900.0,38279.0,Liga_Desconocida,126.0,1,-1,Derrota_Local,0
28/05/2023,Ath Madrid,Sociedad,2,1,H,11,10,5,5,6,4,ath madrid,,1900.0,38279.0,Liga_Desconocida,126.0,3,1,Victoria_Local,0
28/05/2023,Barcelona,Mallorca,3,0,H,28,3,9,1,14,3,barcelona,barcelona,1899.0,99354.0,Spanish La Liga,127.0,3,3,Victoria_Local,1
28/05/2023,Cadiz,Celta,1,0,H,13,9,3,4,3,3,cadiz,,1900.0,38279.0,Liga_Desconocida,126.0,1,1,Victoria_Local,0
28/05/2023,Getafe,Osasuna,2,1,H,16,10,6,2,1,1,getafe,getafe,1946.0,17393.0,Spanish La Liga,80.0,3,1,Victoria_Local,0
28/05/2023,Girona,Betis,1,2,A,9,18,3,7,8,5,girona,,1900.0,38279.0,Liga_Desconocida,126.0,3,-1,Derrota_Local,2
28/05/2023,Valencia,Espanol,2,2,D,19,9,4,5,10,3,valencia,,1900.0,38279.0,Liga_Desconocida,126.0,4,0,Empate,2
28/05/2023,Vallecano,Villarreal,2,1,H,15,7,4,2,4,6,vallecano,,1900.0,38279.0,Liga_Desconocida,126.0,3,1,Victoria_Local,0
04/06/2023,Mallorca,Vallecano,3,0,H,8,20,4,4,2,6,mallorca,,1900.0,38279.0,Liga_Desconocida,126.0,3,3,Victoria_Local,1
04/06/2023,Osasuna,Girona,2,1,H,14,11,7,6,5,2,osasuna,,1900.0,38279.0,Liga_Desconocida,126.0,3,1,Victoria_Local,0
04/06/2023,Real Madrid,Ath Bilbao,1,1,D,9,15,2,9,5,6,madrid,madrid,1903.0,67703.0,Spanish La Liga,123.0,2,0,Empate,1
04/06/2023,Sociedad,Sevilla,2,1,H,17,9,6,4,5,2,sociedad,,1900.0,38279.0,Liga_Desconocida,126.0,3,1,Victoria_Local,0
04/06/2023,Villarreal,Ath Madrid,2,2,D,22,9,7,3,12,1,villarreal,,1900.0,38279.0,Liga_Desconocida,126.0,4,0,Empate,2
04/06/2023,Betis,Valencia,1,1,D,8,10,3,3,5,4,betis,,1900.0,38279.0,Liga_Desconocida,126.0,2,0,Empate,0
04/06/2023,Celta,Barcelona,2,1,H,12,9,9,2,2,4,celta,,1900.0,38279.0,Liga_Desconocida,126.0,3,1,Victoria_Local,0
04/06/2023,Elche,Cadiz,1,1,D,12,14,5,3,7,4,elche,elche,1923.0,36017.0,Spanish La Liga,103.0,2,0,Empate,0
04/06/2023,Espanol,Almeria,3,3,D,12,11,8,4,7,6,espanol,,1900.0,38279.0,Liga_Desconocida,126.0,6,0,Empate,2
04/06/2023,Valladolid,Getafe,0,0,D,15,4,0,1,6,1,valladolid,,1900.0,38279.0,Liga_Desconocida,126.0,0,0,Empate,0
11/08/2023,Burnley,Man City,0,3,A,6,17,1,8,6,5,burnley,,1900.0,38279.0,Liga_Desconocida,126.0,3,-3,Derrota_Local,2
12/08/2023,Arsenal,Nott'm Forest,2,1,H,15,6,7,2,8,3,arsenal,arsenal,1892.0,60338.0,English Premier League,134.0,3,1,Victoria_Local,1
12/08/2023,Bournemouth,West Ham,1,1,D,14,16,5,3,10,4,bournemouth,bournemouth,1890.0,11464.0,English Premier League,136.0,2,0,Empate,0
12/08/2023,Brighton,Luton,4,1,H,27,9,12,3,6,7,brighton,,1900.0,38279.0,Liga_Desconocida,126.0,5,3,Victoria_Local,1
12/08/2023,Everton,Fulham,0,1,A,19,9,9,2,10,4,everton,everton,1878.0,40157.0,English Premier League,148.0,1,-1,Derrota_Local,0
12/08/2023,Sheffield United,Crystal Palace,0,1,A,8,24,1,8,5,5,sheffield united,,1900.0,38279.0,Liga_Desconocida,126.0,1,-1,Derrota_Local,0
12/08/2023,Newcastle,Aston Villa,5,1,H,17,16,13,6,6,5,newcastle,,1900.0,38279.0,Liga_Desconocida,126.0,6,4,Victoria_Local,1
13/08/2023,Brentford,Tottenham,2,2,D,11,18,6,6,3,6,brentford,brentford,1889.0,17250.0,English Premier League,137.0,4,0,Empate,2
13/08/2023,Chelsea,Liverpool,1,1,D,10,13,4,1,4,4,chelsea,chelsea,1905.0,41798.0,English Premier League,121.0,2,0,Empate,0
14/08/2023,Man United,Wolves,1,0,H,15,23,3,6,8,7,man united,,1900.0,38279.0,Liga_Desconocida,126.0,1,1,Victoria_Local,0
18/08/2023,Nott'm Forest,Sheffield United,2,1,H,16,7,4,3,6,7,nottm forest,,1900.0,38279.0,Liga_Desconocida,126.0,3,1,Victoria_Local,0
19/08/2023,Fulham,Brentford,0,3,A,10,17,2,8,5,5,fulham,fulham,1879.0,25700.0,English Premier League,147.0,3,-3,Derrota_Local,2
19/08/2023,Liverpool,Bournemouth,3,1,H,26,13,10,5,10,2,liverpool,,1900.0,38279.0,Liga_Desconocida,126.0,4,2,Victoria_Local,1
19/08/2023,Wolves,Brighton,1,4,A,16,16,5,8,5,3,wolves,,1900.0,38279.0,Liga_Desconocida,126.0,5,-3,Derrota_Local,2
19/08/2023,Tottenham,Man United,2,0,H,17,22,6,6,5,6,tottenham,,1900.0,38279.0,Liga_Desconocida,126.0,2,2,Victoria_Local,0
19/08/2023,Man City,Newcastle,1,0,H,14,7,4,1,3,0,man city,,1900.0,38279.0,Liga_Desconocida,126.0,1,1,Victoria_Local,0
20/08/2023,Aston Villa,Everton,4,0,H,13,9,7,2,7,6,aston villa,aston villa,1874.0,42785.0,English Premier League,152.0,4,4,Victoria_Local,1
20/08/2023,West Ham,Chelsea,3,1,H,12,17,6,4,3,9,west ham,,1900.0,38279.0,Liga_Desconocida,126.0,4,2,Victoria_Local,1
21/08/2023,Crystal Palace,Arsenal,0,1,A,14,14,2,3,1,8,crystal palace,crystal palace,1905.0,26255.0,English Premier League,121.0,1,-1,Derrota_Local,0
25/08/2023,Chelsea,Luton,3,0,H,19,11,8,1,6,4,chelsea,chelsea,1905.0,41798.0,English Premier League,121.0,3,3,Victoria_Local,1
26/08/2023,Bournemouth,Tottenham,0,2,A,11,17,3,6,6,2,bournemouth,bournemouth,1890.0,11464.0,English Premier League,136.0,2,-2,Derrota_Local,2
26/08/2023,Arsenal,Fulham,2,2,D,19,8,11,3,8,3,arsenal,arsenal,1892.0,60338.0,English Premier League,134.0,4,0,Empate,1
26/08/2023,Brentford,Crystal Palace,1,1,D,12,15,1,5,8,6,brentford,brentford,1889.0,17250.0,English Premier League,137.0,2,0,Empate,0
26/08/2023,Everton,Wolves,0,1,A,15,11,7,2,7,0,everton,everton,1878.0,40157.0,English Premier League,148.0,1,-1,Derrota_Local,0
26/08/2023,Man United,Nott'm Forest,3,2,H,18,9,9,4,11,3,man united,,1900.0,38279.0,Liga_Desconocida,126.0,5,1,Victoria_Local,1
26/08/2023,Brighton,West Ham,1,3,A,25,12,10,3,17,4,brighton,,1900.0,38279.0,Liga_Desconocida,126.0,4,-2,Derrota_Local,2
27/08/2023,Burnley,Aston Villa,1,3,A,9,16,2,6,4,6,burnley,,1900.0,38279.0,Liga_Desconocida,126.0,4,-2,Derrota_Local,2
27/08/2023,Sheffield United,Man City,1,2,A,6,30,2,9,1,12,sheffield united,,1900.0,38279.0,Liga_Desconocida,126.0,3,-1,Derrota_Local,2
27/08/2023,Newcastle,Liverpool,1,2,A,23,9,8,4,5,9,newcastle,,1900.0,38279.0,Liga_Desconocida,126.0,3,-1,Derrota_Local,2
01/09/2023,Luton,West Ham,1,2,A,16,9,1,3,9,6,luton,,1900.0,38279.0,Liga_Desconocida,126.0,3,-1,Derrota_Local,2
02/09/2023,Sheffield United,Everton,2,2,D,13,16,8,6,4,6,sheffield united,,1900.0,38279.0,Liga_Desconocida,126.0,4,0,Empate,2
02/09/2023,Brentford,Bournemouth,2,2,D,21,12,7,5,5,2,brentford,brentford,1889.0,17250.0,English Premier League,137.0,4,0,Empate,2
02/09/2023,Burnley,Tottenham,2,5,A,16,20,4,10,7,4,burnley,,1900.0,38279.0,Liga_Desconocida,126.0,7,-3,Derrota_Local,2
02/09/2023,Chelsea,Nott'm Forest,0,1,A,21,7,2,3,8,0,chelsea,chelsea,1905.0,41798.0,English Premier League,121.0,1,-1,Derrota_Local,0
02/09/2023,Man City,Fulham,5,1,H,7,6,5,4,4,5,man city,,1900.0,38279.0,Liga_Desconocida,126.0,6,4,Victoria_Local,1
02/09/2023,Brighton,Newcastle,3,1,H,15,9,6,2,5,3,brighton,,1900.0,38279.0,Liga_Desconocida,126.0,4,2,Victoria_Local,1
03/09/2023,Crystal Palace,Wolves,3,2,H,16,12,11,4,4,2,crystal palace,crystal palace,1905.0,26255.0,English Premier League,121.0,5,1,Victoria_Local,2
03/09/2023,Liverpool,Aston Villa,3,0,H,17,9,4,3,7,3,liverpool,,1900.0,38279.0,Liga_Desconocida,126.0,3,3,Victoria_Local,1
03/09/2023,Arsenal,Man United,3,1,H,17,10,5,2,12,3,arsenal,arsenal,1892.0,60338.0,English Premier League,134.0,4,2,Victoria_Local,1
16/09/2023,Wolves,Liverpool,1,3,A,11,16,2,6,4,4,wolves,,1900.0,38279.0,Liga_Desconocida,126.0,4,-2,Derrota_Local,2
16/09/2023,Aston Villa,Crystal Palace,3,1,H,16,6,5,3,4,2,aston villa,aston villa,1874.0,42785.0,English Premier League,152.0,4,2,Victoria_Local,1
16/09/2023,Fulham,Luton,1,0,H,13,7,2,2,6,2,fulham,fulham,1879.0,25700.0,English Premier League,147.0,1,1,Victoria_Local,0
16/09/2023,Man United,Brighton,1,3,A,14,10,4,8,8,1,man united,,1900.0,38279.0,Liga_Desconocida,126.0,4,-2,Derrota_Local,2
16/09/2023,Tottenham,Sheffield United,2,1,H,28,7,10,5,15,2,tottenham,,1900.0,38279.0,Liga_Desconocida,126.0,3,1,Victoria_Local,0
16/09/2023,West Ham,Man City,1,3,A,6,29,3,15,4,11,west ham,,1900.0,38279.0,Liga_Desconocida,126.0,4,-2,Derrota_Local,2
16/09/2023,Newcastle,Brentford,1,0,H,9,11,2,2,8,3,newcastle,,1900.0,38279.0,Liga_Desconocida,126.0,1,1,Victoria_Local,0
17/09/2023,Bournemouth,Chelsea,0,0,D,13,14,4,6,1,7,bournemouth,bournemouth,1890.0,11464.0,English Premier League,136.0,0,0,Empate,0
17/09/2023,Everton,Arsenal,0,1,A,8,13,1,4,1,11,everton,everton,1878.0,40157.0,English Premier League,148.0,1,-1,Derrota_Local,0
18/09/2023,Nott'm Forest,Burnley,1,1,D,14,10,4,3,5,4,nottm forest,,1900.0,38279.0,Liga_Desconocida,126.0,2,0,Empate,0
23/09/2023,Crystal Palace,Fulham,0,0,D,7,10,3,5,3,2,crystal palace,crystal palace,1905.0,26255.0,English Premier League,121.0,0,0,Empate,0
23/09/2023,Luton,Wolves,1,1,D,20,3,4,3,10,1,luton,,1900.0,38279.0,Liga_Desconocida,126.0,2,0,Empate,0
23/09/2023,Man City,Nott'm Forest,2,0,H,7,10,4,3,6,6,man city,,1900.0,38279.0,Liga_Desconocida,126.0,2,2,Victoria_Local,0
23/09/2023,Brentford,Everton,1,3,A,12,18,2,6,1,4,brentford,brentford,1889.0,17250.0,English Premier League,137.0,4,-2,Derrota_Local,2
23/09/2023,Burnley,Man United,0,1,A,12,11,4,4,9,5,burnley,,1900.0,38279.0,Liga_Desconocida,126.0,1,-1,Derrota_Local,0
24/09/2023,Arsenal,Tottenham,2,2,D,13,13,6,5,11,4,arsenal,arsenal,1892.0,60338.0,English Premier League,134.0,4,0,Empate,1
24/09/2023,Brighton,Bournemouth,3,1,H,13,12,4,4,4,4,brighton,,1900.0,38279.0,Liga_Desconocida,126.0,4,2,Victoria_Local,1
24/09/2023,Chelsea,Aston Villa,0,1,A,10,15,4,7,5,11,chelsea,chelsea,1905.0,41798.0,English Premier League,121.0,1,-1,Derrota_Local,0
24/09/2023,Liverpool,West Ham,3,1,H,22,11,7,4,7,4,liverpool,,1900.0,38279.0,Liga_Desconocida,126.0,4,2,Victoria_Local,1
24/09/2023,Sheffield United,Newcastle,0,8,A,9,22,1,15,2,6,sheffield united,,1900.0,38279.0,Liga_Desconocida,126.0,8,-8,Derrota_Local,2
30/09/2023,Aston Villa,Brighton,6,1,H,19,11,9,3,1,3,aston villa,aston villa,1874.0,42785.0,English Premier League,152.0,7,5,Victoria_Local,1
30/09/2023,Bournemouth,Arsenal,0,4,A,8,15,1,8,6,6,bournemouth,bournemouth,1890.0,11464.0,English Premier League,136.0,4,-4,Derrota_Local,2
30/09/2023,Everton,Luton,1,2,A,23,9,5,2,3,6,everton,everton,1878.0,40157.0,English Premier League,148.0,3,-1,Derrota_Local,2
30/09/2023,Man United,Crystal Palace,0,1,A,19,8,4,2,10,4,man united,,1900.0,38279.0,Liga_Desconocida,126.0,1,-1,Derrota_Local,0
30/09/2023,Newcastle,Burnley,2,0,H,20,8,8,2,5,3,newcastle,,1900.0,38279.0,Liga_Desconocida,126.0,2,2,Victoria_Local,0
30/09/2023,West Ham,Sheffield United,2,0,H,20,16,9,2,7,4,west ham,,1900.0,38279.0,Liga_Desconocida,126.0,2,2,Victoria_Local,0
30/09/2023,Wolves,Man City,2,1,H,3,23,1,8,0,6,wolves,,1900.0,38279.0,Liga_Desconocida,126.0,3,1,Victoria_Local,0
30/09/2023,Tottenham,Liverpool,2,1,H,24,12,8,4,12,5,tottenham,,1900.0,38279.0,Liga_Desconocida,126.0,3,1,Victoria_Local,0
01/10/2023,Nott'm Forest,Brentford,1,1,D,6,18,1,5,1,11,nottm forest,,1900.0,38279.0,Liga_Desconocida,126.0,2,0,Empate,0
02/10/2023,Fulham,Chelsea,0,2,A,10,11,3,4,8,1,fulham,fulham,1879.0,25700.0,English Premier League,147.0,2,-2,Derrota_Local,2
03/10/2023,Luton,Burnley,1,2,A,18,14,3,4,7,6,luton,,1900.0,38279.0,Liga_Desconocida,126.0,3,-1,Derrota_Local,2
07/10/2023,Luton,Tottenham,0,1,A,12,15,2,4,5,6,luton,,1900.0,38279.0,Liga_Desconocida,126.0,1,-1,Derrota_Local,0
07/10/2023,Burnley,Chelsea,1,4,A,10,9,3,5,7,3,burnley,,1900.0,38279.0,Liga_Desconocida,126.0,5,-3,Derrota_Local,2
07/10/2023,Everton,Bournemouth,3,0,H,25,11,8,4,8,7,everton,everton,1878.0,40157.0,English Premier League,148.0,3,3,Victoria_Local,1
07/10/2023,Fulham,Sheffield United,3,1,H,20,5,6,2,9,4,fulham,fulham,1879.0,25700.0,English Premier League,147.0,4,2,Victoria_Local,1
07/10/2023,Man United,Brentford,2,1,H,21,11,8,3,7,5,man united,,1900.0,38279.0,Liga_Desconocida,126.0,3,1,Victoria_Local,0
07/10/2023,Crystal Palace,Nott'm Forest,0,0,D,8,16,2,5,3,7,crystal palace,crystal palace,1905.0,26255.0,English Premier League,121.0,0,0,Empate,0
08/10/2023,Brighton,Liverpool,2,2,D,14,14,3,4,8,1,brighton,,1900.0,38279.0,Liga_Desconocida,126.0,4,0,Empate,2
08/10/2023,West Ham,Newcastle,2,2,D,5,10,3,3,4,2,west ham,,1900.0,38279.0,Liga_Desconocida,126.0,4,0,Empate,2
08/10/2023,Wolves,Aston Villa,1,1,D,8,18,3,4,2,10,wolves,,1900.0,38279.0,Liga_Desconocida,126.0,2,0,Empate,0
08/10/2023,Arsenal,Man City,1,0,H,12,4,2,1,5,4,arsenal,arsenal,1892.0,60338.0,English Premier League,134.0,1,1,Victoria_Local,1
21/10/2023,Liverpool,Everton,2,0,H,26,6,6,1,12,4,liverpool,,1900.0,38279.0,Liga_Desconocida,126.0,2,2,Victoria_Local,0
21/10/2023,Bournemouth,Wolves,1,2,A,7,20,4,7,3,12,bournemouth,bournemouth,1890.0,11464.0,English Premier League,136.0,3,-1,Derrota_Local,2
21/10/2023,Brentford,Burnley,3,0,H,23,6,10,1,5,5,brentford,brentford,1889.0,17250.0,English Premier League,137.0,3,3,Victoria_Local,0
21/10/2023,Man City,Brighton,2,1,H,10,5,6,3,2,2,man city,,1900.0,38279.0,Liga_Desconocida,126.0,3,1,Victoria_Local,0
21/10/2023,Newcastle,Crystal Palace,4,0,H,10,17,7,3,6,8,newcastle,,1900.0,38279.0,Liga_Desconocida,126.0,4,4,Victoria_Local,1
21/10/2023,Nott'm Forest,Luton,2,2,D,19,13,8,4,4,2,nottm forest,,1900.0,38279.0,Liga_Desconocida,126.0,4,0,Empate,2
21/10/2023,Chelsea,Arsenal,2,2,D,11,13,5,3,2,7,chelsea,chelsea,1905.0,41798.0,English Premier League,121.0,4,0,Empate,2
21/10/2023,Sheffield United,Man United,1,2,A,12,14,6,5,5,4,sheffield united,,1900.0,38279.0,Liga_Desconocida,126.0,3,-1,Derrota_Local,2
22/10/2023,Aston Villa,West Ham,4,1,H,15,14,7,4,8,7,aston villa,aston villa,1874.0,42785.0,English Premier League,152.0,5,3,Victoria_Local,1
23/10/2023,Tottenham,Fulham,2,0,H,15,10,5,3,3,5,tottenham,,1900.0,38279.0,Liga_Desconocida,126.0,2,2,Victoria_Local,0
27/10/2023,Crystal Palace,Tottenham,1,2,A,13,10,3,1,11,2,crystal palace,crystal palace,1905.0,26255.0,English Premier League,121.0,3,-1,Derrota_Local,2
28/10/2023,Chelsea,Brentford,0,2,A,17,7,2,5,10,1,chelsea,chelsea,1905.0,41798.0,English Premier League,121.0,2,-2,Derrota_Local,2
28/10/2023,Arsenal,Sheffield United,5,0,H,13,2,8,0,6,1,arsenal,arsenal,1892.0,60338.0,English Premier League,134.0,5,5,Victoria_Local,1
28/10/2023,Bournemouth,Burnley,2,1,H,13,6,6,3,10,5,bournemouth,bournemouth,1890.0,11464.0,English Premier League,136.0,3,1,Victoria_Local,0
28/10/2023,Wolves,Newcastle,2,2,D,11,13,6,5,8,7,wolves,,1900.0,38279.0,Liga_Desconocida,126.0,4,0,Empate,2
29/10/2023,West Ham,Everton,0,1,A,12,10,2,4,4,3,west ham,,1900.0,38279.0,Liga_Desconocida,126.0,1,-1,Derrota_Local,0
29/10/2023,Aston Villa,Luton,3,1,H,17,7,6,1,6,4,aston villa,aston villa,1874.0,42785.0,English Premier League,152.0,4,2,Victoria_Local,1
29/10/2023,Brighton,Fulham,1,1,D,18,10,7,5,7,3,brighton,,1900.0,38279.0,Liga_Desconocida,126.0,2,0,Empate,0
29/10/2023,Liverpool,Nott'm Forest,3,0,H,21,9,8,1,8,3,liverpool,,1900.0,38279.0,Liga_Desconocida,126.0,3,3,Victoria_Local,1
29/10/2023,Man United,Man City,0,3,A,7,21,3,10,7,12,man united,,1900.0,38279.0,Liga_Desconocida,126.0,3,-3,Derrota_Local,2
04/11/2023,Fulham,Man United,0,1,A,18,12,3,5,9,4,fulham,fulham,1879.0,25700.0,English Premier League,147.0,1,-1,Derrota_Local,0
04/11/2023,Brentford,West Ham,3,2,H,16,12,4,2,4,3,brentford,brentford,1889.0,17250.0,English Premier League,137.0,5,1,Victoria_Local,2
04/11/2023,Burnley,Crystal Palace,0,2,A,17,4,5,3,12,1,burnley,,1900.0,38279.0,Liga_Desconocida,126.0,2,-2,Derrota_Local,2
04/11/2023,Everton,Brighton,1,1,D,10,7,4,2,3,3,everton,everton,1878.0,40157.0,English Premier League,148.0,2,0,Empate,0
04/11/2023,Man City,Bournemouth,6,1,H,21,5,8,1,12,1,man city,,1900.0,38279.0,Liga_Desconocida,126.0,7,5,Victoria_Local,1
04/11/2023,Sheffield United,Wolves,2,1,H,11,10,2,3,4,4,sheffield united,,1900.0,38279.0,Liga_Desconocida,126.0,3,1,Victoria_Local,0
04/11/2023,Newcastle,Arsenal,1,0,H,9,14,2,1,0,11,newcastle,,1900.0,38279.0,Liga_Desconocida,126.0,1,1,Victoria_Local,0
05/11/2023,Nott'm Forest,Aston Villa,2,0,H,5,13,3,3,0,10,nottm forest,,1900.0,38279.0,Liga_Desconocida,126.0,2,2,Victoria_Local,0
05/11/2023,Luton,Liverpool,1,1,D,8,24,5,6,4,7,luton,,1900.0,38279.0,Liga_Desconocida,126.0,2,0,Empate,0
06/11/2023,Tottenham,Chelsea,1,4,A,8,17,5,8,1,6,tottenham,,1900.0,38279.0,Liga_Desconocida,126.0,5,-3,Derrota_Local,2
11/11/2023,Wolves,Tottenham,2,1,H,17,6,4,2,11,3,wolves,,1900.0,38279.0,Liga_Desconocida,126.0,3,1,Victoria_Local,0
11/11/2023,Arsenal,Burnley,3,1,H,16,8,6,5,3,3,arsenal,arsenal,1892.0,60338.0,English Premier League,134.0,4,2,Victoria_Local,1
11/11/2023,Crystal Palace,Everton,2,3,A,13,8,4,4,9,2,crystal palace,crystal palace,1905.0,26255.0,English Premier League,121.0,5,-1,Derrota_Local,2
11/11/2023,Man United,Luton,1,0,H,15,10,4,4,11,3,man united,,1900.0,38279.0,Liga_Desconocida,126.0,1,1,Victoria_Local,0
11/11/2023,Bournemouth,Newcastle,2,0,H,19,8,10,5,6,5,bournemouth,bournemouth,1890.0,11464.0,English Premier League,136.0,2,2,Victoria_Local,0
12/11/2023,Aston Villa,Fulham,3,1,H,12,9,6,5,2,2,aston villa,aston villa,1874.0,42785.0,English Premier League,152.0,4,2,Victoria_Local,1
12/11/2023,Brighton,Sheffield United,1,1,D,11,9,6,1,6,3,brighton,,1900.0,38279.0,Liga_Desconocida,126.0,2,0,Empate,0
12/11/2023,Liverpool,Brentford,3,0,H,17,16,10,3,6,8,liverpool,,1900.0,38279.0,Liga_Desconocida,126.0,3,3,Victoria_Local,1
12/11/2023,West Ham,Nott'm Forest,3,2,H,16,10,6,5,9,4,west ham,,1900.0,38279.0,Liga_Desconocida,126.0,5,1,Victoria_Local,1
12/11/2023,Chelsea,Man City,4,4,D,17,15,9,10,3,3,chelsea,chelsea,1905.0,41798.0,English Premier League,121.0,8,0,Empate,2
25/11/2023,Man City,Liverpool,1,1,D,16,8,5,3,9,6,man city,,1900.0,38279.0,Liga_Desconocida,126.0,2,0,Empate,0
25/11/2023,Burnley,West Ham,1,2,A,11,11,5,3,4,5,burnley,,1900.0,38279.0,Liga_Desconocida,126.0,3,-1,Derrota_Local,2
25/11/2023,Luton,Crystal Palace,2,1,H,8,16,3,8,4,5,luton,,1900.0,38279.0,Liga_Desconocida,126.0,3,1,Victoria_Local,0
25/11/2023,Newcastle,Chelsea,4,1,H,14,7,5,4,4,2,newcastle,,1900.0,38279.0,Liga_Desconocida,126.0,5,3,Victoria_Local,1
25/11/2023,Nott'm Forest,Brighton,2,3,A,18,11,5,5,6,4,nottm forest,,1900.0,38279.0,Liga_Desconocida,126.0,5,-1,Derrota_Local,2
25/11/2023,Sheffield United,Bournemouth,1,3,A,10,23,2,11,4,7,sheffield united,,1900.0,38279.0,Liga_Desconocida,126.0,4,-2,Derrota_Local,2
25/11/2023,Brentford,Arsenal,0,1,A,9,15,3,4,1,8,brentford,brentford,1889.0,17250.0,English Premier League,137.0,1,-1,Derrota_Local,0
26/11/2023,Tottenham,Aston Villa,1,2,A,18,15,8,5,9,3,tottenham,,1900.0,38279.0,Liga_Desconocida,126.0,3,-1,Derrota_Local,2
26/11/2023,Everton,Man United,0,3,A,24,9,6,4,6,5,everton,everton,1878.0,40157.0,English Premier League,148.0,3,-3,Derrota_Local,2
27/11/2023,Fulham,Wolves,3,2,H,12,10,6,6,6,2,fulham,fulham,1879.0,25700.0,English Premier League,147.0,5,1,Victoria_Local,2
02/12/2023,Arsenal,Wolves,2,1,H,19,6,6,3,4,0,arsenal,arsenal,1892.0,60338.0,English Premier League,134.0,3,1,Victoria_Local,1
02/12/2023,Brentford,Luton,3,1,H,27,7,6,1,7,5,brentford,brentford,1889.0,17250.0,English Premier League,137.0,4,2,Victoria_Local,0
02/12/2023,Burnley,Sheffield United,5,0,H,19,6,7,3,6,1,burnley,,1900.0,38279.0,Liga_Desconocida,126.0,5,5,Victoria_Local,1
02/12/2023,Nott'm Forest,Everton,0,1,A,13,12,2,3,4,3,nottm forest,,1900.0,38279.0,Liga_Desconocida,126.0,1,-1,Derrota_Local,0
02/12/2023,Newcastle,Man United,1,0,H,22,8,4,1,7,3,newcastle,,1900.0,38279.0,Liga_Desconocida,126.0,1,1,Victoria_Local,0
03/12/2023,Bournemouth,Aston Villa,2,2,D,15,11,7,3,7,7,bournemouth,bournemouth,1890.0,11464.0,English Premier League,136.0,4,0,Empate,2
03/12/2023,Chelsea,Brighton,3,2,H,8,18,5,9,5,8,chelsea,chelsea,1905.0,41798.0,English Premier League,121.0,5,1,Victoria_Local,1
03/12/2023,Liverpool,Fulham,4,3,H,26,9,12,5,3,4,liverpool,,1900.0,38279.0,Liga_Desconocida,126.0,7,1,Victoria_Local,1
03/12/2023,West Ham,Crystal Palace,1,1,D,9,9,3,2,2,3,west ham,,1900.0,38279.0,Liga_Desconocida,126.0,2,0,Empate,0
03/12/2023,Man City,Tottenham,3,3,D,18,8,4,4,10,8,man city,,1900.0,38279.0,Liga_Desconocida,126.0,6,0,Empate,2
05/12/2023,Wolves,Burnley,1,0,H,7,12,4,3,6,8,wolves,,1900.0,38279.0,Liga_Desconocida,126.0,1,1,Victoria_Local,0
05/12/2023,Luton,Arsenal,3,4,A,6,23,4,9,3,8,luton,,1900.0,38279.0,Liga_Desconocida,126.0,7,-1,Derrota_Local,2
06/12/2023,Brighton,Brentford,2,1,H,18,8,7,2,7,3,brighton,,1900.0,38279.0,Liga_Desconocida,126.0,3,1,Victoria_Local,0
06/12/2023,Crystal Palace,Bournemouth,0,2,A,16,11,3,4,3,9,crystal palace,crystal palace,1905.0,26255.0,English Premier League,121.0,2,-2,Derrota_Local,2
06/12/2023,Fulham,Nott'm Forest,5,0,H,14,4,6,1,6,1,fulham,fulham,1879.0,25700.0,English Premier League,147.0,5,5,Victoria_Local,1
06/12/2023,Sheffield United,Liverpool,0,2,A,6,15,1,8,2,12,sheffield united,,1900.0,38279.0,Liga_Desconocida,126.0,2,-2,Derrota_Local,2
06/12/2023,Aston Villa,Man City,1,0,H,22,2,7,2,6,0,aston villa,aston villa,1874.0,42785.0,English Premier League,152.0,1,1,Victoria_Local,0
06/12/2023,Man United,Chelsea,2,1,H,28,13,9,3,12,4,man united,,1900.0,38279.0,Liga_Desconocida,126.0,3,1,Victoria_Local,0
07/12/2023,Everton,Newcastle,3,0,H,21,13,6,3,5,2,everton,everton,1878.0,40157.0,English Premier League,148.0,3,3,Victoria_Local,1
07/12/2023,Tottenham,West Ham,1,2,A,23,11,7,5,8,4,tottenham,,1900.0,38279.0,Liga_Desconocida,126.0,3,-1,Derrota_Local,2
09/12/2023,Crystal Palace,Liverpool,1,2,A,8,14,4,2,6,5,crystal palace,crystal palace,1905.0,26255.0,English Premier League,121.0,3,-1,Derrota_Local,2
09/12/2023,Brighton,Burnley,1,1,D,29,6,11,3,9,1,brighton,,1900.0,38279.0,Liga_Desconocida,126.0,2,0,Empate,0
09/12/2023,Man United,Bournemouth,0,3,A,20,10,3,4,10,4,man united,,1900.0,38279.0,Liga_Desconocida,126.0,3,-3,Derrota_Local,2
09/12/2023,Sheffield United,Brentford,1,0,H,9,10,4,4,3,4,sheffield united,,1900.0,38279.0,Liga_Desconocida,126.0,1,1,Victoria_Local,0
09/12/2023,Wolves,Nott'm Forest,1,1,D,10,8,4,2,4,3,wolves,,1900.0,38279.0,Liga_Desconocida,126.0,2,0,Empate,0
09/12/2023,Aston Villa,Arsenal,1,0,H,10,12,3,5,3,3,aston villa,aston villa,1874.0,42785.0,English Premier League,152.0,1,1,Victoria_Local,0
10/12/2023,Everton,Chelsea,2,0,H,9,16,5,4,4,8,everton,everton,1878.0,40157.0,English Premier League,148.0,2,2,Victoria_Local,1
10/12/2023,Fulham,West Ham,5,0,H,14,9,8,5,3,6,fulham,fulham,1879.0,25700.0,English Premier League,147.0,5,5,Victoria_Local,1
10/12/2023,Luton,Man City,1,2,A,4,18,2,6,6,3,luton,,1900.0,38279.0,Liga_Desconocida,126.0,3,-1,Derrota_Local,2
10/12/2023,Tottenham,Newcastle,4,1,H,23,9,12,3,3,6,tottenham,,1900.0,38279.0,Liga_Desconocida,126.0,5,3,Victoria_Local,1
15/12/2023,Nott'm Forest,Tottenham,0,2,A,15,12,1,6,6,4,nottm forest,,1900.0,38279.0,Liga_Desconocida,126.0,2,-2,Derrota_Local,2
16/12/2023,Chelsea,Sheffield United,2,0,H,15,6,6,1,7,6,chelsea,chelsea,1905.0,41798.0,English Premier League,121.0,2,2,Victoria_Local,0
16/12/2023,Man City,Crystal Palace,2,2,D,19,5,9,2,6,1,man city,,1900.0,38279.0,Liga_Desconocida,126.0,4,0,Empate,2
16/12/2023,Newcastle,Fulham,3,0,H,27,6,10,4,5,1,newcastle,,1900.0,38279.0,Liga_Desconocida,126.0,3,3,Victoria_Local,1
16/12/2023,Burnley,Everton,0,2,A,14,9,2,6,8,6,burnley,,1900.0,38279.0,Liga_Desconocida,126.0,2,-2,Derrota_Local,2
17/12/2023,Arsenal,Brighton,2,0,H,26,6,9,1,10,1,arsenal,arsenal,1892.0,60338.0,English Premier League,134.0,2,2,Victoria_Local,1
17/12/2023,Brentford,Aston Villa,1,2,A,4,15,3,5,7,12,brentford,brentford,1889.0,17250.0,English Premier League,137.0,3,-1,Derrota_Local,2
17/12/2023,West Ham,Wolves,3,0,H,13,14,4,3,6,6,west ham,,1900.0,38279.0,Liga_Desconocida,126.0,3,3,Victoria_Local,1
17/12/2023,Liverpool,Man United,0,0,D,34,6,8,1,12,0,liverpool,,1900.0,38279.0,Liga_Desconocida,126.0,0,0,Empate,0
21/12/2023,Crystal Palace,Brighton,1,1,D,11,18,3,6,3,1,crystal palace,crystal palace,1905.0,26255.0,English Premier League,121.0,2,0,Empate,0
22/12/2023,Aston Villa,Sheffield United,1,1,D,12,5,4,2,9,1,aston villa,aston villa,1874.0,42785.0,English Premier League,152.0,2,0,Empate,0
23/12/2023,West Ham,Man United,2,0,H,12,11,5,3,4,4,west ham,,1900.0,38279.0,Liga_Desconocida,126.0,2,2,Victoria_Local,0
23/12/2023,Fulham,Burnley,0,2,A,19,7,5,2,8,6,fulham,fulham,1879.0,25700.0,English Premier League,147.0,2,-2,Derrota_Local,2
23/12/2023,Luton,Newcastle,1,0,H,16,15,5,2,6,7,luton,,1900.0,38279.0,Liga_Desconocida,126.0,1,1,Victoria_Local,0
23/12/2023,Nott'm Forest,Bournemouth,2,3,A,11,18,5,7,6,6,nottm forest,,1900.0,38279.0,Liga_Desconocida,126.0,5,-1,Derrota_Local,2
23/12/2023,Tottenham,Everton,2,1,H,13,18,6,8,3,8,tottenham,,1900.0,38279.0,Liga_Desconocida,126.0,3,1,Victoria_Local,0
23/12/2023,Liverpool,Arsenal,1,1,D,13,13,3,2,4,5,liverpool,,1900.0,38279.0,Liga_Desconocida,126.0,2,0,Empate,0
24/12/2023,Wolves,Chelsea,2,1,H,14,16,6,5,10,6,wolves,,1900.0,38279.0,Liga_Desconocida,126.0,3,1,Victoria_Local,0
26/12/2023,Newcastle,Nott'm Forest,1,3,A,19,15,7,6,10,2,newcastle,,1900.0,38279.0,Liga_Desconocida,126.0,4,-2,Derrota_Local,2
26/12/2023,Bournemouth,Fulham,3,0,H,16,8,4,3,6,5,bournemouth,bournemouth,1890.0,11464.0,English Premier League,136.0,3,3,Victoria_Local,0
26/12/2023,Sheffield United,Luton,2,3,A,21,12,6,4,9,4,sheffield united,,1900.0,38279.0,Liga_Desconocida,126.0,5,-1,Derrota_Local,2
26/12/2023,Burnley,Liverpool,0,2,A,9,19,0,10,4,4,burnley,,1900.0,38279.0,Liga_Desconocida,126.0,2,-2,Derrota_Local,2
26/12/2023,Man United,Aston Villa,3,2,H,13,10,7,4,3,6,man united,,1900.0,38279.0,Liga_Desconocida,126.0,5,1,Victoria_Local,1
27/12/2023,Brentford,Wolves,1,4,A,14,11,4,5,8,2,brentford,brentford,1889.0,17250.0,English Premier League,137.0,5,-3,Derrota_Local,2
27/12/2023,Chelsea,Crystal Palace,2,1,H,9,13,4,5,4,3,chelsea,chelsea,1905.0,41798.0,English Premier League,121.0,3,1,Victoria_Local,0
27/12/2023,Everton,Man City,1,3,A,7,23,2,9,8,4,everton,everton,1878.0,40157.0,English Premier League,148.0,4,-2,Derrota_Local,2
28/12/2023,Brighton,Tottenham,4,2,H,15,19,9,3,7,6,brighton,,1900.0,38279.0,Liga_Desconocida,126.0,6,2,Victoria_Local,1
28/12/2023,Arsenal,West Ham,0,2,A,30,6,8,3,10,3,arsenal,arsenal,1892.0,60338.0,English Premier League,134.0,2,-2,Derrota_Local,2
30/12/2023,Luton,Chelsea,2,3,A,15,12,6,8,7,2,luton,,1900.0,38279.0,Liga_Desconocida,126.0,5,-1,Derrota_Local,2
30/12/2023,Aston Villa,Burnley,3,2,H,19,9,7,5,6,2,aston villa,aston villa,1874.0,42785.0,English Premier League,152.0,5,1,Victoria_Local,1
30/12/2023,Crystal Palace,Brentford,3,1,H,13,9,6,4,7,4,crystal palace,crystal palace,1905.0,26255.0,English Premier League,121.0,4,2,Victoria_Local,0
30/12/2023,Man City,Sheffield United,2,0,H,18,4,4,2,12,2,man city,,1900.0,38279.0,Liga_Desconocida,126.0,2,2,Victoria_Local,0
30/12/2023,Wolves,Everton,3,0,H,12,10,6,0,5,2,wolves,,1900.0,38279.0,Liga_Desconocida,126.0,3,3,Victoria_Local,1
30/12/2023,Nott'm Forest,Man United,2,1,H,8,10,2,5,4,5,nottm forest,,1900.0,38279.0,Liga_Desconocida,126.0,3,1,Victoria_Local,0
31/12/2023,Fulham,Arsenal,2,1,H,15,13,4,3,5,4,fulham,fulham,1879.0,25700.0,English Premier League,147.0,3,1,Victoria_Local,0
31/12/2023,Tottenham,Bournemouth,3,1,H,12,24,6,4,4,13,tottenham,,1900.0,38279.0,Liga_Desconocida,126.0,4,2,Victoria_Local,1
01/01/2024,Liverpool,Newcastle,4,2,H,34,5,15,3,7,3,liverpool,,1900.0,38279.0,Liga_Desconocida,126.0,6,2,Victoria_Local,1
02/01/2024,West Ham,Brighton,0,0,D,6,22,2,8,2,0,west ham,,1900.0,38279.0,Liga_Desconocida,126.0,0,0,Empate,0
12/01/2024,Burnley,Luton,1,1,D,13,14,7,5,2,8,burnley,,1900.0,38279.0,Liga_Desconocida,126.0,2,0,Empate,0
13/01/2024,Chelsea,Fulham,1,0,H,17,14,3,4,6,4,chelsea,chelsea,1905.0,41798.0,English Premier League,121.0,1,1,Victoria_Local,0
13/01/2024,Newcastle,Man City,2,3,A,12,27,5,11,3,13,newcastle,,1900.0,38279.0,Liga_Desconocida,126.0,5,-1,Derrota_Local,2
14/01/2024,Everton,Aston Villa,0,0,D,10,16,2,5,4,5,everton,everton,1878.0,40157.0,English Premier League,148.0,0,0,Empate,0
14/01/2024,Man United,Tottenham,2,2,D,9,16,2,6,8,13,man united,,1900.0,38279.0,Liga_Desconocida,126.0,4,0,Empate,2
20/01/2024,Arsenal,Crystal Palace,5,0,H,21,12,6,5,6,7,arsenal,arsenal,1892.0,60338.0,English Premier League,134.0,5,5,Victoria_Local,1
20/01/2024,Brentford,Nott'm Forest,3,2,H,11,12,5,3,6,4,brentford,brentford,1889.0,17250.0,English Premier League,137.0,5,1,Victoria_Local,2
21/01/2024,Sheffield United,West Ham,2,2,D,21,16,6,5,4,1,sheffield united,,1900.0,38279.0,Liga_Desconocida,126.0,4,0,Empate,2
21/01/2024,Bournemouth,Liverpool,0,4,A,11,14,1,7,8,5,bournemouth,bournemouth,1890.0,11464.0,English Premier League,136.0,4,-4,Derrota_Local,2
22/01/2024,Brighton,Wolves,0,0,D,11,8,4,3,8,2,brighton,,1900.0,38279.0,Liga_Desconocida,126.0,0,0,Empate,0
30/01/2024,Nott'm Forest,Arsenal,1,2,A,9,19,3,3,2,11,nottm forest,,1900.0,38279.0,Liga_Desconocida,126.0,3,-1,Derrota_Local,2
30/01/2024,Fulham,Everton,0,0,D,25,21,6,4,15,6,fulham,fulham,1879.0,25700.0,English Premier League,147.0,0,0,Empate,0
30/01/2024,Luton,Brighton,4,0,H,18,9,8,2,7,4,luton,,1900.0,38279.0,Liga_Desconocida,126.0,4,4,Victoria_Local,1
30/01/2024,Crystal Palace,Sheffield United,3,2,H,12,9,4,5,11,1,crystal palace,crystal palace,1905.0,26255.0,English Premier League,121.0,5,1,Victoria_Local,2
30/01/2024,Aston Villa,Newcastle,1,3,A,12,14,6,5,8,7,aston villa,aston villa,1874.0,42785.0,English Premier League,152.0,4,-2,Derrota_Local,2
31/01/2024,Man City,Burnley,3,1,H,14,8,4,3,7,3,man city,,1900.0,38279.0,Liga_Desconocida,126.0,4,2,Victoria_Local,1
31/01/2024,Tottenham,Brentford,3,2,H,19,9,5,5,5,3,tottenham,,1900.0,38279.0,Liga_Desconocida,126.0,5,1,Victoria_Local,1
31/01/2024,Liverpool,Chelsea,4,1,H,28,4,13,3,8,1,liverpool,,1900.0,38279.0,Liga_Desconocida,126.0,5,3,Victoria_Local,1
01/02/2024,West Ham,Bournemouth,1,1,D,9,9,3,4,1,5,west ham,,1900.0,38279.0,Liga_Desconocida,126.0,2,0,Empate,0
01/02/2024,Wolves,Man United,3,4,A,16,21,7,8,4,5,wolves,,1900.0,38279.0,Liga_Desconocida,126.0,7,-1,Derrota_Local,2
03/02/2024,Everton,Tottenham,2,2,D,14,9,5,6,9,5,everton,everton,1878.0,40157.0,English Premier League,148.0,4,0,Empate,2
03/02/2024,Brighton,Crystal Palace,4,1,H,13,7,6,5,3,2,brighton,,1900.0,38279.0,Liga_Desconocida,126.0,5,3,Victoria_Local,1
03/02/2024,Burnley,Fulham,2,2,D,12,15,4,7,2,13,burnley,,1900.0,38279.0,Liga_Desconocida,126.0,4,0,Empate,2
03/02/2024,Newcastle,Luton,4,4,D,19,11,6,8,8,2,newcastle,,1900.0,38279.0,Liga_Desconocida,126.0,8,0,Empate,2
03/02/2024,Sheffield United,Aston Villa,0,5,A,10,14,5,10,3,4,sheffield united,,1900.0,38279.0,Liga_Desconocida,126.0,5,-5,Derrota_Local,2
04/02/2024,Bournemouth,Nott'm Forest,1,1,D,9,8,2,6,11,6,bournemouth,bournemouth,1890.0,11464.0,English Premier League,136.0,2,0,Empate,0
04/02/2024,Chelsea,Wolves,2,4,A,15,14,6,7,10,1,chelsea,chelsea,1905.0,41798.0,English Premier League,121.0,6,-2,Derrota_Local,2
04/02/2024,Man United,West Ham,3,0,H,12,22,5,3,5,8,man united,,1900.0,38279.0,Liga_Desconocida,126.0,3,3,Victoria_Local,1
04/02/2024,Arsenal,Liverpool,3,1,H,15,10,7,1,2,4,arsenal,arsenal,1892.0,60338.0,English Premier League,134.0,4,2,Victoria_Local,1
05/02/2024,Brentford,Man City,1,3,A,9,25,3,15,8,13,brentford,brentford,1889.0,17250.0,English Premier League,137.0,4,-2,Derrota_Local,2
10/02/2024,Man City,Everton,2,0,H,19,5,3,1,9,0,man city,,1900.0,38279.0,Liga_Desconocida,126.0,2,2,Victoria_Local,0
10/02/2024,Fulham,Bournemouth,3,1,H,7,25,6,4,1,14,fulham,fulham,1879.0,25700.0,English Premier League,147.0,4,2,Victoria_Local,1
10/02/2024,Liverpool,Burnley,3,1,H,25,9,10,4,9,3,liverpool,,1900.0,38279.0,Liga_Desconocida,126.0,4,2,Victoria_Local,1
10/02/2024,Luton,Sheffield United,1,3,A,20,7,5,3,13,1,luton,,1900.0,38279.0,Liga_Desconocida,126.0,4,-2,Derrota_Local,2
10/02/2024,Tottenham,Brighton,2,1,H,16,6,6,3,9,6,tottenham,,1900.0,38279.0,Liga_Desconocida,126.0,3,1,Victoria_Local,0
10/02/2024,Wolves,Brentford,0,2,A,17,9,5,6,7,4,wolves,,1900.0,38279.0,Liga_Desconocida,126.0,2,-2,Derrota_Local,2
10/02/2024,Nott'm Forest,Newcastle,2,3,A,13,7,3,5,4,4,nottm forest,,1900.0,38279.0,Liga_Desconocida,126.0,5,-1,Derrota_Local,2
11/02/2024,West Ham,Arsenal,0,6,A,5,25,1,12,2,6,west ham,,1900.0,38279.0,Liga_Desconocida,126.0,6,-6,Derrota_Local,2
11/02/2024,Aston Villa,Man United,1,2,A,23,17,10,5,10,8,aston villa,aston villa,1874.0,42785.0,English Premier League,152.0,3,-1,Derrota_Local,2
12/02/2024,Crystal Palace,Chelsea,1,3,A,13,14,4,5,1,7,crystal palace,crystal palace,1905.0,26255.0,English Premier League,121.0,4,-2,Derrota_Local,2
17/02/2024,Brentford,Liverpool,1,4,A,15,15,6,8,1,6,brentford,brentford,1889.0,17250.0,English Premier League,137.0,5,-3,Derrota_Local,2
17/02/2024,Burnley,Arsenal,0,5,A,8,16,0,7,4,6,burnley,,1900.0,38279.0,Liga_Desconocida,126.0,5,-5,Derrota_Local,2
17/02/2024,Fulham,Aston Villa,1,2,A,15,12,4,3,4,4,fulham,fulham,1879.0,25700.0,English Premier League,147.0,3,-1,Derrota_Local,2
17/02/2024,Newcastle,Bournemouth,2,2,D,17,12,5,7,4,2,newcastle,,1900.0,38279.0,Liga_Desconocida,126.0,4,0,Empate,2
17/02/2024,Nott'm Forest,West Ham,2,0,H,19,10,8,3,5,3,nottm forest,,1900.0,38279.0,Liga_Desconocida,126.0,2,2,Victoria_Local,0
17/02/2024,Tottenham,Wolves,1,2,A,15,12,4,7,10,4,tottenham,,1900.0,38279.0,Liga_Desconocida,126.0,3,-1,Derrota_Local,2
17/02/2024,Man City,Chelsea,1,1,D,31,9,5,6,12,1,man city,,1900.0,38279.0,Liga_Desconocida,126.0,2,0,Empate,0
18/02/2024,Sheffield United,Brighton,0,5,A,6,24,1,10,5,10,sheffield united,,1900.0,38279.0,Liga_Desconocida,126.0,5,-5,Derrota_Local,2
18/02/2024,Luton,Man United,1,2,A,22,21,4,9,8,6,luton,,1900.0,38279.0,Liga_Desconocida,126.0,3,-1,Derrota_Local,2
19/02/2024,Everton,Crystal Palace,1,1,D,19,10,4,4,3,6,everton,everton,1878.0,40157.0,English Premier League,148.0,2,0,Empate,0
20/02/2024,Man City,Brentford,1,0,H,25,6,11,2,10,1,man city,,1900.0,38279.0,Liga_Desconocida,126.0,1,1,Victoria_Local,0
21/02/2024,Liverpool,Luton,4,1,H,29,12,13,3,13,4,liverpool,,1900.0,38279.0,Liga_Desconocida,126.0,5,3,Victoria_Local,1
24/02/2024,Aston Villa,Nott'm Forest,4,2,H,16,10,6,3,7,2,aston villa,aston villa,1874.0,42785.0,English Premier League,152.0,6,2,Victoria_Local,1
24/02/2024,Brighton,Everton,1,1,D,23,6,7,3,11,3,brighton,,1900.0,38279.0,Liga_Desconocida,126.0,2,0,Empate,0
24/02/2024,Crystal Palace,Burnley,3,0,H,15,2,6,0,12,3,crystal palace,crystal palace,1905.0,26255.0,English Premier League,121.0,3,3,Victoria_Local,0
24/02/2024,Man United,Fulham,1,2,A,21,17,9,5,10,9,man united,,1900.0,38279.0,Liga_Desconocida,126.0,3,-1,Derrota_Local,2
24/02/2024,Bournemouth,Man City,0,1,A,13,15,4,6,3,8,bournemouth,bournemouth,1890.0,11464.0,English Premier League,136.0,1,-1,Derrota_Local,0
24/02/2024,Arsenal,Newcastle,4,1,H,18,3,8,2,9,0,arsenal,arsenal,1892.0,60338.0,English Premier League,134.0,5,3,Victoria_Local,1
25/02/2024,Wolves,Sheffield United,1,0,H,13,12,2,4,5,6,wolves,,1900.0,38279.0,Liga_Desconocida,126.0,1,1,Victoria_Local,0
26/02/2024,West Ham,Brentford,4,2,H,17,14,6,8,1,7,west ham,,1900.0,38279.0,Liga_Desconocida,126.0,6,2,Victoria_Local,1
02/03/2024,Brentford,Chelsea,2,2,D,14,17,5,6,0,6,brentford,brentford,1889.0,17250.0,English Premier League,137.0,4,0,Empate,2
02/03/2024,Everton,West Ham,1,3,A,22,12,11,5,4,5,everton,everton,1878.0,40157.0,English Premier League,148.0,4,-2,Derrota_Local,2
02/03/2024,Fulham,Brighton,3,0,H,12,15,5,5,2,6,fulham,fulham,1879.0,25700.0,English Premier League,147.0,3,3,Victoria_Local,1
02/03/2024,Newcastle,Wolves,3,0,H,14,12,7,3,3,5,newcastle,,1900.0,38279.0,Liga_Desconocida,126.0,3,3,Victoria_Local,1
02/03/2024,Nott'm Forest,Liverpool,0,1,A,8,22,2,2,3,12,nottm forest,,1900.0,38279.0,Liga_Desconocida,126.0,1,-1,Derrota_Local,0
02/03/2024,Tottenham,Crystal Palace,3,1,H,14,4,6,1,11,1,tottenham,,1900.0,38279.0,Liga_Desconocida,126.0,4,2,Victoria_Local,1
02/03/2024,Luton,Aston Villa,2,3,A,13,12,5,8,8,6,luton,,1900.0,38279.0,Liga_Desconocida,126.0,5,-1,Derrota_Local,2
03/03/2024,Burnley,Bournemouth,0,2,A,20,10,6,3,7,2,burnley,,1900.0,38279.0,Liga_Desconocida,126.0,2,-2,Derrota_Local,2
03/03/2024,Man City,Man United,3,1,H,27,3,8,1,15,2,man city,,1900.0,38279.0,Liga_Desconocida,126.0,4,2,Victoria_Local,1
04/03/2024,Sheffield United,Arsenal,0,6,A,4,22,0,10,0,7,sheffield united,,1900.0,38279.0,Liga_Desconocida,126.0,6,-6,Derrota_Local,2
09/03/2024,Man United,Everton,2,0,H,15,23,8,6,5,8,man united,,1900.0,38279.0,Liga_Desconocida,126.0,2,2,Victoria_Local,0
09/03/2024,Bournemouth,Sheffield United,2,2,D,32,13,12,9,10,3,bournemouth,bournemouth,1890.0,11464.0,English Premier League,136.0,4,0,Empate,2
09/03/2024,Crystal Palace,Luton,1,1,D,21,8,4,2,8,6,crystal palace,crystal palace,1905.0,26255.0,English Premier League,121.0,2,0,Empate,0
09/03/2024,Wolves,Fulham,2,1,H,8,23,3,6,3,4,wolves,,1900.0,38279.0,Liga_Desconocida,126.0,3,1,Victoria_Local,0
09/03/2024,Arsenal,Brentford,2,1,H,17,9,6,4,10,4,arsenal,arsenal,1892.0,60338.0,English Premier League,134.0,3,1,Victoria_Local,1
10/03/2024,Aston Villa,Tottenham,0,4,A,10,9,1,5,6,4,aston villa,aston villa,1874.0,42785.0,English Premier League,152.0,4,-4,Derrota_Local,2
10/03/2024,Brighton,Nott'm Forest,1,0,H,10,9,3,4,6,3,brighton,,1900.0,38279.0,Liga_Desconocida,126.0,1,1,Victoria_Local,0
10/03/2024,West Ham,Burnley,2,2,D,22,11,4,4,4,4,west ham,,1900.0,38279.0,Liga_Desconocida,126.0,4,0,Empate,2
10/03/2024,Liverpool,Man City,1,1,D,19,10,6,6,7,4,liverpool,,1900.0,38279.0,Liga_Desconocida,126.0,2,0,Empate,0
11/03/2024,Chelsea,Newcastle,3,2,H,12,11,8,3,0,4,chelsea,chelsea,1905.0,41798.0,English Premier League,121.0,5,1,Victoria_Local,1
13/03/2024,Bournemouth,Luton,4,3,H,24,8,10,4,11,3,bournemouth,bournemouth,1890.0,11464.0,English Premier League,136.0,7,1,Victoria_Local,2
16/03/2024,Burnley,Brentford,2,1,H,17,9,6,5,5,4,burnley,,1900.0,38279.0,Liga_Desconocida,126.0,3,1,Victoria_Local,0
16/03/2024,Luton,Nott'm Forest,1,1,D,10,16,4,6,6,7,luton,,1900.0,38279.0,Liga_Desconocida,126.0,2,0,Empate,0
16/03/2024,Fulham,Tottenham,3,0,H,16,14,7,5,4,5,fulham,fulham,1879.0,25700.0,English Premier League,147.0,3,3,Victoria_Local,1
17/03/2024,West Ham,Aston Villa,1,1,D,13,13,5,5,7,11,west ham,,1900.0,38279.0,Liga_Desconocida,126.0,2,0,Empate,0
30/03/2024,Newcastle,West Ham,4,3,H,24,10,9,4,3,4,newcastle,,1900.0,38279.0,Liga_Desconocida,126.0,7,1,Victoria_Local,1
30/03/2024,Bournemouth,Everton,2,1,H,11,7,4,3,9,8,bournemouth,bournemouth,1890.0,11464.0,English Premier League,136.0,3,1,Victoria_Local,0
30/03/2024,Chelsea,Burnley,2,2,D,33,18,13,7,12,4,chelsea,chelsea,1905.0,41798.0,English Premier League,121.0,4,0,Empate,2
30/03/2024,Nott'm Forest,Crystal Palace,1,1,D,12,10,5,3,4,6,nottm forest,,1900.0,38279.0,Liga_Desconocida,126.0,2,0,Empate,0
30/03/2024,Sheffield United,Fulham,3,3,D,8,24,4,9,2,15,sheffield united,,1900.0,38279.0,Liga_Desconocida,126.0,6,0,Empate,2
30/03/2024,Tottenham,Luton,2,1,H,17,7,4,3,3,6,tottenham,,1900.0,38279.0,Liga_Desconocida,126.0,3,1,Victoria_Local,0
30/03/2024,Aston Villa,Wolves,2,0,H,11,13,5,3,5,4,aston villa,aston villa,1874.0,42785.0,English Premier League,152.0,2,2,Victoria_Local,1
30/03/2024,Brentford,Man United,1,1,D,31,11,5,5,14,4,brentford,brentford,1889.0,17250.0,English Premier League,137.0,2,0,Empate,0
31/03/2024,Liverpool,Brighton,2,1,H,30,9,8,3,8,4,liverpool,,1900.0,38279.0,Liga_Desconocida,126.0,3,1,Victoria_Local,0
31/03/2024,Man City,Arsenal,0,0,D,12,6,1,2,7,4,man city,,1900.0,38279.0,Liga_Desconocida,126.0,0,0,Empate,0
02/04/2024,Newcastle,Everton,1,1,D,18,10,6,3,7,3,newcastle,,1900.0,38279.0,Liga_Desconocida,126.0,2,0,Empate,0
02/04/2024,Nott'm Forest,Fulham,3,1,H,16,18,4,3,3,8,nottm forest,,1900.0,38279.0,Liga_Desconocida,126.0,4,2,Victoria_Local,1
02/04/2024,Bournemouth,Crystal Palace,1,0,H,11,3,6,2,9,2,bournemouth,bournemouth,1890.0,11464.0,English Premier League,136.0,1,1,Victoria_Local,0
02/04/2024,Burnley,Wolves,1,1,D,13,8,6,2,7,4,burnley,,1900.0,38279.0,Liga_Desconocida,126.0,2,0,Empate,0
02/04/2024,West Ham,Tottenham,1,1,D,11,13,4,4,9,5,west ham,,1900.0,38279.0,Liga_Desconocida,126.0,2,0,Empate,0
03/04/2024,Arsenal,Luton,2,0,H,13,5,4,1,3,1,arsenal,arsenal,1892.0,60338.0,English Premier League,134.0,2,2,Victoria_Local,1
03/04/2024,Brentford,Brighton,0,0,D,5,24,2,6,1,5,brentford,brentford,1889.0,17250.0,English Premier League,137.0,0,0,Empate,0
03/04/2024,Man City,Aston Villa,4,1,H,25,8,11,3,2,3,man city,,1900.0,38279.0,Liga_Desconocida,126.0,5,3,Victoria_Local,1
04/04/2024,Liverpool,Sheffield United,3,1,H,29,8,9,3,13,1,liverpool,,1900.0,38279.0,Liga_Desconocida,126.0,4,2,Victoria_Local,1
04/04/2024,Chelsea,Man United,4,3,H,28,19,10,5,12,3,chelsea,chelsea,1905.0,41798.0,English Premier League,121.0,7,1,Victoria_Local,1
06/04/2024,Crystal Palace,Man City,2,4,A,7,18,4,8,2,9,crystal palace,crystal palace,1905.0,26255.0,English Premier League,121.0,6,-2,Derrota_Local,2
06/04/2024,Aston Villa,Brentford,3,3,D,11,8,3,3,11,3,aston villa,aston villa,1874.0,42785.0,English Premier League,152.0,6,0,Empate,1
06/04/2024,Everton,Burnley,1,0,H,12,6,3,1,3,5,everton,everton,1878.0,40157.0,English Premier League,148.0,1,1,Victoria_Local,0
06/04/2024,Fulham,Newcastle,0,1,A,14,12,4,5,14,3,fulham,fulham,1879.0,25700.0,English Premier League,147.0,1,-1,Derrota_Local,0
06/04/2024,Luton,Bournemouth,2,1,H,19,8,9,1,7,2,luton,,1900.0,38279.0,Liga_Desconocida,126.0,3,1,Victoria_Local,0
06/04/2024,Wolves,West Ham,1,2,A,14,11,7,4,4,4,wolves,,1900.0,38279.0,Liga_Desconocida,126.0,3,-1,Derrota_Local,2
06/04/2024,Brighton,Arsenal,0,3,A,10,20,2,7,8,7,brighton,,1900.0,38279.0,Liga_Desconocida,126.0,3,-3,Derrota_Local,2
07/04/2024,Man United,Liverpool,2,2,D,9,28,5,7,6,11,man united,,1900.0,38279.0,Liga_Desconocida,126.0,4,0,Empate,2
07/04/2024,Sheffield United,Chelsea,2,2,D,11,6,6,3,7,6,sheffield united,,1900.0,38279.0,Liga_Desconocida,126.0,4,0,Empate,2
07/04/2024,Tottenham,Nott'm Forest,3,1,H,17,13,7,6,12,2,tottenham,,1900.0,38279.0,Liga_Desconocida,126.0,4,2,Victoria_Local,1
13/04/2024,Newcastle,Tottenham,4,0,H,18,11,5,2,16,3,newcastle,,1900.0,38279.0,Liga_Desconocida,126.0,4,4,Victoria_Local,1
13/04/2024,Brentford,Sheffield United,2,0,H,9,8,5,2,3,6,brentford,brentford,1889.0,17250.0,English Premier League,137.0,2,2,Victoria_Local,0
13/04/2024,Burnley,Brighton,1,1,D,11,20,3,8,4,5,burnley,,1900.0,38279.0,Liga_Desconocida,126.0,2,0,Empate,0
13/04/2024,Man City,Luton,5,1,H,33,4,13,2,12,1,man city,,1900.0,38279.0,Liga_Desconocida,126.0,6,4,Victoria_Local,1
13/04/2024,Nott'm Forest,Wolves,2,2,D,18,11,9,4,10,1,nottm forest,,1900.0,38279.0,Liga_Desconocida,126.0,4,0,Empate,2
13/04/2024,Bournemouth,Man United,2,2,D,20,8,5,2,7,2,bournemouth,bournemouth,1890.0,11464.0,English Premier League,136.0,4,0,Empate,2
14/04/2024,Liverpool,Crystal Palace,0,1,A,21,8,6,5,11,1,liverpool,,1900.0,38279.0,Liga_Desconocida,126.0,1,-1,Derrota_Local,0
14/04/2024,West Ham,Fulham,0,2,A,15,18,4,10,8,3,west ham,,1900.0,38279.0,Liga_Desconocida,126.0,2,-2,Derrota_Local,2
14/04/2024,Arsenal,Aston Villa,0,2,A,18,11,4,2,4,6,arsenal,arsenal,1892.0,60338.0,English Premier League,134.0,2,-2,Derrota_Local,2
15/04/2024,Chelsea,Everton,6,0,H,14,10,10,2,4,8,chelsea,chelsea,1905.0,41798.0,English Premier League,121.0,6,6,Victoria_Local,1
20/04/2024,Luton,Brentford,1,5,A,6,21,3,9,4,9,luton,,1900.0,38279.0,Liga_Desconocida,126.0,6,-4,Derrota_Local,2
20/04/2024,Sheffield United,Burnley,1,4,A,18,16,11,9,11,2,sheffield united,,1900.0,38279.0,Liga_Desconocida,126.0,5,-3,Derrota_Local,2
20/04/2024,Wolves,Arsenal,0,2,A,5,24,3,9,1,2,wolves,,1900.0,38279.0,Liga_Desconocida,126.0,2,-2,Derrota_Local,2
21/04/2024,Everton,Nott'm Forest,2,0,H,7,8,4,3,6,4,everton,everton,1878.0,40157.0,English Premier League,148.0,2,2,Victoria_Local,1
21/04/2024,Aston Villa,Bournemouth,3,1,H,14,14,4,6,8,4,aston villa,aston villa,1874.0,42785.0,English Premier League,152.0,4,2,Victoria_Local,1
21/04/2024,Crystal Palace,West Ham,5,2,H,18,4,7,1,4,0,crystal palace,crystal palace,1905.0,26255.0,English Premier League,121.0,7,3,Victoria_Local,1
21/04/2024,Fulham,Liverpool,1,3,A,12,14,5,7,1,4,fulham,fulham,1879.0,25700.0,English Premier League,147.0,4,-2,Derrota_Local,2
23/04/2024,Arsenal,Chelsea,5,0,H,27,7,10,1,4,2,arsenal,arsenal,1892.0,60338.0,English Premier League,134.0,5,5,Victoria_Local,1
24/04/2024,Wolves,Bournemouth,0,1,A,15,21,4,6,8,12,wolves,,1900.0,38279.0,Liga_Desconocida,126.0,1,-1,Derrota_Local,0
24/04/2024,Crystal Palace,Newcastle,2,0,H,20,7,7,2,7,2,crystal palace,crystal palace,1905.0,26255.0,English Premier League,121.0,2,2,Victoria_Local,0
24/04/2024,Everton,Liverpool,2,0,H,16,23,6,7,4,13,everton,everton,1878.0,40157.0,English Premier League,148.0,2,2,Victoria_Local,1
24/04/2024,Man United,Sheffield United,4,2,H,25,10,13,4,9,4,man united,,1900.0,38279.0,Liga_Desconocida,126.0,6,2,Victoria_Local,1
25/04/2024,Brighton,Man City,0,4,A,7,14,3,6,4,4,brighton,,1900.0,38279.0,Liga_Desconocida,126.0,4,-4,Derrota_Local,2
27/04/2024,West Ham,Liverpool,2,2,D,11,28,8,8,5,8,west ham,,1900.0,38279.0,Liga_Desconocida,126.0,4,0,Empate,2
27/04/2024,Fulham,Crystal Palace,1,1,D,9,14,2,4,5,9,fulham,fulham,1879.0,25700.0,English Premier League,147.0,2,0,Empate,0
27/04/2024,Man United,Burnley,1,1,D,27,16,10,7,6,5,man united,,1900.0,38279.0,Liga_Desconocida,126.0,2,0,Empate,0
27/04/2024,Newcastle,Sheffield United,5,1,H,20,15,7,5,4,5,newcastle,,1900.0,38279.0,Liga_Desconocida,126.0,6,4,Victoria_Local,1
27/04/2024,Wolves,Luton,2,1,H,13,9,5,6,4,4,wolves,,1900.0,38279.0,Liga_Desconocida,126.0,3,1,Victoria_Local,0
27/04/2024,Everton,Brentford,1,0,H,18,10,1,4,6,6,everton,everton,1878.0,40157.0,English Premier League,148.0,1,1,Victoria_Local,0
27/04/2024,Aston Villa,Chelsea,2,2,D,9,21,4,5,2,4,aston villa,aston villa,1874.0,42785.0,English Premier League,152.0,4,0,Empate,1
28/04/2024,Bournemouth,Brighton,3,0,H,15,13,6,1,8,2,bournemouth,bournemouth,1890.0,11464.0,English Premier League,136.0,3,3,Victoria_Local,0
28/04/2024,Tottenham,Arsenal,2,3,A,14,9,2,3,8,6,tottenham,,1900.0,38279.0,Liga_Desconocida,126.0,5,-1,Derrota_Local,2
28/04/2024,Nott'm Forest,Man City,0,2,A,14,11,2,5,4,5,nottm forest,,1900.0,38279.0,Liga_Desconocida,126.0,2,-2,Derrota_Local,2
02/05/2024,Chelsea,Tottenham,2,0,H,16,19,5,3,4,9,chelsea,chelsea,1905.0,41798.0,English Premier League,121.0,2,2,Victoria_Local,0
03/05/2024,Luton,Everton,1,1,D,18,10,5,3,8,7,luton,,1900.0,38279.0,Liga_Desconocida,126.0,2,0,Empate,0
04/05/2024,Arsenal,Bournemouth,3,0,H,25,7,9,2,6,1,arsenal,arsenal,1892.0,60338.0,English Premier League,134.0,3,3,Victoria_Local,1
04/05/2024,Brentford,Fulham,0,0,D,7,15,3,3,7,6,brentford,brentford,1889.0,17250.0,English Premier League,137.0,0,0,Empate,0
04/05/2024,Burnley,Newcastle,1,4,A,17,23,5,11,4,11,burnley,,1900.0,38279.0,Liga_Desconocida,126.0,5,-3,Derrota_Local,2
04/05/2024,Sheffield United,Nott'm Forest,1,3,A,17,15,5,4,5,3,sheffield united,,1900.0,38279.0,Liga_Desconocida,126.0,4,-2,Derrota_Local,2
04/05/2024,Man City,Wolves,5,1,H,20,2,12,1,6,0,man city,,1900.0,38279.0,Liga_Desconocida,126.0,6,4,Victoria_Local,1
05/05/2024,Brighton,Aston Villa,1,0,H,15,2,8,1,7,3,brighton,,1900.0,38279.0,Liga_Desconocida,126.0,1,1,Victoria_Local,0
05/05/2024,Chelsea,West Ham,5,0,H,25,13,14,2,8,6,chelsea,chelsea,1905.0,41798.0,English Premier League,121.0,5,5,Victoria_Local,1
05/05/2024,Liverpool,Tottenham,4,2,H,25,11,13,6,8,3,liverpool,,1900.0,38279.0,Liga_Desconocida,126.0,6,2,Victoria_Local,1
06/05/2024,Crystal Palace,Man United,4,0,H,18,7,10,2,6,3,crystal palace,crystal palace,1905.0,26255.0,English Premier League,121.0,4,4,Victoria_Local,1
11/05/2024,Fulham,Man City,0,4,A,1,16,1,9,1,7,fulham,fulham,1879.0,25700.0,English Premier League,147.0,4,-4,Derrota_Local,2
11/05/2024,Bournemouth,Brentford,1,2,A,13,11,4,5,3,8,bournemouth,bournemouth,1890.0,11464.0,English Premier League,136.0,3,-1,Derrota_Local,2
11/05/2024,Everton,Sheffield United,1,0,H,15,13,6,1,3,6,everton,everton,1878.0,40157.0,English Premier League,148.0,1,1,Victoria_Local,0
11/05/2024,Newcastle,Brighton,1,1,D,18,15,7,4,8,4,newcastle,,1900.0,38279.0,Liga_Desconocida,126.0,2,0,Empate,0
11/05/2024,Tottenham,Burnley,2,1,H,21,7,9,3,9,3,tottenham,,1900.0,38279.0,Liga_Desconocida,126.0,3,1,Victoria_Local,0
11/05/2024,West Ham,Luton,3,1,H,24,4,8,1,7,6,west ham,,1900.0,38279.0,Liga_Desconocida,126.0,4,2,Victoria_Local,1
11/05/2024,Wolves,Crystal Palace,1,3,A,13,13,7,3,8,3,wolves,,1900.0,38279.0,Liga_Desconocida,126.0,4,-2,Derrota_Local,2
11/05/2024,Nott'm Forest,Chelsea,2,3,A,20,12,4,5,5,6,nottm forest,,1900.0,38279.0,Liga_Desconocida,126.0,5,-1,Derrota_Local,2
12/05/2024,Man United,Arsenal,0,1,A,14,11,2,5,4,7,man united,,1900.0,38279.0,Liga_Desconocida,126.0,1,-1,Derrota_Local,0
13/05/2024,Aston Villa,Liverpool,3,3,D,19,14,5,7,5,4,aston villa,aston villa,1874.0,42785.0,English Premier League,152.0,6,0,Empate,1
14/05/2024,Tottenham,Man City,0,2,A,10,8,5,5,7,4,tottenham,,1900.0,38279.0,Liga_Desconocida,126.0,2,-2,Derrota_Local,2
15/05/2024,Brighton,Chelsea,1,2,A,12,13,2,6,4,6,brighton,,1900.0,38279.0,Liga_Desconocida,126.0,3,-1,Derrota_Local,2
15/05/2024,Man United,Newcastle,3,2,H,17,21,8,8,9,9,man united,,1900.0,38279.0,Liga_Desconocida,126.0,5,1,Victoria_Local,1
19/05/2024,Arsenal,Everton,2,1,H,26,5,5,2,8,1,arsenal,arsenal,1892.0,60338.0,English Premier League,134.0,3,1,Victoria_Local,1
19/05/2024,Brentford,Newcastle,2,4,A,10,12,5,7,3,0,brentford,brentford,1889.0,17250.0,English Premier League,137.0,6,-2,Derrota_Local,2
19/05/2024,Brighton,Man United,0,2,A,17,11,3,4,7,5,brighton,,1900.0,38279.0,Liga_Desconocida,126.0,2,-2,Derrota_Local,2
19/05/2024,Burnley,Nott'm Forest,1,2,A,20,12,3,6,4,3,burnley,,1900.0,38279.0,Liga_Desconocida,126.0,3,-1,Derrota_Local,2
19/05/2024,Chelsea,Bournemouth,2,1,H,16,22,6,5,6,5,chelsea,chelsea,1905.0,41798.0,English Premier League,121.0,3,1,Victoria_Local,0
19/05/2024,Crystal Palace,Aston Villa,5,0,H,15,8,9,2,2,4,crystal palace,crystal palace,1905.0,26255.0,English Premier League,121.0,5,5,Victoria_Local,1
19/05/2024,Liverpool,Wolves,2,0,H,36,4,14,3,10,2,liverpool,,1900.0,38279.0,Liga_Desconocida,126.0,2,2,Victoria_Local,0
19/05/2024,Luton,Fulham,2,4,A,15,15,6,7,4,4,luton,,1900.0,38279.0,Liga_Desconocida,126.0,6,-2,Derrota_Local,2
19/05/2024,Man City,West Ham,3,1,H,28,3,12,2,11,2,man city,,1900.0,38279.0,Liga_Desconocida,126.0,4,2,Victoria_Local,1
19/05/2024,Sheffield United,Tottenham,0,3,A,6,18,1,9,2,6,sheffield united,,1900.0,38279.0,Liga_Desconocida,126.0,3,-3,Derrota_Local,2
05/08/2022,Crystal Palace,Arsenal,0,2,A,10,10,2,2,3,5,crystal palace,crystal palace,1905.0,26255.0,English Premier League,121.0,2,-2,Derrota_Local,2
06/08/2022,Fulham,Liverpool,2,2,D,9,11,3,4,4,4,fulham,fulham,1879.0,25700.0,English Premier League,147.0,4,0,Empate,2
06/08/2022,Bournemouth,Aston Villa,2,0,H,7,15,3,2,5,5,bournemouth,bournemouth,1890.0,11464.0,English Premier League,136.0,2,2,Victoria_Local,0
06/08/2022,Leeds,Wolves,2,1,H,12,15,4,6,6,4,leeds,,1900.0,38279.0,Liga_Desconocida,126.0,3,1,Victoria_Local,0
06/08/2022,Newcastle,Nott'm Forest,2,0,H,23,5,10,0,11,1,newcastle,,1900.0,38279.0,Liga_Desconocida,126.0,2,2,Victoria_Local,0
06/08/2022,Tottenham,Southampton,4,1,H,18,10,8,2,10,2,tottenham,,1900.0,38279.0,Liga_Desconocida,126.0,5,3,Victoria_Local,1
06/08/2022,Everton,Chelsea,0,1,A,8,15,4,6,4,16,everton,everton,1878.0,40157.0,English Premier League,148.0,1,-1,Derrota_Local,0
07/08/2022,Leicester,Brentford,2,2,D,14,8,5,3,5,6,leicester,,1900.0,38279.0,Liga_Desconocida,126.0,4,0,Empate,2
07/08/2022,Man United,Brighton,1,2,A,17,15,5,4,6,2,man united,,1900.0,38279.0,Liga_Desconocida,126.0,3,-1,Derrota_Local,2
07/08/2022,West Ham,Man City,0,2,A,6,14,1,2,1,4,west ham,,1900.0,38279.0,Liga_Desconocida,126.0,2,-2,Derrota_Local,2
13/08/2022,Aston Villa,Everton,2,1,H,12,15,4,4,5,8,aston villa,aston villa,1874.0,42785.0,English Premier League,152.0,3,1,Victoria_Local,1
13/08/2022,Arsenal,Leicester,4,2,H,19,6,7,2,6,2,arsenal,arsenal,1892.0,60338.0,English Premier League,134.0,6,2,Victoria_Local,1
13/08/2022,Brighton,Newcastle,0,0,D,13,4,7,1,7,3,brighton,,1900.0,38279.0,Liga_Desconocida,126.0,0,0,Empate,0
13/08/2022,Man City,Bournemouth,4,0,H,19,3,7,1,11,1,man city,,1900.0,38279.0,Liga_Desconocida,126.0,4,4,Victoria_Local,1
13/08/2022,Southampton,Leeds,2,2,D,14,13,4,5,2,5,southampton,,1900.0,38279.0,Liga_Desconocida,126.0,4,0,Empate,2
13/08/2022,Wolves,Fulham,0,0,D,7,9,1,3,5,3,wolves,,1900.0,38279.0,Liga_Desconocida,126.0,0,0,Empate,0
13/08/2022,Brentford,Man United,4,0,H,13,15,7,4,8,2,brentford,brentford,1889.0,17250.0,English Premier League,137.0,4,4,Victoria_Local,1
14/08/2022,Nott'm Forest,West Ham,1,0,H,13,19,6,5,6,7,nottm forest,,1900.0,38279.0,Liga_Desconocida,126.0,1,1,Victoria_Local,0
14/08/2022,Chelsea,Tottenham,2,2,D,16,10,3,5,8,5,chelsea,chelsea,1905.0,41798.0,English Premier League,121.0,4,0,Empate,2
15/08/2022,Liverpool,Crystal Palace,1,1,D,24,7,4,3,4,2,liverpool,,1900.0,38279.0,Liga_Desconocida,126.0,2,0,Empate,0
20/08/2022,Tottenham,Wolves,1,0,H,11,20,4,3,8,6,tottenham,,1900.0,38279.0,Liga_Desconocida,126.0,1,1,Victoria_Local,0
20/08/2022,Crystal Palace,Aston Villa,3,1,H,17,13,9,5,4,2,crystal palace,crystal palace,1905.0,26255.0,English Premier League,121.0,4,2,Victoria_Local,0
20/08/2022,Everton,Nott'm Forest,1,1,D,19,14,8,5,6,2,everton,everton,1878.0,40157.0,English Premier League,148.0,2,0,Empate,0
20/08/2022,Fulham,Brentford,3,2,H,18,13,9,5,6,3,fulham,fulham,1879.0,25700.0,English Premier League,147.0,5,1,Victoria_Local,2
20/08/2022,Leicester,Southampton,1,2,A,6,9,1,3,2,5,leicester,,1900.0,38279.0,Liga_Desconocida,126.0,3,-1,Derrota_Local,2
20/08/2022,Bournemouth,Arsenal,0,3,A,6,14,1,6,3,4,bournemouth,bournemouth,1890.0,11464.0,English Premier League,136.0,3,-3,Derrota_Local,2
21/08/2022,Leeds,Chelsea,3,0,H,12,14,6,3,4,6,leeds,,1900.0,38279.0,Liga_Desconocida,126.0,3,3,Victoria_Local,1
21/08/2022,West Ham,Brighton,0,2,A,13,11,3,2,5,4,west ham,,1900.0,38279.0,Liga_Desconocida,126.0,2,-2,Derrota_Local,2
21/08/2022,Newcastle,Man City,3,3,D,12,21,6,10,5,5,newcastle,,1900.0,38279.0,Liga_Desconocida,126.0,6,0,Empate,2
22/08/2022,Man United,Liverpool,2,1,H,12,17,4,5,6,8,man united,,1900.0,38279.0,Liga_Desconocida,126.0,3,1,Victoria_Local,0
27/08/2022,Southampton,Man United,0,1,A,17,11,5,6,5,3,southampton,,1900.0,38279.0,Liga_Desconocida,126.0,1,-1,Derrota_Local,0
27/08/2022,Brentford,Everton,1,1,D,19,14,5,7,8,5,brentford,brentford,1889.0,17250.0,English Premier League,137.0,2,0,Empate,0
27/08/2022,Brighton,Leeds,1,0,H,13,10,4,2,5,3,brighton,,1900.0,38279.0,Liga_Desconocida,126.0,1,1,Victoria_Local,0
27/08/2022,Chelsea,Leicester,2,1,H,7,17,3,5,3,11,chelsea,chelsea,1905.0,41798.0,English Premier League,121.0,3,1,Victoria_Local,0
27/08/2022,Liverpool,Bournemouth,9,0,H,19,5,12,2,8,1,liverpool,,1900.0,38279.0,Liga_Desconocida,126.0,9,9,Victoria_Local,1
27/08/2022,Man City,Crystal Palace,4,2,H,18,2,5,2,6,1,man city,,1900.0,38279.0,Liga_Desconocida,126.0,6,2,Victoria_Local,1
27/08/2022,Arsenal,Fulham,2,1,H,22,11,8,3,9,2,arsenal,arsenal,1892.0,60338.0,English Premier League,134.0,3,1,Victoria_Local,1
28/08/2022,Aston Villa,West Ham,0,1,A,9,7,3,2,3,2,aston villa,aston villa,1874.0,42785.0,English Premier League,152.0,1,-1,Derrota_Local,0
28/08/2022,Wolves,Newcastle,1,1,D,10,21,4,6,4,13,wolves,,1900.0,38279.0,Liga_Desconocida,126.0,2,0,Empate,0
28/08/2022,Nott'm Forest,Tottenham,0,2,A,17,18,1,7,6,1,nottm forest,,1900.0,38279.0,Liga_Desconocida,126.0,2,-2,Derrota_Local,2
30/08/2022,Crystal Palace,Brentford,1,1,D,13,9,4,3,4,6,crystal palace,crystal palace,1905.0,26255.0,English Premier League,121.0,2,0,Empate,0
30/08/2022,Fulham,Brighton,2,1,H,10,7,3,4,3,3,fulham,fulham,1879.0,25700.0,English Premier League,147.0,3,1,Victoria_Local,0
30/08/2022,Southampton,Chelsea,2,1,H,9,10,7,4,5,3,southampton,,1900.0,38279.0,Liga_Desconocida,126.0,3,1,Victoria_Local,0
30/08/2022,Leeds,Everton,1,1,D,14,7,5,2,10,2,leeds,,1900.0,38279.0,Liga_Desconocida,126.0,2,0,Empate,0
31/08/2022,Arsenal,Aston Villa,2,1,H,22,4,9,3,10,3,arsenal,arsenal,1892.0,60338.0,English Premier League,134.0,3,1,Victoria_Local,1
31/08/2022,Bournemouth,Wolves,0,0,D,5,17,2,4,2,5,bournemouth,bournemouth,1890.0,11464.0,English Premier League,136.0,0,0,Empate,0
31/08/2022,Man City,Nott'm Forest,6,0,H,17,8,9,1,10,1,man city,,1900.0,38279.0,Liga_Desconocida,126.0,6,6,Victoria_Local,1
31/08/2022,West Ham,Tottenham,1,1,D,14,13,4,4,3,4,west ham,,1900.0,38279.0,Liga_Desconocida,126.0,2,0,Empate,0
31/08/2022,Liverpool,Newcastle,2,1,H,23,5,6,2,13,0,liverpool,,1900.0,38279.0,Liga_Desconocida,126.0,3,1,Victoria_Local,0
01/09/2022,Leicester,Man United,0,1,A,10,9,2,2,1,3,leicester,,1900.0,38279.0,Liga_Desconocida,126.0,1,-1,Derrota_Local,0
03/09/2022,Everton,Liverpool,0,0,D,14,23,3,8,7,9,everton,everton,1878.0,40157.0,English Premier League,148.0,0,0,Empate,0
03/09/2022,Brentford,Leeds,5,2,H,14,17,8,6,2,6,brentford,brentford,1889.0,17250.0,English Premier League,137.0,7,3,Victoria_Local,1
03/09/2022,Chelsea,West Ham,2,1,H,8,6,3,3,10,3,chelsea,chelsea,1905.0,41798.0,English Premier League,121.0,3,1,Victoria_Local,0
03/09/2022,Newcastle,Crystal Palace,0,0,D,23,19,6,9,13,5,newcastle,,1900.0,38279.0,Liga_Desconocida,126.0,0,0,Empate,0
03/09/2022,Nott'm Forest,Bournemouth,2,3,A,11,8,3,3,4,6,nottm forest,,1900.0,38279.0,Liga_Desconocida,126.0,5,-1,Derrota_Local,2
03/09/2022,Tottenham,Fulham,2,1,H,23,9,10,3,10,3,tottenham,,1900.0,38279.0,Liga_Desconocida,126.0,3,1,Victoria_Local,0
03/09/2022,Wolves,Southampton,1,0,H,7,12,2,1,5,6,wolves,,1900.0,38279.0,Liga_Desconocida,126.0,1,1,Victoria_Local,0
03/09/2022,Aston Villa,Man City,1,1,D,3,13,1,4,1,4,aston villa,aston villa,1874.0,42785.0,English Premier League,152.0,2,0,Empate,0
04/09/2022,Brighton,Leicester,5,2,H,23,6,11,4,10,1,brighton,,1900.0,38279.0,Liga_Desconocida,126.0,7,3,Victoria_Local,1
04/09/2022,Man United,Arsenal,3,1,H,10,16,6,3,2,5,man united,,1900.0,38279.0,Liga_Desconocida,126.0,4,2,Victoria_Local,1
16/09/2022,Aston Villa,Southampton,1,0,H,11,7,3,1,6,3,aston villa,aston villa,1874.0,42785.0,English Premier League,152.0,1,1,Victoria_Local,0
16/09/2022,Nott'm Forest,Fulham,2,3,A,11,15,3,7,2,10,nottm forest,,1900.0,38279.0,Liga_Desconocida,126.0,5,-1,Derrota_Local,2
17/09/2022,Wolves,Man City,0,3,A,6,16,1,7,5,7,wolves,,1900.0,38279.0,Liga_Desconocida,126.0,3,-3,Derrota_Local,2
17/09/2022,Newcastle,Bournemouth,1,1,D,20,10,7,3,8,1,newcastle,,1900.0,38279.0,Liga_Desconocida,126.0,2,0,Empate,0
17/09/2022,Tottenham,Leicester,6,2,H,16,19,11,7,6,1,tottenham,,1900.0,38279.0,Liga_Desconocida,126.0,8,4,Victoria_Local,1
18/09/2022,Brentford,Arsenal,0,3,A,5,13,2,7,3,3,brentford,brentford,1889.0,17250.0,English Premier League,137.0,3,-3,Derrota_Local,2
18/09/2022,Everton,West Ham,1,0,H,7,14,2,4,5,14,everton,everton,1878.0,40157.0,English Premier League,148.0,1,1,Victoria_Local,0
01/10/2022,Arsenal,Tottenham,3,1,H,22,7,9,3,5,2,arsenal,arsenal,1892.0,60338.0,English Premier League,134.0,4,2,Victoria_Local,1
01/10/2022,Bournemouth,Brentford,0,0,D,7,13,1,4,7,8,bournemouth,bournemouth,1890.0,11464.0,English Premier League,136.0,0,0,Empate,0
01/10/2022,Crystal Palace,Chelsea,1,2,A,7,13,3,3,5,2,crystal palace,crystal palace,1905.0,26255.0,English Premier League,121.0,3,-1,Derrota_Local,2
01/10/2022,Fulham,Newcastle,1,4,A,3,19,1,10,1,8,fulham,fulham,1879.0,25700.0,English Premier League,147.0,5,-3,Derrota_Local,2
01/10/2022,Liverpool,Brighton,3,3,D,15,6,7,6,9,2,liverpool,,1900.0,38279.0,Liga_Desconocida,126.0,6,0,Empate,2
01/10/2022,Southampton,Everton,1,2,A,22,12,6,5,7,6,southampton,,1900.0,38279.0,Liga_Desconocida,126.0,3,-1,Derrota_Local,2
01/10/2022,West Ham,Wolves,2,0,H,18,15,5,4,1,6,west ham,,1900.0,38279.0,Liga_Desconocida,126.0,2,2,Victoria_Local,0
02/10/2022,Man City,Man United,6,3,H,22,12,10,8,5,1,man city,,1900.0,38279.0,Liga_Desconocida,126.0,9,3,Victoria_Local,1
02/10/2022,Leeds,Aston Villa,0,0,D,9,19,1,7,2,9,leeds,,1900.0,38279.0,Liga_Desconocida,126.0,0,0,Empate,0
03/10/2022,Leicester,Nott'm Forest,4,0,H,17,10,7,3,6,6,leicester,,1900.0,38279.0,Liga_Desconocida,126.0,4,4,Victoria_Local,1
08/10/2022,Bournemouth,Leicester,2,1,H,10,9,4,5,7,2,bournemouth,bournemouth,1890.0,11464.0,English Premier League,136.0,3,1,Victoria_Local,0
08/10/2022,Chelsea,Wolves,3,0,H,20,8,7,2,4,2,chelsea,chelsea,1905.0,41798.0,English Premier League,121.0,3,3,Victoria_Local,1
08/10/2022,Man City,Southampton,4,0,H,21,5,8,0,9,1,man city,,1900.0,38279.0,Liga_Desconocida,126.0,4,4,Victoria_Local,1
08/10/2022,Newcastle,Brentford,5,1,H,16,6,6,3,9,5,newcastle,,1900.0,38279.0,Liga_Desconocida,126.0,6,4,Victoria_Local,1
08/10/2022,Brighton,Tottenham,0,1,A,14,8,4,3,6,2,brighton,,1900.0,38279.0,Liga_Desconocida,126.0,1,-1,Derrota_Local,0
09/10/2022,Crystal Palace,Leeds,2,1,H,13,10,5,4,5,3,crystal palace,crystal palace,1905.0,26255.0,English Premier League,121.0,3,1,Victoria_Local,0
09/10/2022,West Ham,Fulham,3,1,H,17,8,8,2,4,2,west ham,,1900.0,38279.0,Liga_Desconocida,126.0,4,2,Victoria_Local,1
09/10/2022,Arsenal,Liverpool,3,2,H,11,8,7,3,4,3,arsenal,arsenal,1892.0,60338.0,English Premier League,134.0,5,1,Victoria_Local,1
09/10/2022,Everton,Man United,1,2,A,11,12,2,4,5,4,everton,everton,1878.0,40157.0,English Premier League,148.0,3,-1,Derrota_Local,2
10/10/2022,Nott'm Forest,Aston Villa,1,1,D,6,12,3,2,1,4,nottm forest,,1900.0,38279.0,Liga_Desconocida,126.0,2,0,Empate,0
14/10/2022,Brentford,Brighton,2,0,H,7,21,3,7,2,11,brentford,brentford,1889.0,17250.0,English Premier League,137.0,2,2,Victoria_Local,0
15/10/2022,Leicester,Crystal Palace,0,0,D,14,8,5,1,9,2,leicester,,1900.0,38279.0,Liga_Desconocida,126.0,0,0,Empate,0
15/10/2022,Fulham,Bournemouth,2,2,D,19,10,4,6,5,6,fulham,fulham,1879.0,25700.0,English Premier League,147.0,4,0,Empate,2
15/10/2022,Wolves,Nott'm Forest,1,0,H,9,10,2,2,4,5,wolves,,1900.0,38279.0,Liga_Desconocida,126.0,1,1,Victoria_Local,0
15/10/2022,Tottenham,Everton,2,0,H,21,4,7,0,7,1,tottenham,,1900.0,38279.0,Liga_Desconocida,126.0,2,2,Victoria_Local,0
16/10/2022,Aston Villa,Chelsea,0,2,A,18,8,7,4,7,1,aston villa,aston villa,1874.0,42785.0,English Premier League,152.0,2,-2,Derrota_Local,2
16/10/2022,Leeds,Arsenal,0,1,A,16,9,4,4,6,3,leeds,,1900.0,38279.0,Liga_Desconocida,126.0,1,-1,Derrota_Local,0
16/10/2022,Man United,Newcastle,0,0,D,15,9,2,2,4,4,man united,,1900.0,38279.0,Liga_Desconocida,126.0,0,0,Empate,0
16/10/2022,Southampton,West Ham,1,1,D,10,25,8,4,4,14,southampton,,1900.0,38279.0,Liga_Desconocida,126.0,2,0,Empate,0
16/10/2022,Liverpool,Man City,1,0,H,13,16,2,6,5,6,liverpool,,1900.0,38279.0,Liga_Desconocida,126.0,1,1,Victoria_Local,0
18/10/2022,Brighton,Nott'm Forest,0,0,D,19,3,7,0,9,1,brighton,,1900.0,38279.0,Liga_Desconocida,126.0,0,0,Empate,0
18/10/2022,Crystal Palace,Wolves,2,1,H,14,10,4,4,4,3,crystal palace,crystal palace,1905.0,26255.0,English Premier League,121.0,3,1,Victoria_Local,0
19/10/2022,Bournemouth,Southampton,0,1,A,15,9,3,3,7,3,bournemouth,bournemouth,1890.0,11464.0,English Premier League,136.0,1,-1,Derrota_Local,0
19/10/2022,Brentford,Chelsea,0,0,D,8,14,5,5,6,2,brentford,brentford,1889.0,17250.0,English Premier League,137.0,0,0,Empate,0
19/10/2022,Liverpool,West Ham,1,0,H,22,8,7,3,8,3,liverpool,,1900.0,38279.0,Liga_Desconocida,126.0,1,1,Victoria_Local,0
19/10/2022,Newcastle,Everton,1,0,H,16,1,4,0,8,2,newcastle,,1900.0,38279.0,Liga_Desconocida,126.0,1,1,Victoria_Local,0
19/10/2022,Man United,Tottenham,2,0,H,28,9,10,2,8,3,man united,,1900.0,38279.0,Liga_Desconocida,126.0,2,2,Victoria_Local,0
20/10/2022,Fulham,Aston Villa,3,0,H,18,12,8,6,9,7,fulham,fulham,1879.0,25700.0,English Premier League,147.0,3,3,Victoria_Local,1
20/10/2022,Leicester,Leeds,2,0,H,5,14,1,2,2,9,leicester,,1900.0,38279.0,Liga_Desconocida,126.0,2,2,Victoria_Local,0
22/10/2022,Nott'm Forest,Liverpool,1,0,H,10,15,7,7,2,11,nottm forest,,1900.0,38279.0,Liga_Desconocida,126.0,1,1,Victoria_Local,0
22/10/2022,Everton,Crystal Palace,3,0,H,9,9,6,2,3,4,everton,everton,1878.0,40157.0,English Premier League,148.0,3,3,Victoria_Local,1
22/10/2022,Man City,Brighton,3,1,H,10,8,4,2,7,3,man city,,1900.0,38279.0,Liga_Desconocida,126.0,4,2,Victoria_Local,1
22/10/2022,Chelsea,Man United,1,1,D,6,13,2,6,6,4,chelsea,chelsea,1905.0,41798.0,English Premier League,121.0,2,0,Empate,0
23/10/2022,Aston Villa,Brentford,4,0,H,19,12,11,3,7,6,aston villa,aston villa,1874.0,42785.0,English Premier League,152.0,4,4,Victoria_Local,1
23/10/2022,Leeds,Fulham,2,3,A,14,11,5,5,3,6,leeds,,1900.0,38279.0,Liga_Desconocida,126.0,5,-1,Derrota_Local,2
23/10/2022,Southampton,Arsenal,1,1,D,10,12,3,3,9,4,southampton,,1900.0,38279.0,Liga_Desconocida,126.0,2,0,Empate,0
23/10/2022,Wolves,Leicester,0,4,A,21,5,5,4,9,2,wolves,,1900.0,38279.0,Liga_Desconocida,126.0,4,-4,Derrota_Local,2
23/10/2022,Tottenham,Newcastle,1,2,A,17,13,5,5,6,7,tottenham,,1900.0,38279.0,Liga_Desconocida,126.0,3,-1,Derrota_Local,2
24/10/2022,West Ham,Bournemouth,2,0,H,20,5,4,3,5,0,west ham,,1900.0,38279.0,Liga_Desconocida,126.0,2,2,Victoria_Local,0
29/10/2022,Leicester,Man City,0,1,A,10,15,5,5,3,10,leicester,,1900.0,38279.0,Liga_Desconocida,126.0,1,-1,Derrota_Local,0
29/10/2022,Bournemouth,Tottenham,2,3,A,6,23,4,7,2,19,bournemouth,bournemouth,1890.0,11464.0,English Premier League,136.0,5,-1,Derrota_Local,2
29/10/2022,Brentford,Wolves,1,1,D,12,14,3,4,3,6,brentford,brentford,1889.0,17250.0,English Premier League,137.0,2,0,Empate,0
29/10/2022,Brighton,Chelsea,4,1,H,19,15,9,7,8,7,brighton,,1900.0,38279.0,Liga_Desconocida,126.0,5,3,Victoria_Local,1
29/10/2022,Crystal Palace,Southampton,1,0,H,12,14,3,4,8,4,crystal palace,crystal palace,1905.0,26255.0,English Premier League,121.0,1,1,Victoria_Local,0
29/10/2022,Newcastle,Aston Villa,4,0,H,20,3,7,0,3,0,newcastle,,1900.0,38279.0,Liga_Desconocida,126.0,4,4,Victoria_Local,1
29/10/2022,Fulham,Everton,0,0,D,24,9,6,4,13,4,fulham,fulham,1879.0,25700.0,English Premier League,147.0,0,0,Empate,0
29/10/2022,Liverpool,Leeds,1,2,A,22,14,10,6,14,5,liverpool,,1900.0,38279.0,Liga_Desconocida,126.0,3,-1,Derrota_Local,2
30/10/2022,Arsenal,Nott'm Forest,5,0,H,24,5,10,2,9,4,arsenal,arsenal,1892.0,60338.0,English Premier League,134.0,5,5,Victoria_Local,1
30/10/2022,Man United,West Ham,1,0,H,16,13,3,5,5,10,man united,,1900.0,38279.0,Liga_Desconocida,126.0,1,1,Victoria_Local,0
05/11/2022,Leeds,Bournemouth,4,3,H,18,9,4,6,13,3,leeds,,1900.0,38279.0,Liga_Desconocida,126.0,7,1,Victoria_Local,1
05/11/2022,Man City,Fulham,2,1,H,16,4,5,2,9,0,man city,,1900.0,38279.0,Liga_Desconocida,126.0,3,1,Victoria_Local,0
05/11/2022,Nott'm Forest,Brentford,2,2,D,15,6,7,2,3,3,nottm forest,,1900.0,38279.0,Liga_Desconocida,126.0,4,0,Empate,2
05/11/2022,Wolves,Brighton,2,3,A,8,19,5,8,4,9,wolves,,1900.0,38279.0,Liga_Desconocida,126.0,5,-1,Derrota_Local,2
05/11/2022,Everton,Leicester,0,2,A,12,22,2,8,8,3,everton,everton,1878.0,40157.0,English Premier League,148.0,2,-2,Derrota_Local,2
06/11/2022,Chelsea,Arsenal,0,1,A,5,14,1,2,4,6,chelsea,chelsea,1905.0,41798.0,English Premier League,121.0,1,-1,Derrota_Local,0
06/11/2022,Aston Villa,Man United,3,1,H,6,8,4,3,3,5,aston villa,aston villa,1874.0,42785.0,English Premier League,152.0,4,2,Victoria_Local,1
06/11/2022,Southampton,Newcastle,1,4,A,16,7,5,4,8,2,southampton,,1900.0,38279.0,Liga_Desconocida,126.0,5,-3,Derrota_Local,2
06/11/2022,West Ham,Crystal Palace,1,2,A,5,15,2,6,2,5,west ham,,1900.0,38279.0,Liga_Desconocida,126.0,3,-1,Derrota_Local,2
06/11/2022,Tottenham,Liverpool,1,2,A,14,13,5,6,5,3,tottenham,,1900.0,38279.0,Liga_Desconocida,126.0,3,-1,Derrota_Local,2
12/11/2022,Man City,Brentford,1,2,A,29,10,6,8,10,2,man city,,1900.0,38279.0,Liga_Desconocida,126.0,3,-1,Derrota_Local,2
12/11/2022,Bournemouth,Everton,3,0,H,16,15,9,3,3,5,bournemouth,bournemouth,1890.0,11464.0,English Premier League,136.0,3,3,Victoria_Local,0
12/11/2022,Liverpool,Southampton,3,1,H,15,9,7,5,6,0,liverpool,,1900.0,38279.0,Liga_Desconocida,126.0,4,2,Victoria_Local,1
12/11/2022,Nott'm Forest,Crystal Palace,1,0,H,9,8,2,0,1,5,nottm forest,,1900.0,38279.0,Liga_Desconocida,126.0,1,1,Victoria_Local,0
12/11/2022,Tottenham,Leeds,4,3,H,14,12,8,5,9,2,tottenham,,1900.0,38279.0,Liga_Desconocida,126.0,7,1,Victoria_Local,1
12/11/2022,West Ham,Leicester,0,2,A,18,9,6,6,7,2,west ham,,1900.0,38279.0,Liga_Desconocida,126.0,2,-2,Derrota_Local,2
12/11/2022,Newcastle,Chelsea,1,0,H,10,5,3,2,5,3,newcastle,,1900.0,38279.0,Liga_Desconocida,126.0,1,1,Victoria_Local,0
12/11/2022,Wolves,Arsenal,0,2,A,11,14,2,4,6,4,wolves,,1900.0,38279.0,Liga_Desconocida,126.0,2,-2,Derrota_Local,2
13/11/2022,Brighton,Aston Villa,1,2,A,7,8,2,2,11,4,brighton,,1900.0,38279.0,Liga_Desconocida,126.0,3,-1,Derrota_Local,2
13/11/2022,Fulham,Man United,1,2,A,14,14,7,9,10,3,fulham,fulham,1879.0,25700.0,English Premier League,147.0,3,-1,Derrota_Local,2
26/12/2022,Brentford,Tottenham,2,2,D,9,16,5,8,6,5,brentford,brentford,1889.0,17250.0,English Premier League,137.0,4,0,Empate,2
26/12/2022,Crystal Palace,Fulham,0,3,A,4,23,0,11,1,8,crystal palace,crystal palace,1905.0,26255.0,English Premier League,121.0,3,-3,Derrota_Local,2
26/12/2022,Everton,Wolves,1,2,A,12,7,6,4,2,2,everton,everton,1878.0,40157.0,English Premier League,148.0,3,-1,Derrota_Local,2
26/12/2022,Leicester,Newcastle,0,3,A,8,12,2,5,5,5,leicester,,1900.0,38279.0,Liga_Desconocida,126.0,3,-3,Derrota_Local,2
26/12/2022,Southampton,Brighton,1,3,A,14,7,4,4,4,2,southampton,,1900.0,38279.0,Liga_Desconocida,126.0,4,-2,Derrota_Local,2
26/12/2022,Aston Villa,Liverpool,1,3,A,12,16,6,9,0,6,aston villa,aston villa,1874.0,42785.0,English Premier League,152.0,4,-2,Derrota_Local,2
26/12/2022,Arsenal,West Ham,3,1,H,16,8,5,4,7,5,arsenal,arsenal,1892.0,60338.0,English Premier League,134.0,4,2,Victoria_Local,1
27/12/2022,Chelsea,Bournemouth,2,0,H,15,9,5,4,6,8,chelsea,chelsea,1905.0,41798.0,English Premier League,121.0,2,2,Victoria_Local,0
27/12/2022,Man United,Nott'm Forest,3,0,H,17,8,8,3,9,9,man united,,1900.0,38279.0,Liga_Desconocida,126.0,3,3,Victoria_Local,1
28/12/2022,Leeds,Man City,1,3,A,9,26,1,9,3,5,leeds,,1900.0,38279.0,Liga_Desconocida,126.0,4,-2,Derrota_Local,2
30/12/2022,West Ham,Brentford,0,2,A,20,9,5,6,8,1,west ham,,1900.0,38279.0,Liga_Desconocida,126.0,2,-2,Derrota_Local,2
30/12/2022,Liverpool,Leicester,2,1,H,21,7,5,2,4,5,liverpool,,1900.0,38279.0,Liga_Desconocida,126.0,3,1,Victoria_Local,0
31/12/2022,Wolves,Man United,0,1,A,10,16,3,6,7,5,wolves,,1900.0,38279.0,Liga_Desconocida,126.0,1,-1,Derrota_Local,0
31/12/2022,Bournemouth,Crystal Palace,0,2,A,6,15,2,6,2,7,bournemouth,bournemouth,1890.0,11464.0,English Premier League,136.0,2,-2,Derrota_Local,2
31/12/2022,Fulham,Southampton,2,1,H,8,9,2,3,4,4,fulham,fulham,1879.0,25700.0,English Premier League,147.0,3,1,Victoria_Local,0
31/12/2022,Man City,Everton,1,1,D,16,2,3,1,7,1,man city,,1900.0,38279.0,Liga_Desconocida,126.0,2,0,Empate,0
31/12/2022,Newcastle,Leeds,0,0,D,16,8,5,1,9,3,newcastle,,1900.0,38279.0,Liga_Desconocida,126.0,0,0,Empate,0
31/12/2022,Brighton,Arsenal,2,4,A,9,14,5,7,7,4,brighton,,1900.0,38279.0,Liga_Desconocida,126.0,6,-2,Derrota_Local,2
01/01/2023,Tottenham,Aston Villa,0,2,A,6,13,2,4,5,3,tottenham,,1900.0,38279.0,Liga_Desconocida,126.0,2,-2,Derrota_Local,2
01/01/2023,Nott'm Forest,Chelsea,1,1,D,12,7,5,2,1,2,nottm forest,,1900.0,38279.0,Liga_Desconocida,126.0,2,0,Empate,0
02/01/2023,Brentford,Liverpool,3,1,H,10,16,7,6,4,9,brentford,brentford,1889.0,17250.0,English Premier League,137.0,4,2,Victoria_Local,0
03/01/2023,Arsenal,Newcastle,0,0,D,17,8,4,1,5,5,arsenal,arsenal,1892.0,60338.0,English Premier League,134.0,0,0,Empate,0
03/01/2023,Everton,Brighton,1,4,A,10,19,4,8,5,2,everton,everton,1878.0,40157.0,English Premier League,148.0,5,-3,Derrota_Local,2
03/01/2023,Leicester,Fulham,0,1,A,15,11,6,2,6,3,leicester,,1900.0,38279.0,Liga_Desconocida,126.0,1,-1,Derrota_Local,0
03/01/2023,Man United,Bournemouth,3,0,H,18,7,6,4,6,5,man united,,1900.0,38279.0,Liga_Desconocida,126.0,3,3,Victoria_Local,1
04/01/2023,Southampton,Nott'm Forest,0,1,A,8,11,0,1,6,2,southampton,,1900.0,38279.0,Liga_Desconocida,126.0,1,-1,Derrota_Local,0
04/01/2023,Leeds,West Ham,2,2,D,14,15,6,2,8,1,leeds,,1900.0,38279.0,Liga_Desconocida,126.0,4,0,Empate,2
04/01/2023,Aston Villa,Wolves,1,1,D,13,10,4,3,7,8,aston villa,aston villa,1874.0,42785.0,English Premier League,152.0,2,0,Empate,0
04/01/2023,Crystal Palace,Tottenham,0,4,A,19,14,4,6,10,4,crystal palace,crystal palace,1905.0,26255.0,English Premier League,121.0,4,-4,Derrota_Local,2
05/01/2023,Chelsea,Man City,0,1,A,8,12,2,3,3,2,chelsea,chelsea,1905.0,41798.0,English Premier League,121.0,1,-1,Derrota_Local,0
12/01/2023,Fulham,Chelsea,2,1,H,8,20,3,10,5,7,fulham,fulham,1879.0,25700.0,English Premier League,147.0,3,1,Victoria_Local,0
13/01/2023,Aston Villa,Leeds,2,1,H,11,16,5,4,0,11,aston villa,aston villa,1874.0,42785.0,English Premier League,152.0,3,1,Victoria_Local,1
14/01/2023,Man United,Man City,2,1,H,8,5,4,1,1,2,man united,,1900.0,38279.0,Liga_Desconocida,126.0,3,1,Victoria_Local,0
14/01/2023,Brighton,Liverpool,3,0,H,16,6,9,2,7,1,brighton,,1900.0,38279.0,Liga_Desconocida,126.0,3,3,Victoria_Local,1
14/01/2023,Everton,Southampton,1,2,A,12,13,4,5,6,4,everton,everton,1878.0,40157.0,English Premier League,148.0,3,-1,Derrota_Local,2
14/01/2023,Nott'm Forest,Leicester,2,0,H,15,6,5,1,3,5,nottm forest,,1900.0,38279.0,Liga_Desconocida,126.0,2,2,Victoria_Local,0
14/01/2023,Wolves,West Ham,1,0,H,17,16,4,4,4,3,wolves,,1900.0,38279.0,Liga_Desconocida,126.0,1,1,Victoria_Local,0
14/01/2023,Brentford,Bournemouth,2,0,H,12,7,4,2,5,3,brentford,brentford,1889.0,17250.0,English Premier League,137.0,2,2,Victoria_Local,0
15/01/2023,Chelsea,Crystal Palace,1,0,H,15,10,5,5,11,7,chelsea,chelsea,1905.0,41798.0,English Premier League,121.0,1,1,Victoria_Local,0
15/01/2023,Newcastle,Fulham,1,0,H,20,5,5,0,10,5,newcastle,,1900.0,38279.0,Liga_Desconocida,126.0,1,1,Victoria_Local,0
15/01/2023,Tottenham,Arsenal,0,2,A,17,14,7,5,4,3,tottenham,,1900.0,38279.0,Liga_Desconocida,126.0,2,-2,Derrota_Local,2
18/01/2023,Crystal Palace,Man United,1,1,D,10,15,5,4,3,3,crystal palace,crystal palace,1905.0,26255.0,English Premier League,121.0,2,0,Empate,0
19/01/2023,Man City,Tottenham,4,2,H,16,9,6,3,8,3,man city,,1900.0,38279.0,Liga_Desconocida,126.0,6,2,Victoria_Local,1
21/01/2023,Liverpool,Chelsea,0,0,D,15,11,3,2,5,5,liverpool,,1900.0,38279.0,Liga_Desconocida,126.0,0,0,Empate,0
21/01/2023,Bournemouth,Nott'm Forest,1,1,D,16,20,4,5,4,6,bournemouth,bournemouth,1890.0,11464.0,English Premier League,136.0,2,0,Empate,0
21/01/2023,Leicester,Brighton,2,2,D,9,13,2,4,5,6,leicester,,1900.0,38279.0,Liga_Desconocida,126.0,4,0,Empate,2
21/01/2023,Southampton,Aston Villa,0,1,A,8,16,5,5,2,2,southampton,,1900.0,38279.0,Liga_Desconocida,126.0,1,-1,Derrota_Local,0
21/01/2023,West Ham,Everton,2,0,H,11,5,4,2,4,9,west ham,,1900.0,38279.0,Liga_Desconocida,126.0,2,2,Victoria_Local,0
21/01/2023,Crystal Palace,Newcastle,0,0,D,6,16,1,7,3,15,crystal palace,crystal palace,1905.0,26255.0,English Premier League,121.0,0,0,Empate,0
22/01/2023,Leeds,Brentford,0,0,D,9,6,5,0,2,3,leeds,,1900.0,38279.0,Liga_Desconocida,126.0,0,0,Empate,0
22/01/2023,Man City,Wolves,3,0,H,13,10,7,1,5,7,man city,,1900.0,38279.0,Liga_Desconocida,126.0,3,3,Victoria_Local,1
22/01/2023,Arsenal,Man United,3,2,H,25,6,5,4,12,4,arsenal,arsenal,1892.0,60338.0,English Premier League,134.0,5,1,Victoria_Local,1
23/01/2023,Fulham,Tottenham,0,1,A,10,10,5,3,3,8,fulham,fulham,1879.0,25700.0,English Premier League,147.0,1,-1,Derrota_Local,0
03/02/2023,Chelsea,Fulham,0,0,D,12,10,3,4,6,2,chelsea,chelsea,1905.0,41798.0,English Premier League,121.0,0,0,Empate,0
04/02/2023,Everton,Arsenal,1,0,H,12,15,4,3,7,5,everton,everton,1878.0,40157.0,English Premier League,148.0,1,1,Victoria_Local,0
04/02/2023,Aston Villa,Leicester,2,4,A,19,9,4,5,11,3,aston villa,aston villa,1874.0,42785.0,English Premier League,152.0,6,-2,Derrota_Local,2
04/02/2023,Brentford,Southampton,3,0,H,14,14,4,6,4,4,brentford,brentford,1889.0,17250.0,English Premier League,137.0,3,3,Victoria_Local,0
04/02/2023,Brighton,Bournemouth,1,0,H,20,12,6,2,7,3,brighton,,1900.0,38279.0,Liga_Desconocida,126.0,1,1,Victoria_Local,0
04/02/2023,Man United,Crystal Palace,2,1,H,14,10,5,3,5,5,man united,,1900.0,38279.0,Liga_Desconocida,126.0,3,1,Victoria_Local,0
04/02/2023,Wolves,Liverpool,3,0,H,12,22,6,4,2,7,wolves,,1900.0,38279.0,Liga_Desconocida,126.0,3,3,Victoria_Local,1
04/02/2023,Newcastle,West Ham,1,1,D,8,10,2,1,4,2,newcastle,,1900.0,38279.0,Liga_Desconocida,126.0,2,0,Empate,0
05/02/2023,Nott'm Forest,Leeds,1,0,H,6,10,2,4,0,2,nottm forest,,1900.0,38279.0,Liga_Desconocida,126.0,1,1,Victoria_Local,0
05/02/2023,Tottenham,Man City,1,0,H,12,15,3,5,4,6,tottenham,,1900.0,38279.0,Liga_Desconocida,126.0,1,1,Victoria_Local,0
08/02/2023,Man United,Leeds,2,2,D,24,8,7,2,6,5,man united,,1900.0,38279.0,Liga_Desconocida,126.0,4,0,Empate,2
11/02/2023,West Ham,Chelsea,1,1,D,10,12,2,4,5,6,west ham,,1900.0,38279.0,Liga_Desconocida,126.0,2,0,Empate,0
11/02/2023,Arsenal,Brentford,1,1,D,23,9,7,2,7,4,arsenal,arsenal,1892.0,60338.0,English Premier League,134.0,2,0,Empate,1
11/02/2023,Crystal Palace,Brighton,1,1,D,6,17,1,7,1,6,crystal palace,crystal palace,1905.0,26255.0,English Premier League,121.0,2,0,Empate,0
11/02/2023,Fulham,Nott'm Forest,2,0,H,16,10,3,1,5,4,fulham,fulham,1879.0,25700.0,English Premier League,147.0,2,2,Victoria_Local,0
11/02/2023,Leicester,Tottenham,4,1,H,15,11,7,4,1,5,leicester,,1900.0,38279.0,Liga_Desconocida,126.0,5,3,Victoria_Local,1
11/02/2023,Southampton,Wolves,1,2,A,17,11,2,2,5,2,southampton,,1900.0,38279.0,Liga_Desconocida,126.0,3,-1,Derrota_Local,2
11/02/2023,Bournemouth,Newcastle,1,1,D,11,15,5,7,4,6,bournemouth,bournemouth,1890.0,11464.0,English Premier League,136.0,2,0,Empate,0
12/02/2023,Leeds,Man United,0,2,A,16,11,6,5,7,3,leeds,,1900.0,38279.0,Liga_Desconocida,126.0,2,-2,Derrota_Local,2
12/02/2023,Man City,Aston Villa,3,1,H,17,6,9,2,8,4,man city,,1900.0,38279.0,Liga_Desconocida,126.0,4,2,Victoria_Local,1
13/02/2023,Liverpool,Everton,2,0,H,15,6,6,1,3,3,liverpool,,1900.0,38279.0,Liga_Desconocida,126.0,2,2,Victoria_Local,0
15/02/2023,Arsenal,Man City,1,3,A,10,9,1,6,1,3,arsenal,arsenal,1892.0,60338.0,English Premier League,134.0,4,-2,Derrota_Local,2
18/02/2023,Aston Villa,Arsenal,2,4,A,7,20,5,5,2,9,aston villa,aston villa,1874.0,42785.0,English Premier League,152.0,6,-2,Derrota_Local,2
18/02/2023,Brentford,Crystal Palace,1,1,D,12,10,5,4,2,6,brentford,brentford,1889.0,17250.0,English Premier League,137.0,2,0,Empate,0
18/02/2023,Brighton,Fulham,0,1,A,21,5,7,2,10,2,brighton,,1900.0,38279.0,Liga_Desconocida,126.0,1,-1,Derrota_Local,0
18/02/2023,Chelsea,Southampton,0,1,A,17,8,5,5,8,2,chelsea,chelsea,1905.0,41798.0,English Premier League,121.0,1,-1,Derrota_Local,0
18/02/2023,Everton,Leeds,1,0,H,15,8,6,0,6,4,everton,everton,1878.0,40157.0,English Premier League,148.0,1,1,Victoria_Local,0
18/02/2023,Nott'm Forest,Man City,1,1,D,4,26,1,6,0,10,nottm forest,,1900.0,38279.0,Liga_Desconocida,126.0,2,0,Empate,0
18/02/2023,Wolves,Bournemouth,0,1,A,15,5,4,1,12,2,wolves,,1900.0,38279.0,Liga_Desconocida,126.0,1,-1,Derrota_Local,0
18/02/2023,Newcastle,Liverpool,0,2,A,14,13,4,7,6,7,newcastle,,1900.0,38279.0,Liga_Desconocida,126.0,2,-2,Derrota_Local,2
19/02/2023,Man United,Leicester,3,0,H,26,19,8,3,6,6,man united,,1900.0,38279.0,Liga_Desconocida,126.0,3,3,Victoria_Local,1
19/02/2023,Tottenham,West Ham,2,0,H,16,6,6,1,4,7,tottenham,,1900.0,38279.0,Liga_Desconocida,126.0,2,2,Victoria_Local,0
24/02/2023,Fulham,Wolves,1,1,D,10,8,5,2,4,3,fulham,fulham,1879.0,25700.0,English Premier League,147.0,2,0,Empate,0
25/02/2023,Everton,Aston Villa,0,2,A,15,9,5,5,5,1,everton,everton,1878.0,40157.0,English Premier League,148.0,2,-2,Derrota_Local,2
25/02/2023,Leeds,Southampton,1,0,H,14,8,4,2,9,2,leeds,,1900.0,38279.0,Liga_Desconocida,126.0,1,1,Victoria_Local,0
25/02/2023,Leicester,Arsenal,0,1,A,1,10,0,2,0,8,leicester,,1900.0,38279.0,Liga_Desconocida,126.0,1,-1,Derrota_Local,0
25/02/2023,West Ham,Nott'm Forest,4,0,H,18,8,5,3,12,3,west ham,,1900.0,38279.0,Liga_Desconocida,126.0,4,4,Victoria_Local,1
25/02/2023,Bournemouth,Man City,1,4,A,13,20,2,5,4,6,bournemouth,bournemouth,1890.0,11464.0,English Premier League,136.0,5,-3,Derrota_Local,2
25/02/2023,Crystal Palace,Liverpool,0,0,D,6,12,0,4,5,3,crystal palace,crystal palace,1905.0,26255.0,English Premier League,121.0,0,0,Empate,0
26/02/2023,Tottenham,Chelsea,2,0,H,8,10,3,2,4,4,tottenham,,1900.0,38279.0,Liga_Desconocida,126.0,2,2,Victoria_Local,0
01/03/2023,Arsenal,Everton,4,0,H,15,8,5,5,5,1,arsenal,arsenal,1892.0,60338.0,English Premier League,134.0,4,4,Victoria_Local,1
01/03/2023,Liverpool,Wolves,2,0,H,15,4,6,1,5,2,liverpool,,1900.0,38279.0,Liga_Desconocida,126.0,2,2,Victoria_Local,0
04/03/2023,Man City,Newcastle,2,0,H,11,5,3,2,8,4,man city,,1900.0,38279.0,Liga_Desconocida,126.0,2,2,Victoria_Local,0
04/03/2023,Arsenal,Bournemouth,3,2,H,31,4,9,4,17,1,arsenal,arsenal,1892.0,60338.0,English Premier League,134.0,5,1,Victoria_Local,1
04/03/2023,Aston Villa,Crystal Palace,1,0,H,8,3,1,0,2,4,aston villa,aston villa,1874.0,42785.0,English Premier League,152.0,1,1,Victoria_Local,0
04/03/2023,Brighton,West Ham,4,0,H,20,3,9,2,7,3,brighton,,1900.0,38279.0,Liga_Desconocida,126.0,4,4,Victoria_Local,1
04/03/2023,Chelsea,Leeds,1,0,H,13,11,3,2,5,7,chelsea,chelsea,1905.0,41798.0,English Premier League,121.0,1,1,Victoria_Local,0
04/03/2023,Wolves,Tottenham,1,0,H,8,21,5,6,4,8,wolves,,1900.0,38279.0,Liga_Desconocida,126.0,1,1,Victoria_Local,0
04/03/2023,Southampton,Leicester,1,0,H,11,11,5,0,3,4,southampton,,1900.0,38279.0,Liga_Desconocida,126.0,1,1,Victoria_Local,0
05/03/2023,Nott'm Forest,Everton,2,2,D,10,10,4,3,3,3,nottm forest,,1900.0,38279.0,Liga_Desconocida,126.0,4,0,Empate,2
05/03/2023,Liverpool,Man United,7,0,H,18,8,8,4,4,3,liverpool,,1900.0,38279.0,Liga_Desconocida,126.0,7,7,Victoria_Local,1
06/03/2023,Brentford,Fulham,3,2,H,14,9,6,5,2,3,brentford,brentford,1889.0,17250.0,English Premier League,137.0,5,1,Victoria_Local,2
11/03/2023,Bournemouth,Liverpool,1,0,H,5,15,2,6,3,8,bournemouth,bournemouth,1890.0,11464.0,English Premier League,136.0,1,1,Victoria_Local,0
11/03/2023,Everton,Brentford,1,0,H,13,12,6,4,5,8,everton,everton,1878.0,40157.0,English Premier League,148.0,1,1,Victoria_Local,0
11/03/2023,Leeds,Brighton,2,2,D,12,14,4,2,4,7,leeds,,1900.0,38279.0,Liga_Desconocida,126.0,4,0,Empate,2
11/03/2023,Leicester,Chelsea,1,3,A,17,12,7,6,2,5,leicester,,1900.0,38279.0,Liga_Desconocida,126.0,4,-2,Derrota_Local,2
11/03/2023,Tottenham,Nott'm Forest,3,1,H,15,9,7,5,2,10,tottenham,,1900.0,38279.0,Liga_Desconocida,126.0,4,2,Victoria_Local,1
11/03/2023,Crystal Palace,Man City,0,1,A,4,14,0,4,2,6,crystal palace,crystal palace,1905.0,26255.0,English Premier League,121.0,1,-1,Derrota_Local,0
12/03/2023,Fulham,Arsenal,0,3,A,12,15,2,7,4,8,fulham,fulham,1879.0,25700.0,English Premier League,147.0,3,-3,Derrota_Local,2
12/03/2023,Man United,Southampton,0,0,D,10,17,4,4,7,8,man united,,1900.0,38279.0,Liga_Desconocida,126.0,0,0,Empate,0
12/03/2023,West Ham,Aston Villa,1,1,D,17,12,6,4,13,2,west ham,,1900.0,38279.0,Liga_Desconocida,126.0,2,0,Empate,0
12/03/2023,Newcastle,Wolves,2,1,H,19,7,8,4,10,3,newcastle,,1900.0,38279.0,Liga_Desconocida,126.0,3,1,Victoria_Local,0
15/03/2023,Brighton,Crystal Palace,1,0,H,11,11,5,3,1,4,brighton,,1900.0,38279.0,Liga_Desconocida,126.0,1,1,Victoria_Local,0
15/03/2023,Southampton,Brentford,0,2,A,7,11,1,5,3,3,southampton,,1900.0,38279.0,Liga_Desconocida,126.0,2,-2,Derrota_Local,2
17/03/2023,Nott'm Forest,Newcastle,1,2,A,5,15,3,4,3,7,nottm forest,,1900.0,38279.0,Liga_Desconocida,126.0,3,-1,Derrota_Local,2
18/03/2023,Aston Villa,Bournemouth,3,0,H,20,10,9,3,9,6,aston villa,aston villa,1874.0,42785.0,English Premier League,152.0,3,3,Victoria_Local,1
18/03/2023,Brentford,Leicester,1,1,D,11,14,2,1,8,4,brentford,brentford,1889.0,17250.0,English Premier League,137.0,2,0,Empate,0
18/03/2023,Southampton,Tottenham,3,3,D,19,17,7,3,10,3,southampton,,1900.0,38279.0,Liga_Desconocida,126.0,6,0,Empate,2
18/03/2023,Wolves,Leeds,2,4,A,23,11,8,4,5,4,wolves,,1900.0,38279.0,Liga_Desconocida,126.0,6,-2,Derrota_Local,2
18/03/2023,Chelsea,Everton,2,2,D,20,12,7,3,8,2,chelsea,chelsea,1905.0,41798.0,English Premier League,121.0,4,0,Empate,2
19/03/2023,Arsenal,Crystal Palace,4,1,H,15,8,5,4,5,4,arsenal,arsenal,1892.0,60338.0,English Premier League,134.0,5,3,Victoria_Local,1
01/04/2023,Man City,Liverpool,4,1,H,17,4,8,1,7,1,man city,,1900.0,38279.0,Liga_Desconocida,126.0,5,3,Victoria_Local,1
01/04/2023,Arsenal,Leeds,4,1,H,13,7,6,5,4,3,arsenal,arsenal,1892.0,60338.0,English Premier League,134.0,5,3,Victoria_Local,1
01/04/2023,Bournemouth,Fulham,2,1,H,12,10,7,2,4,3,bournemouth,bournemouth,1890.0,11464.0,English Premier League,136.0,3,1,Victoria_Local,0
01/04/2023,Brighton,Brentford,3,3,D,33,7,15,5,14,0,brighton,,1900.0,38279.0,Liga_Desconocida,126.0,6,0,Empate,2
01/04/2023,Crystal Palace,Leicester,2,1,H,31,3,9,2,10,1,crystal palace,crystal palace,1905.0,26255.0,English Premier League,121.0,3,1,Victoria_Local,0
01/04/2023,Nott'm Forest,Wolves,1,1,D,17,8,7,1,4,3,nottm forest,,1900.0,38279.0,Liga_Desconocida,126.0,2,0,Empate,0
01/04/2023,Chelsea,Aston Villa,0,2,A,27,5,8,2,13,2,chelsea,chelsea,1905.0,41798.0,English Premier League,121.0,2,-2,Derrota_Local,2
02/04/2023,West Ham,Southampton,1,0,H,12,9,2,3,5,3,west ham,,1900.0,38279.0,Liga_Desconocida,126.0,1,1,Victoria_Local,0
02/04/2023,Newcastle,Man United,2,0,H,22,6,6,1,7,4,newcastle,,1900.0,38279.0,Liga_Desconocida,126.0,2,2,Victoria_Local,0
03/04/2023,Everton,Tottenham,1,1,D,15,8,6,2,3,3,everton,everton,1878.0,40157.0,English Premier League,148.0,2,0,Empate,0
04/04/2023,Bournemouth,Brighton,0,2,A,14,16,3,6,5,5,bournemouth,bournemouth,1890.0,11464.0,English Premier League,136.0,2,-2,Derrota_Local,2
04/04/2023,Leeds,Nott'm Forest,2,1,H,21,13,6,1,11,4,leeds,,1900.0,38279.0,Liga_Desconocida,126.0,3,1,Victoria_Local,0
04/04/2023,Leicester,Aston Villa,1,2,A,9,15,4,5,4,8,leicester,,1900.0,38279.0,Liga_Desconocida,126.0,3,-1,Derrota_Local,2
04/04/2023,Chelsea,Liverpool,0,0,D,12,7,3,4,3,5,chelsea,chelsea,1905.0,41798.0,English Premier League,121.0,0,0,Empate,0
05/04/2023,Man United,Brentford,1,0,H,18,6,3,1,12,3,man united,,1900.0,38279.0,Liga_Desconocida,126.0,1,1,Victoria_Local,0
05/04/2023,West Ham,Newcastle,1,5,A,7,15,2,8,7,6,west ham,,1900.0,38279.0,Liga_Desconocida,126.0,6,-4,Derrota_Local,2
08/04/2023,Man United,Everton,2,0,H,29,15,11,1,10,4,man united,,1900.0,38279.0,Liga_Desconocida,126.0,2,2,Victoria_Local,0
08/04/2023,Aston Villa,Nott'm Forest,2,0,H,8,6,3,2,1,8,aston villa,aston villa,1874.0,42785.0,English Premier League,152.0,2,2,Victoria_Local,1
08/04/2023,Brentford,Newcastle,1,2,A,12,10,6,4,6,5,brentford,brentford,1889.0,17250.0,English Premier League,137.0,3,-1,Derrota_Local,2
08/04/2023,Fulham,West Ham,0,1,A,16,9,3,5,11,4,fulham,fulham,1879.0,25700.0,English Premier League,147.0,1,-1,Derrota_Local,0
08/04/2023,Leicester,Bournemouth,0,1,A,14,19,4,7,6,6,leicester,,1900.0,38279.0,Liga_Desconocida,126.0,1,-1,Derrota_Local,0
08/04/2023,Tottenham,Brighton,2,1,H,9,17,3,4,3,7,tottenham,,1900.0,38279.0,Liga_Desconocida,126.0,3,1,Victoria_Local,0
08/04/2023,Wolves,Chelsea,1,0,H,9,13,4,1,8,8,wolves,,1900.0,38279.0,Liga_Desconocida,126.0,1,1,Victoria_Local,0
08/04/2023,Southampton,Man City,1,4,A,4,13,1,8,0,10,southampton,,1900.0,38279.0,Liga_Desconocida,126.0,5,-3,Derrota_Local,2
09/04/2023,Leeds,Crystal Palace,1,5,A,11,16,7,8,2,4,leeds,,1900.0,38279.0,Liga_Desconocida,126.0,6,-4,Derrota_Local,2
09/04/2023,Liverpool,Arsenal,2,2,D,21,9,6,5,5,4,liverpool,,1900.0,38279.0,Liga_Desconocida,126.0,4,0,Empate,2
15/04/2023,Aston Villa,Newcastle,3,0,H,16,8,6,2,7,2,aston villa,aston villa,1874.0,42785.0,English Premier League,152.0,3,3,Victoria_Local,1
15/04/2023,Chelsea,Brighton,1,2,A,8,26,2,10,2,8,chelsea,chelsea,1905.0,41798.0,English Premier League,121.0,3,-1,Derrota_Local,2
15/04/2023,Everton,Fulham,1,3,A,15,21,7,7,4,8,everton,everton,1878.0,40157.0,English Premier League,148.0,4,-2,Derrota_Local,2
15/04/2023,Southampton,Crystal Palace,0,2,A,11,9,4,2,6,2,southampton,,1900.0,38279.0,Liga_Desconocida,126.0,2,-2,Derrota_Local,2
15/04/2023,Tottenham,Bournemouth,2,3,A,24,6,8,6,8,1,tottenham,,1900.0,38279.0,Liga_Desconocida,126.0,5,-1,Derrota_Local,2
15/04/2023,Wolves,Brentford,2,0,H,11,10,9,3,5,2,wolves,,1900.0,38279.0,Liga_Desconocida,126.0,2,2,Victoria_Local,0
15/04/2023,Man City,Leicester,3,1,H,12,10,4,4,6,2,man city,,1900.0,38279.0,Liga_Desconocida,126.0,4,2,Victoria_Local,1
16/04/2023,West Ham,Arsenal,2,2,D,16,11,3,5,7,2,west ham,,1900.0,38279.0,Liga_Desconocida,126.0,4,0,Empate,2
16/04/2023,Nott'm Forest,Man United,0,2,A,6,22,0,8,4,9,nottm forest,,1900.0,38279.0,Liga_Desconocida,126.0,2,-2,Derrota_Local,2
17/04/2023,Leeds,Liverpool,1,6,A,13,13,3,7,4,2,leeds,,1900.0,38279.0,Liga_Desconocida,126.0,7,-5,Derrota_Local,2
21/04/2023,Arsenal,Southampton,3,3,D,25,8,6,6,7,2,arsenal,arsenal,1892.0,60338.0,English Premier League,134.0,6,0,Empate,1
22/04/2023,Fulham,Leeds,2,1,H,12,10,5,2,8,6,fulham,fulham,1879.0,25700.0,English Premier League,147.0,3,1,Victoria_Local,0
22/04/2023,Brentford,Aston Villa,1,1,D,6,14,5,2,8,4,brentford,brentford,1889.0,17250.0,English Premier League,137.0,2,0,Empate,0
22/04/2023,Crystal Palace,Everton,0,0,D,12,10,2,5,8,1,crystal palace,crystal palace,1905.0,26255.0,English Premier League,121.0,0,0,Empate,0
22/04/2023,Leicester,Wolves,2,1,H,15,16,8,3,1,7,leicester,,1900.0,38279.0,Liga_Desconocida,126.0,3,1,Victoria_Local,0
22/04/2023,Liverpool,Nott'm Forest,3,2,H,18,11,6,5,9,3,liverpool,,1900.0,38279.0,Liga_Desconocida,126.0,5,1,Victoria_Local,1
23/04/2023,Bournemouth,West Ham,0,4,A,17,18,5,10,8,5,bournemouth,bournemouth,1890.0,11464.0,English Premier League,136.0,4,-4,Derrota_Local,2
23/04/2023,Newcastle,Tottenham,6,1,H,25,11,8,3,9,3,newcastle,,1900.0,38279.0,Liga_Desconocida,126.0,7,5,Victoria_Local,1
25/04/2023,Wolves,Crystal Palace,2,0,H,9,14,3,4,6,11,wolves,,1900.0,38279.0,Liga_Desconocida,126.0,2,2,Victoria_Local,0
25/04/2023,Aston Villa,Fulham,1,0,H,14,1,3,0,8,2,aston villa,aston villa,1874.0,42785.0,English Premier League,152.0,1,1,Victoria_Local,0
25/04/2023,Leeds,Leicester,1,1,D,13,15,3,3,3,6,leeds,,1900.0,38279.0,Liga_Desconocida,126.0,2,0,Empate,0
26/04/2023,Nott'm Forest,Brighton,3,1,H,12,17,5,7,2,7,nottm forest,,1900.0,38279.0,Liga_Desconocida,126.0,4,2,Victoria_Local,1
26/04/2023,Chelsea,Brentford,0,2,A,15,7,4,1,5,2,chelsea,chelsea,1905.0,41798.0,English Premier League,121.0,2,-2,Derrota_Local,2
26/04/2023,West Ham,Liverpool,1,2,A,7,20,2,4,3,6,west ham,,1900.0,38279.0,Liga_Desconocida,126.0,3,-1,Derrota_Local,2
26/04/2023,Man City,Arsenal,4,1,H,14,8,9,2,1,3,man city,,1900.0,38279.0,Liga_Desconocida,126.0,5,3,Victoria_Local,1
27/04/2023,Everton,Newcastle,1,4,A,13,15,5,8,3,14,everton,everton,1878.0,40157.0,English Premier League,148.0,5,-3,Derrota_Local,2
27/04/2023,Southampton,Bournemouth,0,1,A,11,16,2,2,6,4,southampton,,1900.0,38279.0,Liga_Desconocida,126.0,1,-1,Derrota_Local,0
27/04/2023,Tottenham,Man United,2,2,D,18,17,7,8,6,8,tottenham,,1900.0,38279.0,Liga_Desconocida,126.0,4,0,Empate,2
29/04/2023,Crystal Palace,West Ham,4,3,H,16,8,6,4,8,5,crystal palace,crystal palace,1905.0,26255.0,English Premier League,121.0,7,1,Victoria_Local,2
29/04/2023,Brentford,Nott'm Forest,2,1,H,14,5,8,3,6,0,brentford,brentford,1889.0,17250.0,English Premier League,137.0,3,1,Victoria_Local,0
29/04/2023,Brighton,Wolves,6,0,H,22,10,8,2,2,5,brighton,,1900.0,38279.0,Liga_Desconocida,126.0,6,6,Victoria_Local,1
30/04/2023,Bournemouth,Leeds,4,1,H,12,15,7,6,2,6,bournemouth,bournemouth,1890.0,11464.0,English Premier League,136.0,5,3,Victoria_Local,1
30/04/2023,Fulham,Man City,1,2,A,4,12,1,9,2,5,fulham,fulham,1879.0,25700.0,English Premier League,147.0,3,-1,Derrota_Local,2
30/04/2023,Man United,Aston Villa,1,0,H,14,7,6,1,1,4,man united,,1900.0,38279.0,Liga_Desconocida,126.0,1,1,Victoria_Local,0
30/04/2023,Newcastle,Southampton,3,1,H,22,4,5,3,11,2,newcastle,,1900.0,38279.0,Liga_Desconocida,126.0,4,2,Victoria_Local,1
30/04/2023,Liverpool,Tottenham,4,3,H,12,10,4,7,5,2,liverpool,,1900.0,38279.0,Liga_Desconocida,126.0,7,1,Victoria_Local,1
01/05/2023,Leicester,Everton,2,2,D,15,23,6,8,2,9,leicester,,1900.0,38279.0,Liga_Desconocida,126.0,4,0,Empate,2
02/05/2023,Arsenal,Chelsea,3,1,H,16,7,10,4,7,2,arsenal,arsenal,1892.0,60338.0,English Premier League,134.0,4,2,Victoria_Local,1
03/05/2023,Liverpool,Fulham,1,0,H,15,9,3,3,7,5,liverpool,,1900.0,38279.0,Liga_Desconocida,126.0,1,1,Victoria_Local,0
03/05/2023,Man City,West Ham,3,0,H,16,6,7,2,6,3,man city,,1900.0,38279.0,Liga_Desconocida,126.0,3,3,Victoria_Local,1
04/05/2023,Brighton,Man United,1,0,H,22,16,6,5,8,6,brighton,,1900.0,38279.0,Liga_Desconocida,126.0,1,1,Victoria_Local,0
06/05/2023,Bournemouth,Chelsea,1,3,A,10,11,4,5,7,7,bournemouth,bournemouth,1890.0,11464.0,English Premier League,136.0,4,-2,Derrota_Local,2
06/05/2023,Man City,Leeds,2,1,H,18,4,6,2,10,1,man city,,1900.0,38279.0,Liga_Desconocida,126.0,3,1,Victoria_Local,0
06/05/2023,Tottenham,Crystal Palace,1,0,H,8,7,3,2,8,4,tottenham,,1900.0,38279.0,Liga_Desconocida,126.0,1,1,Victoria_Local,0
06/05/2023,Wolves,Aston Villa,1,0,H,6,16,2,3,5,6,wolves,,1900.0,38279.0,Liga_Desconocida,126.0,1,1,Victoria_Local,0
06/05/2023,Liverpool,Brentford,1,0,H,15,5,5,1,7,3,liverpool,,1900.0,38279.0,Liga_Desconocida,126.0,1,1,Victoria_Local,0
07/05/2023,Newcastle,Arsenal,0,2,A,12,10,5,6,9,4,newcastle,,1900.0,38279.0,Liga_Desconocida,126.0,2,-2,Derrota_Local,2
07/05/2023,West Ham,Man United,1,0,H,15,19,4,4,5,6,west ham,,1900.0,38279.0,Liga_Desconocida,126.0,1,1,Victoria_Local,0
08/05/2023,Fulham,Leicester,5,3,H,17,18,7,9,2,7,fulham,fulham,1879.0,25700.0,English Premier League,147.0,8,2,Victoria_Local,1
08/05/2023,Brighton,Everton,1,5,A,23,10,5,5,15,1,brighton,,1900.0,38279.0,Liga_Desconocida,126.0,6,-4,Derrota_Local,2
08/05/2023,Nott'm Forest,Southampton,4,3,H,9,19,4,5,2,11,nottm forest,,1900.0,38279.0,Liga_Desconocida,126.0,7,1,Victoria_Local,1
13/05/2023,Leeds,Newcastle,2,2,D,9,18,4,5,2,6,leeds,,1900.0,38279.0,Liga_Desconocida,126.0,4,0,Empate,2
13/05/2023,Aston Villa,Tottenham,2,1,H,8,5,4,2,8,3,aston villa,aston villa,1874.0,42785.0,English Premier League,152.0,3,1,Victoria_Local,1
13/05/2023,Chelsea,Nott'm Forest,2,2,D,14,11,6,2,2,5,chelsea,chelsea,1905.0,41798.0,English Premier League,121.0,4,0,Empate,2
13/05/2023,Crystal Palace,Bournemouth,2,0,H,17,5,5,0,11,2,crystal palace,crystal palace,1905.0,26255.0,English Premier League,121.0,2,2,Victoria_Local,0
13/05/2023,Man United,Wolves,2,0,H,27,5,9,0,11,7,man united,,1900.0,38279.0,Liga_Desconocida,126.0,2,2,Victoria_Local,0
13/05/2023,Southampton,Fulham,0,2,A,5,9,1,4,1,8,southampton,,1900.0,38279.0,Liga_Desconocida,126.0,2,-2,Derrota_Local,2
14/05/2023,Brentford,West Ham,2,0,H,24,4,10,4,7,5,brentford,brentford,1889.0,17250.0,English Premier League,137.0,2,2,Victoria_Local,0
14/05/2023,Everton,Man City,0,3,A,7,9,3,4,8,6,everton,everton,1878.0,40157.0,English Premier League,148.0,3,-3,Derrota_Local,2
14/05/2023,Arsenal,Brighton,0,3,A,14,12,2,6,5,2,arsenal,arsenal,1892.0,60338.0,English Premier League,134.0,3,-3,Derrota_Local,2
15/05/2023,Leicester,Liverpool,0,3,A,4,16,4,5,4,4,leicester,,1900.0,38279.0,Liga_Desconocida,126.0,3,-3,Derrota_Local,2
18/05/2023,Newcastle,Brighton,4,1,H,22,8,9,2,6,1,newcastle,,1900.0,38279.0,Liga_Desconocida,126.0,5,3,Victoria_Local,1
20/05/2023,Tottenham,Brentford,1,3,A,22,11,8,4,8,2,tottenham,,1900.0,38279.0,Liga_Desconocida,126.0,4,-2,Derrota_Local,2
20/05/2023,Bournemouth,Man United,0,1,A,10,20,4,5,3,6,bournemouth,bournemouth,1890.0,11464.0,English Premier League,136.0,1,-1,Derrota_Local,0
20/05/2023,Fulham,Crystal Palace,2,2,D,11,11,4,5,7,4,fulham,fulham,1879.0,25700.0,English Premier League,147.0,4,0,Empate,2
20/05/2023,Liverpool,Aston Villa,1,1,D,10,6,5,3,9,4,liverpool,,1900.0,38279.0,Liga_Desconocida,126.0,2,0,Empate,0
20/05/2023,Wolves,Everton,1,1,D,13,19,5,4,1,7,wolves,,1900.0,38279.0,Liga_Desconocida,126.0,2,0,Empate,0
20/05/2023,Nott'm Forest,Arsenal,1,0,H,6,11,2,3,3,6,nottm forest,,1900.0,38279.0,Liga_Desconocida,126.0,1,1,Victoria_Local,0
21/05/2023,West Ham,Leeds,3,1,H,19,12,9,3,9,5,west ham,,1900.0,38279.0,Liga_Desconocida,126.0,4,2,Victoria_Local,1
21/05/2023,Brighton,Southampton,3,1,H,26,5,8,1,4,3,brighton,,1900.0,38279.0,Liga_Desconocida,126.0,4,2,Victoria_Local,1
21/05/2023,Man City,Chelsea,1,0,H,15,13,2,6,5,2,man city,,1900.0,38279.0,Liga_Desconocida,126.0,1,1,Victoria_Local,0
22/05/2023,Newcastle,Leicester,0,0,D,23,1,4,1,12,1,newcastle,,1900.0,38279.0,Liga_Desconocida,126.0,0,0,Empate,0
24/05/2023,Brighton,Man City,1,1,D,20,13,7,4,5,1,brighton,,1900.0,38279.0,Liga_Desconocida,126.0,2,0,Empate,0
25/05/2023,Man United,Chelsea,4,1,H,18,14,9,5,3,4,man united,,1900.0,38279.0,Liga_Desconocida,126.0,5,3,Victoria_Local,1
28/05/2023,Arsenal,Wolves,5,0,H,14,6,8,0,8,4,arsenal,arsenal,1892.0,60338.0,English Premier League,134.0,5,5,Victoria_Local,1
28/05/2023,Aston Villa,Brighton,2,1,H,12,8,5,4,4,3,aston villa,aston villa,1874.0,42785.0,English Premier League,152.0,3,1,Victoria_Local,1
28/05/2023,Brentford,Man City,1,0,H,11,17,4,3,3,4,brentford,brentford,1889.0,17250.0,English Premier League,137.0,1,1,Victoria_Local,0
28/05/2023,Chelsea,Newcastle,1,1,D,22,13,5,4,10,3,chelsea,chelsea,1905.0,41798.0,English Premier League,121.0,2,0,Empate,0
28/05/2023,Crystal Palace,Nott'm Forest,1,1,D,16,7,4,4,5,4,crystal palace,crystal palace,1905.0,26255.0,English Premier League,121.0,2,0,Empate,0
28/05/2023,Everton,Bournemouth,1,0,H,13,7,6,2,9,3,everton,everton,1878.0,40157.0,English Premier League,148.0,1,1,Victoria_Local,0
28/05/2023,Leeds,Tottenham,1,4,A,19,11,2,7,12,3,leeds,,1900.0,38279.0,Liga_Desconocida,126.0,5,-3,Derrota_Local,2
28/05/2023,Leicester,West Ham,2,1,H,13,16,4,3,3,5,leicester,,1900.0,38279.0,Liga_Desconocida,126.0,3,1,Victoria_Local,0
28/05/2023,Man United,Fulham,2,1,H,21,10,8,3,5,4,man united,,1900.0,38279.0,Liga_Desconocida,126.0,3,1,Victoria_Local,0
28/05/2023,Southampton,Liverpool,4,4,D,15,30,10,8,2,9,southampton,,1900.0,38279.0,Liga_Desconocida,126.0,8,0,Empate,2
19/08/2023,Empoli,Verona,0,1,A,10,10,4,4,2,4,empoli,,1900.0,38279.0,Liga_Desconocida,126.0,1,-1,Derrota_Local,0
19/08/2023,Frosinone,Napoli,1,3,A,4,19,1,8,4,6,frosinone,frosinone,1912.0,10000.0,Italian Serie A,114.0,4,-2,Derrota_Local,2
19/08/2023,Genoa,Fiorentina,1,4,A,4,9,2,5,3,4,genoa,genoa,1823.0,36599.0,Italian Serie A,203.0,5,-3,Derrota_Local,2
19/08/2023,Inter,Monza,2,0,H,22,12,3,2,8,3,inter,,1900.0,38279.0,Liga_Desconocida,126.0,2,2,Victoria_Local,0
20/08/2023,Roma,Salernitana,2,2,D,13,3,3,2,9,1,roma,,1900.0,38279.0,Liga_Desconocida,126.0,4,0,Empate,2
20/08/2023,Sassuolo,Atalanta,0,2,A,11,16,3,6,7,7,sassuolo,,1900.0,38279.0,Liga_Desconocida,126.0,2,-2,Derrota_Local,2
20/08/2023,Lecce,Lazio,2,1,H,23,10,7,4,5,2,lecce,,1900.0,38279.0,Liga_Desconocida,126.0,3,1,Victoria_Local,0
20/08/2023,Udinese,Juventus,0,3,A,18,9,5,4,7,3,udinese,,1900.0,38279.0,Liga_Desconocida,126.0,3,-3,Derrota_Local,2
21/08/2023,Torino,Cagliari,0,0,D,11,8,2,2,8,3,torino,,1900.0,38279.0,Liga_Desconocida,126.0,0,0,Empate,0
21/08/2023,Bologna,Milan,0,2,A,17,10,5,6,3,6,bologna,bologna,1909.0,38279.0,Italian Serie A,117.0,2,-2,Derrota_Local,2
26/08/2023,Frosinone,Atalanta,2,1,H,13,18,5,6,3,7,frosinone,frosinone,1912.0,10000.0,Italian Serie A,114.0,3,1,Victoria_Local,0
26/08/2023,Monza,Empoli,2,0,H,20,18,5,6,6,5,monza,,1900.0,38279.0,Liga_Desconocida,126.0,2,2,Victoria_Local,0
26/08/2023,Milan,Torino,4,1,H,17,8,7,1,2,1,milan,milan,1899.0,80018.0,Italian Serie A,127.0,5,3,Victoria_Local,1
26/08/2023,Verona,Roma,2,1,H,5,23,3,7,1,12,verona,,1900.0,38279.0,Liga_Desconocida,126.0,3,1,Victoria_Local,0
27/08/2023,Fiorentina,Lecce,2,2,D,9,6,4,2,3,3,fiorentina,fiorentina,1926.0,43147.0,Italian Serie A,100.0,4,0,Empate,2
27/08/2023,Juventus,Bologna,1,1,D,14,9,3,4,5,1,juventus,juventus,1897.0,41507.0,Italian Serie A,129.0,2,0,Empate,0
27/08/2023,Lazio,Genoa,0,1,A,16,5,2,3,15,1,lazio,,1900.0,38279.0,Liga_Desconocida,126.0,1,-1,Derrota_Local,0
27/08/2023,Napoli,Sassuolo,2,0,H,25,6,5,1,12,4,napoli,,1900.0,38279.0,Liga_Desconocida,126.0,2,2,Victoria_Local,0
28/08/2023,Salernitana,Udinese,1,1,D,9,14,4,6,7,5,salernitana,,1900.0,38279.0,Liga_Desconocida,126.0,2,0,Empate,0
28/08/2023,Cagliari,Inter,0,2,A,12,17,2,3,4,7,cagliari,cagliari,1920.0,16233.0,Italian Serie A,106.0,2,-2,Derrota_Local,2
01/09/2023,Sassuolo,Verona,3,1,H,16,11,7,3,10,1,sassuolo,,1900.0,38279.0,Liga_Desconocida,126.0,4,2,Victoria_Local,1
01/09/2023,Roma,Milan,1,2,A,13,9,2,4,3,5,roma,,1900.0,38279.0,Liga_Desconocida,126.0,3,-1,Derrota_Local,2
02/09/2023,Bologna,Cagliari,2,1,H,16,7,7,1,5,2,bologna,bologna,1909.0,38279.0,Italian Serie A,117.0,3,1,Victoria_Local,0
02/09/2023,Udinese,Frosinone,0,0,D,12,12,6,2,3,5,udinese,,1900.0,38279.0,Liga_Desconocida,126.0,0,0,Empate,0
02/09/2023,Atalanta,Monza,3,0,H,18,8,8,2,7,3,atalanta,atalanta,1907.0,21300.0,Italian Serie A,119.0,3,3,Victoria_Local,0
02/09/2023,Napoli,Lazio,1,2,A,22,6,4,2,7,2,napoli,,1900.0,38279.0,Liga_Desconocida,126.0,3,-1,Derrota_Local,2
03/09/2023,Inter,Fiorentina,4,0,H,21,6,11,2,1,1,inter,,1900.0,38279.0,Liga_Desconocida,126.0,4,4,Victoria_Local,1
03/09/2023,Torino,Genoa,1,0,H,10,7,3,2,4,0,torino,,1900.0,38279.0,Liga_Desconocida,126.0,1,1,Victoria_Local,0
03/09/2023,Empoli,Juventus,0,2,A,7,18,0,5,3,7,empoli,,1900.0,38279.0,Liga_Desconocida,126.0,2,-2,Derrota_Local,2
03/09/2023,Lecce,Salernitana,2,0,H,20,11,6,4,6,5,lecce,,1900.0,38279.0,Liga_Desconocida,126.0,2,2,Victoria_Local,0
16/09/2023,Juventus,Lazio,3,1,H,17,16,7,5,7,9,juventus,juventus,1897.0,41507.0,Italian Serie A,129.0,4,2,Victoria_Local,1
16/09/2023,Inter,Milan,5,1,H,14,9,7,2,5,0,inter,,1900.0,38279.0,Liga_Desconocida,126.0,6,4,Victoria_Local,1
16/09/2023,Genoa,Napoli,2,2,D,8,12,3,4,3,1,genoa,genoa,1823.0,36599.0,Italian Serie A,203.0,4,0,Empate,1
17/09/2023,Cagliari,Udinese,0,0,D,10,11,1,1,4,6,cagliari,cagliari,1920.0,16233.0,Italian Serie A,106.0,0,0,Empate,0
17/09/2023,Frosinone,Sassuolo,4,2,H,16,18,6,7,5,6,frosinone,frosinone,1912.0,10000.0,Italian Serie A,114.0,6,2,Victoria_Local,2
17/09/2023,Monza,Lecce,1,1,D,25,4,6,3,10,1,monza,,1900.0,38279.0,Liga_Desconocida,126.0,2,0,Empate,0
17/09/2023,Fiorentina,Atalanta,3,2,H,15,11,8,4,3,4,fiorentina,fiorentina,1926.0,43147.0,Italian Serie A,100.0,5,1,Victoria_Local,2
17/09/2023,Roma,Empoli,7,0,H,14,8,9,2,2,6,roma,,1900.0,38279.0,Liga_Desconocida,126.0,7,7,Victoria_Local,1
18/09/2023,Salernitana,Torino,0,3,A,14,11,4,3,1,2,salernitana,,1900.0,38279.0,Liga_Desconocida,126.0,3,-3,Derrota_Local,2
18/09/2023,Verona,Bologna,0,0,D,9,11,1,4,3,4,verona,,1900.0,38279.0,Liga_Desconocida,126.0,0,0,Empate,0
22/09/2023,Salernitana,Frosinone,1,1,D,19,9,6,3,8,6,salernitana,,1900.0,38279.0,Liga_Desconocida,126.0,2,0,Empate,0
22/09/2023,Lecce,Genoa,1,0,H,18,8,3,1,4,3,lecce,,1900.0,38279.0,Liga_Desconocida,126.0,1,1,Victoria_Local,0
23/09/2023,Milan,Verona,1,0,H,9,10,4,2,2,3,milan,milan,1899.0,80018.0,Italian Serie A,127.0,1,1,Victoria_Local,1
23/09/2023,Sassuolo,Juventus,4,2,H,18,15,7,2,6,3,sassuolo,,1900.0,38279.0,Liga_Desconocida,126.0,6,2,Victoria_Local,1
23/09/2023,Lazio,Monza,1,1,D,8,16,1,4,1,3,lazio,,1900.0,38279.0,Liga_Desconocida,126.0,2,0,Empate,0
24/09/2023,Empoli,Inter,0,1,A,7,23,1,6,3,6,empoli,,1900.0,38279.0,Liga_Desconocida,126.0,1,-1,Derrota_Local,0
24/09/2023,Atalanta,Cagliari,2,0,H,10,11,6,1,7,7,atalanta,atalanta,1907.0,21300.0,Italian Serie A,119.0,2,2,Victoria_Local,0
24/09/2023,Udinese,Fiorentina,0,2,A,20,6,8,2,10,3,udinese,,1900.0,38279.0,Liga_Desconocida,126.0,2,-2,Derrota_Local,2
24/09/2023,Bologna,Napoli,0,0,D,5,12,2,4,5,5,bologna,bologna,1909.0,38279.0,Italian Serie A,117.0,0,0,Empate,0
24/09/2023,Torino,Roma,1,1,D,13,11,4,3,7,1,torino,,1900.0,38279.0,Liga_Desconocida,126.0,2,0,Empate,0
26/09/2023,Juventus,Lecce,1,0,H,14,2,5,0,5,1,juventus,juventus,1897.0,41507.0,Italian Serie A,129.0,1,1,Victoria_Local,0
27/09/2023,Cagliari,Milan,1,3,A,16,17,6,6,3,5,cagliari,cagliari,1920.0,16233.0,Italian Serie A,106.0,4,-2,Derrota_Local,2
27/09/2023,Empoli,Salernitana,1,0,H,13,14,6,2,10,2,empoli,,1900.0,38279.0,Liga_Desconocida,126.0,1,1,Victoria_Local,0
27/09/2023,Verona,Atalanta,0,1,A,11,8,2,2,4,1,verona,,1900.0,38279.0,Liga_Desconocida,126.0,1,-1,Derrota_Local,0
27/09/2023,Inter,Sassuolo,1,2,A,13,13,3,6,8,6,inter,,1900.0,38279.0,Liga_Desconocida,126.0,3,-1,Derrota_Local,2
27/09/2023,Lazio,Torino,2,0,H,6,7,3,2,4,2,lazio,,1900.0,38279.0,Liga_Desconocida,126.0,2,2,Victoria_Local,0
27/09/2023,Napoli,Udinese,4,1,H,23,13,10,3,8,4,napoli,,1900.0,38279.0,Liga_Desconocida,126.0,5,3,Victoria_Local,1
28/09/2023,Frosinone,Fiorentina,1,1,D,11,19,3,6,8,10,frosinone,frosinone,1912.0,10000.0,Italian Serie A,114.0,2,0,Empate,0
28/09/2023,Monza,Bologna,0,0,D,12,7,3,5,7,5,monza,,1900.0,38279.0,Liga_Desconocida,126.0,0,0,Empate,0
28/09/2023,Genoa,Roma,4,1,H,8,13,4,3,1,7,genoa,genoa,1823.0,36599.0,Italian Serie A,203.0,5,3,Victoria_Local,1
30/09/2023,Lecce,Napoli,0,4,A,9,15,4,6,3,7,lecce,,1900.0,38279.0,Liga_Desconocida,126.0,4,-4,Derrota_Local,2
30/09/2023,Milan,Lazio,2,0,H,14,13,7,4,7,1,milan,milan,1899.0,80018.0,Italian Serie A,127.0,2,2,Victoria_Local,1
30/09/2023,Salernitana,Inter,0,4,A,12,16,3,6,3,3,salernitana,,1900.0,38279.0,Liga_Desconocida,126.0,4,-4,Derrota_Local,2
01/10/2023,Bologna,Empoli,3,0,H,21,12,9,4,2,6,bologna,bologna,1909.0,38279.0,Italian Serie A,117.0,3,3,Victoria_Local,1
01/10/2023,Udinese,Genoa,2,2,D,11,8,2,4,5,0,udinese,,1900.0,38279.0,Liga_Desconocida,126.0,4,0,Empate,2
01/10/2023,Atalanta,Juventus,0,0,D,15,5,2,3,5,2,atalanta,atalanta,1907.0,21300.0,Italian Serie A,119.0,0,0,Empate,0
01/10/2023,Roma,Frosinone,2,0,H,11,8,5,0,7,3,roma,,1900.0,38279.0,Liga_Desconocida,126.0,2,2,Victoria_Local,0
02/10/2023,Sassuolo,Monza,0,1,A,19,13,7,4,7,4,sassuolo,,1900.0,38279.0,Liga_Desconocida,126.0,1,-1,Derrota_Local,0
02/10/2023,Torino,Verona,0,0,D,8,5,2,2,10,1,torino,,1900.0,38279.0,Liga_Desconocida,126.0,0,0,Empate,0
02/10/2023,Fiorentina,Cagliari,3,0,H,14,6,2,4,4,2,fiorentina,fiorentina,1926.0,43147.0,Italian Serie A,100.0,3,3,Victoria_Local,0
06/10/2023,Empoli,Udinese,0,0,D,18,11,3,1,5,7,empoli,,1900.0,38279.0,Liga_Desconocida,126.0,0,0,Empate,0
06/10/2023,Lecce,Sassuolo,1,1,D,13,14,4,1,5,3,lecce,,1900.0,38279.0,Liga_Desconocida,126.0,2,0,Empate,0
07/10/2023,Inter,Bologna,2,2,D,14,8,5,3,7,7,inter,,1900.0,38279.0,Liga_Desconocida,126.0,4,0,Empate,2
07/10/2023,Juventus,Torino,2,0,H,17,10,6,1,7,3,juventus,juventus,1897.0,41507.0,Italian Serie A,129.0,2,2,Victoria_Local,0
07/10/2023,Genoa,Milan,0,1,A,7,12,1,3,3,2,genoa,genoa,1823.0,36599.0,Italian Serie A,203.0,1,-1,Derrota_Local,0
08/10/2023,Monza,Salernitana,3,0,H,16,8,7,5,7,7,monza,,1900.0,38279.0,Liga_Desconocida,126.0,3,3,Victoria_Local,1
08/10/2023,Frosinone,Verona,2,1,H,11,16,2,4,2,4,frosinone,frosinone,1912.0,10000.0,Italian Serie A,114.0,3,1,Victoria_Local,0
08/10/2023,Lazio,Atalanta,3,2,H,12,12,4,4,4,6,lazio,,1900.0,38279.0,Liga_Desconocida,126.0,5,1,Victoria_Local,1
08/10/2023,Cagliari,Roma,1,4,A,16,11,2,5,4,3,cagliari,cagliari,1920.0,16233.0,Italian Serie A,106.0,5,-3,Derrota_Local,2
08/10/2023,Napoli,Fiorentina,1,3,A,16,12,4,3,6,4,napoli,,1900.0,38279.0,Liga_Desconocida,126.0,4,-2,Derrota_Local,2
21/10/2023,Verona,Napoli,1,3,A,15,22,9,10,5,8,verona,,1900.0,38279.0,Liga_Desconocida,126.0,4,-2,Derrota_Local,2
21/10/2023,Torino,Inter,0,3,A,7,14,3,4,2,4,torino,,1900.0,38279.0,Liga_Desconocida,126.0,3,-3,Derrota_Local,2
21/10/2023,Sassuolo,Lazio,0,2,A,9,18,2,6,5,7,sassuolo,,1900.0,38279.0,Liga_Desconocida,126.0,2,-2,Derrota_Local,2
22/10/2023,Roma,Monza,1,0,H,21,11,4,4,8,5,roma,,1900.0,38279.0,Liga_Desconocida,126.0,1,1,Victoria_Local,0
22/10/2023,Bologna,Frosinone,2,1,H,12,12,6,5,4,5,bologna,bologna,1909.0,38279.0,Italian Serie A,117.0,3,1,Victoria_Local,0
22/10/2023,Salernitana,Cagliari,2,2,D,13,13,2,6,8,5,salernitana,,1900.0,38279.0,Liga_Desconocida,126.0,4,0,Empate,2
22/10/2023,Atalanta,Genoa,2,0,H,13,15,8,4,8,4,atalanta,atalanta,1907.0,21300.0,Italian Serie A,119.0,2,2,Victoria_Local,0
22/10/2023,Milan,Juventus,0,1,A,7,14,1,4,6,3,milan,milan,1899.0,80018.0,Italian Serie A,127.0,1,-1,Derrota_Local,1
23/10/2023,Udinese,Lecce,1,1,D,12,12,6,1,2,7,udinese,,1900.0,38279.0,Liga_Desconocida,126.0,2,0,Empate,0
23/10/2023,Fiorentina,Empoli,0,2,A,19,7,7,3,13,3,fiorentina,fiorentina,1926.0,43147.0,Italian Serie A,100.0,2,-2,Derrota_Local,2
27/10/2023,Genoa,Salernitana,1,0,H,8,7,4,2,7,0,genoa,genoa,1823.0,36599.0,Italian Serie A,203.0,1,1,Victoria_Local,1
28/10/2023,Sassuolo,Bologna,1,1,D,17,9,6,5,6,2,sassuolo,,1900.0,38279.0,Liga_Desconocida,126.0,2,0,Empate,0
28/10/2023,Lecce,Torino,0,1,A,11,10,6,2,3,0,lecce,,1900.0,38279.0,Liga_Desconocida,126.0,1,-1,Derrota_Local,0
28/10/2023,Juventus,Verona,1,0,H,30,7,6,1,5,1,juventus,juventus,1897.0,41507.0,Italian Serie A,129.0,1,1,Victoria_Local,0
29/10/2023,Cagliari,Frosinone,4,3,H,24,10,6,6,5,7,cagliari,cagliari,1920.0,16233.0,Italian Serie A,106.0,7,1,Victoria_Local,2
29/10/2023,Monza,Udinese,1,1,D,10,10,4,3,10,3,monza,,1900.0,38279.0,Liga_Desconocida,126.0,2,0,Empate,0
29/10/2023,Inter,Roma,1,0,H,19,3,3,1,8,0,inter,,1900.0,38279.0,Liga_Desconocida,126.0,1,1,Victoria_Local,0
29/10/2023,Napoli,Milan,2,2,D,17,20,4,6,6,4,napoli,,1900.0,38279.0,Liga_Desconocida,126.0,4,0,Empate,2
30/10/2023,Empoli,Atalanta,0,3,A,9,18,2,6,3,6,empoli,,1900.0,38279.0,Liga_Desconocida,126.0,3,-3,Derrota_Local,2
30/10/2023,Lazio,Fiorentina,1,0,H,11,9,4,5,0,4,lazio,,1900.0,38279.0,Liga_Desconocida,126.0,1,1,Victoria_Local,0
03/11/2023,Bologna,Lazio,1,0,H,6,11,2,1,2,6,bologna,bologna,1909.0,38279.0,Italian Serie A,117.0,1,1,Victoria_Local,0
04/11/2023,Salernitana,Napoli,0,2,A,10,21,3,8,8,9,salernitana,,1900.0,38279.0,Liga_Desconocida,126.0,2,-2,Derrota_Local,2
04/11/2023,Atalanta,Inter,1,2,A,14,10,4,4,6,1,atalanta,atalanta,1907.0,21300.0,Italian Serie A,119.0,3,-1,Derrota_Local,2
04/11/2023,Milan,Udinese,0,1,A,14,12,5,2,11,5,milan,milan,1899.0,80018.0,Italian Serie A,127.0,1,-1,Derrota_Local,1
05/11/2023,Verona,Monza,1,3,A,16,12,5,6,2,6,verona,,1900.0,38279.0,Liga_Desconocida,126.0,4,-2,Derrota_Local,2
05/11/2023,Cagliari,Genoa,2,1,H,12,8,4,2,1,1,cagliari,cagliari,1920.0,16233.0,Italian Serie A,106.0,3,1,Victoria_Local,0
05/11/2023,Roma,Lecce,2,1,H,15,15,5,4,5,2,roma,,1900.0,38279.0,Liga_Desconocida,126.0,3,1,Victoria_Local,0
05/11/2023,Fiorentina,Juventus,0,1,A,25,4,4,3,9,2,fiorentina,fiorentina,1926.0,43147.0,Italian Serie A,100.0,1,-1,Derrota_Local,0
06/11/2023,Frosinone,Empoli,2,1,H,17,10,5,2,9,2,frosinone,frosinone,1912.0,10000.0,Italian Serie A,114.0,3,1,Victoria_Local,0
06/11/2023,Torino,Sassuolo,2,1,H,21,5,9,2,9,2,torino,,1900.0,38279.0,Liga_Desconocida,126.0,3,1,Victoria_Local,0
10/11/2023,Sassuolo,Salernitana,2,2,D,29,9,9,2,11,0,sassuolo,,1900.0,38279.0,Liga_Desconocida,126.0,4,0,Empate,2
10/11/2023,Genoa,Verona,1,0,H,16,7,6,1,6,7,genoa,genoa,1823.0,36599.0,Italian Serie A,203.0,1,1,Victoria_Local,1
11/11/2023,Lecce,Milan,2,2,D,14,10,5,6,3,1,lecce,,1900.0,38279.0,Liga_Desconocida,126.0,4,0,Empate,2
11/11/2023,Juventus,Cagliari,2,1,H,18,11,4,2,12,4,juventus,juventus,1897.0,41507.0,Italian Serie A,129.0,3,1,Victoria_Local,0
11/11/2023,Monza,Torino,1,1,D,12,12,5,5,3,1,monza,,1900.0,38279.0,Liga_Desconocida,126.0,2,0,Empate,0
12/11/2023,Napoli,Empoli,0,1,A,18,8,7,3,8,3,napoli,,1900.0,38279.0,Liga_Desconocida,126.0,1,-1,Derrota_Local,0
12/11/2023,Fiorentina,Bologna,2,1,H,12,11,4,4,0,3,fiorentina,fiorentina,1926.0,43147.0,Italian Serie A,100.0,3,1,Victoria_Local,0
12/11/2023,Udinese,Atalanta,1,1,D,13,8,4,2,7,7,udinese,,1900.0,38279.0,Liga_Desconocida,126.0,2,0,Empate,0
12/11/2023,Lazio,Roma,0,0,D,7,8,2,1,4,1,lazio,,1900.0,38279.0,Liga_Desconocida,126.0,0,0,Empate,0
12/11/2023,Inter,Frosinone,2,0,H,21,12,6,3,9,4,inter,,1900.0,38279.0,Liga_Desconocida,126.0,2,2,Victoria_Local,0
25/11/2023,Salernitana,Lazio,2,1,H,13,13,6,2,4,9,salernitana,,1900.0,38279.0,Liga_Desconocida,126.0,3,1,Victoria_Local,0
25/11/2023,Atalanta,Napoli,1,2,A,16,11,5,4,5,4,atalanta,atalanta,1907.0,21300.0,Italian Serie A,119.0,3,-1,Derrota_Local,2
25/11/2023,Milan,Fiorentina,1,0,H,9,20,6,4,3,11,milan,milan,1899.0,80018.0,Italian Serie A,127.0,1,1,Victoria_Local,1
26/11/2023,Cagliari,Monza,1,1,D,17,12,6,4,10,11,cagliari,cagliari,1920.0,16233.0,Italian Serie A,106.0,2,0,Empate,0
26/11/2023,Empoli,Sassuolo,3,4,A,11,17,9,9,6,5,empoli,,1900.0,38279.0,Liga_Desconocida,126.0,7,-1,Derrota_Local,2
26/11/2023,Frosinone,Genoa,2,1,H,9,13,5,3,4,2,frosinone,frosinone,1912.0,10000.0,Italian Serie A,114.0,3,1,Victoria_Local,0
26/11/2023,Roma,Udinese,3,1,H,12,6,5,2,7,1,roma,,1900.0,38279.0,Liga_Desconocida,126.0,4,2,Victoria_Local,1
26/11/2023,Juventus,Inter,1,1,D,4,8,1,4,1,0,juventus,juventus,1897.0,41507.0,Italian Serie A,129.0,2,0,Empate,0
27/11/2023,Verona,Lecce,2,2,D,19,14,11,5,4,2,verona,,1900.0,38279.0,Liga_Desconocida,126.0,4,0,Empate,2
27/11/2023,Bologna,Torino,2,0,H,13,9,2,3,3,2,bologna,bologna,1909.0,38279.0,Italian Serie A,117.0,2,2,Victoria_Local,0
01/12/2023,Monza,Juventus,1,2,A,16,18,1,7,7,3,monza,,1900.0,38279.0,Liga_Desconocida,126.0,3,-1,Derrota_Local,2
02/12/2023,Genoa,Empoli,1,1,D,21,9,1,1,5,3,genoa,genoa,1823.0,36599.0,Italian Serie A,203.0,2,0,Empate,1
02/12/2023,Lazio,Cagliari,1,0,H,10,9,5,2,4,3,lazio,,1900.0,38279.0,Liga_Desconocida,126.0,1,1,Victoria_Local,0
02/12/2023,Milan,Frosinone,3,1,H,10,15,3,3,6,7,milan,milan,1899.0,80018.0,Italian Serie A,127.0,4,2,Victoria_Local,1
03/12/2023,Lecce,Bologna,1,1,D,14,11,4,4,6,3,lecce,,1900.0,38279.0,Liga_Desconocida,126.0,2,0,Empate,0
03/12/2023,Fiorentina,Salernitana,3,0,H,22,11,9,1,3,2,fiorentina,fiorentina,1926.0,43147.0,Italian Serie A,100.0,3,3,Victoria_Local,0
03/12/2023,Udinese,Verona,3,3,D,12,13,6,4,5,3,udinese,,1900.0,38279.0,Liga_Desconocida,126.0,6,0,Empate,2
03/12/2023,Sassuolo,Roma,1,2,A,8,15,2,7,1,11,sassuolo,,1900.0,38279.0,Liga_Desconocida,126.0,3,-1,Derrota_Local,2
03/12/2023,Napoli,Inter,0,3,A,15,11,4,4,6,4,napoli,,1900.0,38279.0,Liga_Desconocida,126.0,3,-3,Derrota_Local,2
04/12/2023,Torino,Atalanta,3,0,H,9,10,5,4,4,3,torino,,1900.0,38279.0,Liga_Desconocida,126.0,3,3,Victoria_Local,1
08/12/2023,Juventus,Napoli,1,0,H,11,13,2,1,3,6,juventus,juventus,1897.0,41507.0,Italian Serie A,129.0,1,1,Victoria_Local,0
09/12/2023,Verona,Lazio,1,1,D,5,14,1,5,1,7,verona,,1900.0,38279.0,Liga_Desconocida,126.0,2,0,Empate,0
09/12/2023,Atalanta,Milan,3,2,H,19,14,7,4,6,4,atalanta,atalanta,1907.0,21300.0,Italian Serie A,119.0,5,1,Victoria_Local,2
09/12/2023,Inter,Udinese,4,0,H,17,11,8,1,6,1,inter,,1900.0,38279.0,Liga_Desconocida,126.0,4,4,Victoria_Local,1
10/12/2023,Frosinone,Torino,0,0,D,11,16,5,3,3,8,frosinone,frosinone,1912.0,10000.0,Italian Serie A,114.0,0,0,Empate,0
10/12/2023,Monza,Genoa,1,0,H,6,16,3,1,2,3,monza,,1900.0,38279.0,Liga_Desconocida,126.0,1,1,Victoria_Local,0
10/12/2023,Salernitana,Bologna,1,2,A,9,10,2,5,5,1,salernitana,,1900.0,38279.0,Liga_Desconocida,126.0,3,-1,Derrota_Local,2
10/12/2023,Roma,Fiorentina,1,1,D,4,14,1,8,1,6,roma,,1900.0,38279.0,Liga_Desconocida,126.0,2,0,Empate,0
11/12/2023,Empoli,Lecce,1,1,D,18,14,6,5,8,3,empoli,,1900.0,38279.0,Liga_Desconocida,126.0,2,0,Empate,0
11/12/2023,Cagliari,Sassuolo,2,1,H,18,8,6,4,10,4,cagliari,cagliari,1920.0,16233.0,Italian Serie A,106.0,3,1,Victoria_Local,0
15/12/2023,Genoa,Juventus,1,1,D,11,11,3,4,6,8,genoa,genoa,1823.0,36599.0,Italian Serie A,203.0,2,0,Empate,1
16/12/2023,Lecce,Frosinone,2,1,H,18,11,6,5,5,4,lecce,,1900.0,38279.0,Liga_Desconocida,126.0,3,1,Victoria_Local,0
16/12/2023,Napoli,Cagliari,2,1,H,21,9,5,3,5,3,napoli,,1900.0,38279.0,Liga_Desconocida,126.0,3,1,Victoria_Local,0
16/12/2023,Torino,Empoli,1,0,H,10,7,3,2,6,4,torino,,1900.0,38279.0,Liga_Desconocida,126.0,1,1,Victoria_Local,0
17/12/2023,Milan,Monza,3,0,H,17,21,9,4,4,5,milan,milan,1899.0,80018.0,Italian Serie A,127.0,3,3,Victoria_Local,1
17/12/2023,Fiorentina,Verona,1,0,H,5,19,3,7,1,6,fiorentina,fiorentina,1926.0,43147.0,Italian Serie A,100.0,1,1,Victoria_Local,0
17/12/2023,Udinese,Sassuolo,2,2,D,9,21,7,7,1,13,udinese,,1900.0,38279.0,Liga_Desconocida,126.0,4,0,Empate,2
17/12/2023,Bologna,Roma,2,0,H,8,8,2,3,0,4,bologna,bologna,1909.0,38279.0,Italian Serie A,117.0,2,2,Victoria_Local,0
17/12/2023,Lazio,Inter,0,2,A,13,12,4,4,8,7,lazio,,1900.0,38279.0,Liga_Desconocida,126.0,2,-2,Derrota_Local,2
18/12/2023,Atalanta,Salernitana,4,1,H,20,10,11,3,10,7,atalanta,atalanta,1907.0,21300.0,Italian Serie A,119.0,5,3,Victoria_Local,1
22/12/2023,Empoli,Lazio,0,2,A,21,14,7,7,8,9,empoli,,1900.0,38279.0,Liga_Desconocida,126.0,2,-2,Derrota_Local,2
22/12/2023,Sassuolo,Genoa,1,2,A,12,14,3,5,3,6,sassuolo,,1900.0,38279.0,Liga_Desconocida,126.0,3,-1,Derrota_Local,2
22/12/2023,Monza,Fiorentina,0,1,A,7,14,2,5,1,4,monza,,1900.0,38279.0,Liga_Desconocida,126.0,1,-1,Derrota_Local,0
22/12/2023,Salernitana,Milan,2,2,D,19,21,7,9,6,6,salernitana,,1900.0,38279.0,Liga_Desconocida,126.0,4,0,Empate,2
23/12/2023,Frosinone,Juventus,1,2,A,10,13,3,3,8,8,frosinone,frosinone,1912.0,10000.0,Italian Serie A,114.0,3,-1,Derrota_Local,2
23/12/2023,Bologna,Atalanta,1,0,H,9,12,1,2,2,3,bologna,bologna,1909.0,38279.0,Italian Serie A,117.0,1,1,Victoria_Local,0
23/12/2023,Torino,Udinese,1,1,D,14,10,4,4,8,2,torino,,1900.0,38279.0,Liga_Desconocida,126.0,2,0,Empate,0
23/12/2023,Inter,Lecce,2,0,H,20,11,8,5,16,2,inter,,1900.0,38279.0,Liga_Desconocida,126.0,2,2,Victoria_Local,0
23/12/2023,Verona,Cagliari,2,0,H,13,12,5,3,11,7,verona,,1900.0,38279.0,Liga_Desconocida,126.0,2,2,Victoria_Local,0
23/12/2023,Roma,Napoli,2,0,H,17,7,4,2,4,0,roma,,1900.0,38279.0,Liga_Desconocida,126.0,2,2,Victoria_Local,0
29/12/2023,Fiorentina,Torino,1,0,H,12,6,3,3,4,2,fiorentina,fiorentina,1926.0,43147.0,Italian Serie A,100.0,1,1,Victoria_Local,0
29/12/2023,Napoli,Monza,0,0,D,25,8,9,3,10,1,napoli,,1900.0,38279.0,Liga_Desconocida,126.0,0,0,Empate,0
29/12/2023,Genoa,Inter,1,1,D,13,16,4,6,8,2,genoa,genoa,1823.0,36599.0,Italian Serie A,203.0,2,0,Empate,1
29/12/2023,Lazio,Frosinone,3,1,H,13,11,5,2,6,2,lazio,,1900.0,38279.0,Liga_Desconocida,126.0,4,2,Victoria_Local,1
30/12/2023,Atalanta,Lecce,1,0,H,17,15,4,2,5,6,atalanta,atalanta,1907.0,21300.0,Italian Serie A,119.0,1,1,Victoria_Local,0
30/12/2023,Cagliari,Empoli,0,0,D,15,5,3,1,8,6,cagliari,cagliari,1920.0,16233.0,Italian Serie A,106.0,0,0,Empate,0
30/12/2023,Udinese,Bologna,3,0,H,15,14,7,5,7,7,udinese,,1900.0,38279.0,Liga_Desconocida,126.0,3,3,Victoria_Local,1
30/12/2023,Milan,Sassuolo,1,0,H,20,12,2,6,6,5,milan,milan,1899.0,80018.0,Italian Serie A,127.0,1,1,Victoria_Local,1
30/12/2023,Verona,Salernitana,0,1,A,11,9,0,3,7,6,verona,,1900.0,38279.0,Liga_Desconocida,126.0,1,-1,Derrota_Local,0
30/12/2023,Juventus,Roma,1,0,H,13,11,4,2,2,2,juventus,juventus,1897.0,41507.0,Italian Serie A,129.0,1,1,Victoria_Local,0
05/01/2024,Bologna,Genoa,1,1,D,21,3,8,1,11,2,bologna,bologna,1909.0,38279.0,Italian Serie A,117.0,2,0,Empate,0
06/01/2024,Inter,Verona,2,1,H,15,8,6,3,7,0,inter,,1900.0,38279.0,Liga_Desconocida,126.0,3,1,Victoria_Local,0
06/01/2024,Frosinone,Monza,2,3,A,10,7,5,2,5,1,frosinone,frosinone,1912.0,10000.0,Italian Serie A,114.0,5,-1,Derrota_Local,2
06/01/2024,Lecce,Cagliari,1,1,D,15,14,2,2,7,6,lecce,,1900.0,38279.0,Liga_Desconocida,126.0,2,0,Empate,0
06/01/2024,Sassuolo,Fiorentina,1,0,H,7,9,1,3,1,8,sassuolo,,1900.0,38279.0,Liga_Desconocida,126.0,1,1,Victoria_Local,0
07/01/2024,Empoli,Milan,0,3,A,17,13,2,6,6,6,empoli,,1900.0,38279.0,Liga_Desconocida,126.0,3,-3,Derrota_Local,2
07/01/2024,Torino,Napoli,3,0,H,10,10,6,3,2,5,torino,,1900.0,38279.0,Liga_Desconocida,126.0,3,3,Victoria_Local,1
07/01/2024,Udinese,Lazio,1,2,A,13,7,2,2,4,4,udinese,,1900.0,38279.0,Liga_Desconocida,126.0,3,-1,Derrota_Local,2
07/01/2024,Salernitana,Juventus,1,2,A,8,18,3,3,2,8,salernitana,,1900.0,38279.0,Liga_Desconocida,126.0,3,-1,Derrota_Local,2
07/01/2024,Roma,Atalanta,1,1,D,16,8,6,2,6,5,roma,,1900.0,38279.0,Liga_Desconocida,126.0,2,0,Empate,0
13/01/2024,Genoa,Torino,0,0,D,11,6,6,0,8,4,genoa,genoa,1823.0,36599.0,Italian Serie A,203.0,0,0,Empate,0
13/01/2024,Napoli,Salernitana,2,1,H,20,6,7,2,8,3,napoli,,1900.0,38279.0,Liga_Desconocida,126.0,3,1,Victoria_Local,0
13/01/2024,Verona,Empoli,2,1,H,12,14,7,1,5,9,verona,,1900.0,38279.0,Liga_Desconocida,126.0,3,1,Victoria_Local,0
13/01/2024,Monza,Inter,1,5,A,9,20,2,7,4,5,monza,,1900.0,38279.0,Liga_Desconocida,126.0,6,-4,Derrota_Local,2
14/01/2024,Lazio,Lecce,1,0,H,8,11,2,3,2,5,lazio,,1900.0,38279.0,Liga_Desconocida,126.0,1,1,Victoria_Local,0
14/01/2024,Cagliari,Bologna,2,1,H,4,11,2,4,2,5,cagliari,cagliari,1920.0,16233.0,Italian Serie A,106.0,3,1,Victoria_Local,0
14/01/2024,Fiorentina,Udinese,2,2,D,10,12,3,6,4,4,fiorentina,fiorentina,1926.0,43147.0,Italian Serie A,100.0,4,0,Empate,2
14/01/2024,Milan,Roma,3,1,H,17,12,5,5,2,5,milan,milan,1899.0,80018.0,Italian Serie A,127.0,4,2,Victoria_Local,1
15/01/2024,Atalanta,Frosinone,5,0,H,21,8,9,5,8,2,atalanta,atalanta,1907.0,21300.0,Italian Serie A,119.0,5,5,Victoria_Local,1
16/01/2024,Juventus,Sassuolo,3,0,H,12,8,5,4,5,2,juventus,juventus,1897.0,41507.0,Italian Serie A,129.0,3,3,Victoria_Local,1
20/01/2024,Roma,Verona,2,1,H,9,12,2,3,1,2,roma,,1900.0,38279.0,Liga_Desconocida,126.0,3,1,Victoria_Local,0
20/01/2024,Udinese,Milan,2,3,A,11,15,6,7,5,7,udinese,,1900.0,38279.0,Liga_Desconocida,126.0,5,-1,Derrota_Local,2
21/01/2024,Frosinone,Cagliari,3,1,H,17,9,7,4,8,4,frosinone,frosinone,1912.0,10000.0,Italian Serie A,114.0,4,2,Victoria_Local,0
21/01/2024,Empoli,Monza,3,0,H,9,15,5,5,1,7,empoli,,1900.0,38279.0,Liga_Desconocida,126.0,3,3,Victoria_Local,1
21/01/2024,Salernitana,Genoa,1,2,A,11,5,2,5,5,5,salernitana,,1900.0,38279.0,Liga_Desconocida,126.0,3,-1,Derrota_Local,2
21/01/2024,Lecce,Juventus,0,3,A,12,15,3,8,5,5,lecce,,1900.0,38279.0,Liga_Desconocida,126.0,3,-3,Derrota_Local,2
26/01/2024,Cagliari,Torino,1,2,A,25,16,10,6,8,2,cagliari,cagliari,1920.0,16233.0,Italian Serie A,106.0,3,-1,Derrota_Local,2
27/01/2024,Atalanta,Udinese,2,0,H,14,13,11,5,4,4,atalanta,atalanta,1907.0,21300.0,Italian Serie A,119.0,2,2,Victoria_Local,0
27/01/2024,Juventus,Empoli,1,1,D,9,16,3,5,6,7,juventus,juventus,1897.0,41507.0,Italian Serie A,129.0,2,0,Empate,0
27/01/2024,Milan,Bologna,2,2,D,14,15,4,4,4,1,milan,milan,1899.0,80018.0,Italian Serie A,127.0,4,0,Empate,1
28/01/2024,Genoa,Lecce,2,1,H,19,19,7,5,3,8,genoa,genoa,1823.0,36599.0,Italian Serie A,203.0,3,1,Victoria_Local,1
28/01/2024,Monza,Sassuolo,1,0,H,12,14,1,3,4,5,monza,,1900.0,38279.0,Liga_Desconocida,126.0,1,1,Victoria_Local,0
28/01/2024,Verona,Frosinone,1,1,D,15,11,5,6,1,9,verona,,1900.0,38279.0,Liga_Desconocida,126.0,2,0,Empate,0
28/01/2024,Lazio,Napoli,0,0,D,10,5,1,0,4,3,lazio,,1900.0,38279.0,Liga_Desconocida,126.0,0,0,Empate,0
28/01/2024,Fiorentina,Inter,0,1,A,14,8,4,4,7,6,fiorentina,fiorentina,1926.0,43147.0,Italian Serie A,100.0,1,-1,Derrota_Local,0
29/01/2024,Salernitana,Roma,1,2,A,15,5,7,2,5,1,salernitana,,1900.0,38279.0,Liga_Desconocida,126.0,3,-1,Derrota_Local,2
02/02/2024,Lecce,Fiorentina,3,2,H,16,10,8,3,1,3,lecce,,1900.0,38279.0,Liga_Desconocida,126.0,5,1,Victoria_Local,1
03/02/2024,Empoli,Genoa,0,0,D,15,10,4,2,6,6,empoli,,1900.0,38279.0,Liga_Desconocida,126.0,0,0,Empate,0
03/02/2024,Udinese,Monza,0,0,D,21,3,6,2,7,4,udinese,,1900.0,38279.0,Liga_Desconocida,126.0,0,0,Empate,0
03/02/2024,Frosinone,Milan,2,3,A,7,13,4,5,2,4,frosinone,frosinone,1912.0,10000.0,Italian Serie A,114.0,5,-1,Derrota_Local,2
03/02/2024,Bologna,Sassuolo,4,2,H,19,12,4,4,7,4,bologna,bologna,1909.0,38279.0,Italian Serie A,117.0,6,2,Victoria_Local,1
04/02/2024,Torino,Salernitana,0,0,D,13,3,1,1,10,1,torino,,1900.0,38279.0,Liga_Desconocida,126.0,0,0,Empate,0
04/02/2024,Napoli,Verona,2,1,H,19,12,8,2,9,2,napoli,,1900.0,38279.0,Liga_Desconocida,126.0,3,1,Victoria_Local,0
04/02/2024,Atalanta,Lazio,3,1,H,19,7,5,1,6,1,atalanta,atalanta,1907.0,21300.0,Italian Serie A,119.0,4,2,Victoria_Local,0
04/02/2024,Inter,Juventus,1,0,H,15,12,3,1,6,4,inter,,1900.0,38279.0,Liga_Desconocida,126.0,1,1,Victoria_Local,0
05/02/2024,Roma,Cagliari,4,0,H,20,12,6,3,7,5,roma,,1900.0,38279.0,Liga_Desconocida,126.0,4,4,Victoria_Local,1
09/02/2024,Salernitana,Empoli,1,3,A,13,17,4,3,4,8,salernitana,,1900.0,38279.0,Liga_Desconocida,126.0,4,-2,Derrota_Local,2
10/02/2024,Cagliari,Lazio,1,3,A,13,12,6,5,7,8,cagliari,cagliari,1920.0,16233.0,Italian Serie A,106.0,4,-2,Derrota_Local,2
10/02/2024,Roma,Inter,2,4,A,8,10,3,6,3,8,roma,,1900.0,38279.0,Liga_Desconocida,126.0,6,-2,Derrota_Local,2
10/02/2024,Sassuolo,Torino,1,1,D,11,13,4,2,5,4,sassuolo,,1900.0,38279.0,Liga_Desconocida,126.0,2,0,Empate,0
11/02/2024,Fiorentina,Frosinone,5,1,H,18,11,7,3,2,5,fiorentina,fiorentina,1926.0,43147.0,Italian Serie A,100.0,6,4,Victoria_Local,1
11/02/2024,Bologna,Lecce,4,0,H,16,14,6,3,4,3,bologna,bologna,1909.0,38279.0,Italian Serie A,117.0,4,4,Victoria_Local,1
11/02/2024,Monza,Verona,0,0,D,11,10,1,1,5,2,monza,,1900.0,38279.0,Liga_Desconocida,126.0,0,0,Empate,0
11/02/2024,Genoa,Atalanta,1,4,A,15,14,6,9,7,4,genoa,genoa,1823.0,36599.0,Italian Serie A,203.0,5,-3,Derrota_Local,2
11/02/2024,Milan,Napoli,1,0,H,10,12,6,2,1,2,milan,milan,1899.0,80018.0,Italian Serie A,127.0,1,1,Victoria_Local,1
12/02/2024,Juventus,Udinese,0,1,A,14,8,6,1,8,4,juventus,juventus,1897.0,41507.0,Italian Serie A,129.0,1,-1,Derrota_Local,0
14/02/2024,Bologna,Fiorentina,2,0,H,18,12,7,3,2,3,bologna,bologna,1909.0,38279.0,Italian Serie A,117.0,2,2,Victoria_Local,0
16/02/2024,Torino,Lecce,2,0,H,12,8,4,4,5,5,torino,,1900.0,38279.0,Liga_Desconocida,126.0,2,2,Victoria_Local,0
16/02/2024,Inter,Salernitana,4,0,H,26,1,10,0,18,0,inter,,1900.0,38279.0,Liga_Desconocida,126.0,4,4,Victoria_Local,1
17/02/2024,Napoli,Genoa,1,1,D,25,6,7,4,7,2,napoli,,1900.0,38279.0,Liga_Desconocida,126.0,2,0,Empate,0
17/02/2024,Verona,Juventus,2,2,D,14,18,9,4,5,4,verona,,1900.0,38279.0,Liga_Desconocida,126.0,4,0,Empate,2
17/02/2024,Atalanta,Sassuolo,3,0,H,28,12,13,4,11,5,atalanta,atalanta,1907.0,21300.0,Italian Serie A,119.0,3,3,Victoria_Local,0
18/02/2024,Lazio,Bologna,1,2,A,12,11,7,3,8,3,lazio,,1900.0,38279.0,Liga_Desconocida,126.0,3,-1,Derrota_Local,2
18/02/2024,Empoli,Fiorentina,1,1,D,5,9,4,4,0,3,empoli,,1900.0,38279.0,Liga_Desconocida,126.0,2,0,Empate,0
18/02/2024,Udinese,Cagliari,1,1,D,17,5,3,2,3,4,udinese,,1900.0,38279.0,Liga_Desconocida,126.0,2,0,Empate,0
18/02/2024,Frosinone,Roma,0,3,A,25,13,7,5,10,2,frosinone,frosinone,1912.0,10000.0,Italian Serie A,114.0,3,-3,Derrota_Local,2
18/02/2024,Monza,Milan,4,2,H,12,16,6,6,7,3,monza,,1900.0,38279.0,Liga_Desconocida,126.0,6,2,Victoria_Local,1
22/02/2024,Torino,Lazio,0,2,A,24,7,4,4,7,4,torino,,1900.0,38279.0,Liga_Desconocida,126.0,2,-2,Derrota_Local,2
23/02/2024,Bologna,Verona,2,0,H,12,7,3,3,11,1,bologna,bologna,1909.0,38279.0,Italian Serie A,117.0,2,2,Victoria_Local,0
24/02/2024,Sassuolo,Empoli,2,3,A,19,14,5,6,4,1,sassuolo,,1900.0,38279.0,Liga_Desconocida,126.0,5,-1,Derrota_Local,2
24/02/2024,Salernitana,Monza,0,2,A,11,17,3,7,7,11,salernitana,,1900.0,38279.0,Liga_Desconocida,126.0,2,-2,Derrota_Local,2
24/02/2024,Genoa,Udinese,2,0,H,19,5,4,1,8,3,genoa,genoa,1823.0,36599.0,Italian Serie A,203.0,2,2,Victoria_Local,1
25/02/2024,Juventus,Frosinone,3,2,H,22,7,5,3,8,3,juventus,juventus,1897.0,41507.0,Italian Serie A,129.0,5,1,Victoria_Local,1
25/02/2024,Cagliari,Napoli,1,1,D,8,9,3,4,4,3,cagliari,cagliari,1920.0,16233.0,Italian Serie A,106.0,2,0,Empate,0
25/02/2024,Lecce,Inter,0,4,A,14,11,2,7,7,10,lecce,,1900.0,38279.0,Liga_Desconocida,126.0,4,-4,Derrota_Local,2
25/02/2024,Milan,Atalanta,1,1,D,20,8,7,3,5,3,milan,milan,1899.0,80018.0,Italian Serie A,127.0,2,0,Empate,1
26/02/2024,Roma,Torino,3,2,H,6,14,3,6,0,4,roma,,1900.0,38279.0,Liga_Desconocida,126.0,5,1,Victoria_Local,1
26/02/2024,Fiorentina,Lazio,2,1,H,22,5,7,1,13,2,fiorentina,fiorentina,1926.0,43147.0,Italian Serie A,100.0,3,1,Victoria_Local,0
28/02/2024,Sassuolo,Napoli,1,6,A,5,27,2,9,5,10,sassuolo,,1900.0,38279.0,Liga_Desconocida,126.0,7,-5,Derrota_Local,2
28/02/2024,Inter,Atalanta,4,0,H,15,6,7,1,4,1,inter,,1900.0,38279.0,Liga_Desconocida,126.0,4,4,Victoria_Local,1
01/03/2024,Lazio,Milan,0,1,A,11,14,3,5,2,5,lazio,,1900.0,38279.0,Liga_Desconocida,126.0,1,-1,Derrota_Local,0
02/03/2024,Udinese,Salernitana,1,1,D,18,17,5,1,5,6,udinese,,1900.0,38279.0,Liga_Desconocida,126.0,2,0,Empate,0
02/03/2024,Monza,Roma,1,4,A,16,12,5,6,6,3,monza,,1900.0,38279.0,Liga_Desconocida,126.0,5,-3,Derrota_Local,2
02/03/2024,Torino,Fiorentina,0,0,D,8,14,2,3,4,5,torino,,1900.0,38279.0,Liga_Desconocida,126.0,0,0,Empate,0
03/03/2024,Verona,Sassuolo,1,0,H,10,13,5,2,2,10,verona,,1900.0,38279.0,Liga_Desconocida,126.0,1,1,Victoria_Local,0
03/03/2024,Empoli,Cagliari,0,1,A,16,8,3,4,9,2,empoli,,1900.0,38279.0,Liga_Desconocida,126.0,1,-1,Derrota_Local,0
03/03/2024,Frosinone,Lecce,1,1,D,15,11,7,4,12,8,frosinone,frosinone,1912.0,10000.0,Italian Serie A,114.0,2,0,Empate,0
03/03/2024,Atalanta,Bologna,1,2,A,11,11,2,6,6,2,atalanta,atalanta,1907.0,21300.0,Italian Serie A,119.0,3,-1,Derrota_Local,2
03/03/2024,Napoli,Juventus,2,1,H,14,18,7,4,2,1,napoli,,1900.0,38279.0,Liga_Desconocida,126.0,3,1,Victoria_Local,0
04/03/2024,Inter,Genoa,2,1,H,16,10,5,2,4,5,inter,,1900.0,38279.0,Liga_Desconocida,126.0,3,1,Victoria_Local,0
08/03/2024,Napoli,Torino,1,1,D,22,11,8,2,13,7,napoli,,1900.0,38279.0,Liga_Desconocida,126.0,2,0,Empate,0
09/03/2024,Cagliari,Salernitana,4,2,H,12,12,7,5,5,4,cagliari,cagliari,1920.0,16233.0,Italian Serie A,106.0,6,2,Victoria_Local,2
09/03/2024,Sassuolo,Frosinone,1,0,H,10,11,4,1,1,2,sassuolo,,1900.0,38279.0,Liga_Desconocida,126.0,1,1,Victoria_Local,0
09/03/2024,Bologna,Inter,0,1,A,19,5,3,4,7,2,bologna,bologna,1909.0,38279.0,Italian Serie A,117.0,1,-1,Derrota_Local,0
09/03/2024,Genoa,Monza,2,3,A,22,9,6,5,10,1,genoa,genoa,1823.0,36599.0,Italian Serie A,203.0,5,-1,Derrota_Local,2
10/03/2024,Lecce,Verona,0,1,A,15,13,3,4,11,6,lecce,,1900.0,38279.0,Liga_Desconocida,126.0,1,-1,Derrota_Local,0
10/03/2024,Milan,Empoli,1,0,H,15,5,5,2,11,4,milan,milan,1899.0,80018.0,Italian Serie A,127.0,1,1,Victoria_Local,1
10/03/2024,Juventus,Atalanta,2,2,D,18,7,5,3,4,3,juventus,juventus,1897.0,41507.0,Italian Serie A,129.0,4,0,Empate,2
10/03/2024,Fiorentina,Roma,2,2,D,15,10,5,5,8,2,fiorentina,fiorentina,1926.0,43147.0,Italian Serie A,100.0,4,0,Empate,2
11/03/2024,Lazio,Udinese,1,2,A,18,14,6,5,9,5,lazio,,1900.0,38279.0,Liga_Desconocida,126.0,3,-1,Derrota_Local,2
15/03/2024,Empoli,Bologna,0,1,A,10,20,1,9,7,6,empoli,,1900.0,38279.0,Liga_Desconocida,126.0,1,-1,Derrota_Local,0
16/03/2024,Monza,Cagliari,1,0,H,15,10,3,0,3,7,monza,,1900.0,38279.0,Liga_Desconocida,126.0,1,1,Victoria_Local,0
16/03/2024,Udinese,Torino,0,2,A,12,12,1,5,3,4,udinese,,1900.0,38279.0,Liga_Desconocida,126.0,2,-2,Derrota_Local,2
16/03/2024,Salernitana,Lecce,0,1,A,15,17,6,4,7,1,salernitana,,1900.0,38279.0,Liga_Desconocida,126.0,1,-1,Derrota_Local,0
16/03/2024,Frosinone,Lazio,2,3,A,14,22,5,7,9,4,frosinone,frosinone,1912.0,10000.0,Italian Serie A,114.0,5,-1,Derrota_Local,2
17/03/2024,Juventus,Genoa,0,0,D,17,5,2,2,12,2,juventus,juventus,1897.0,41507.0,Italian Serie A,129.0,0,0,Empate,0
17/03/2024,Verona,Milan,1,3,A,15,18,4,6,3,5,verona,,1900.0,38279.0,Liga_Desconocida,126.0,4,-2,Derrota_Local,2
17/03/2024,Roma,Sassuolo,1,0,H,10,8,4,2,4,7,roma,,1900.0,38279.0,Liga_Desconocida,126.0,1,1,Victoria_Local,0
17/03/2024,Inter,Napoli,1,1,D,19,11,6,3,5,7,inter,,1900.0,38279.0,Liga_Desconocida,126.0,2,0,Empate,0
30/03/2024,Napoli,Atalanta,0,3,A,20,12,6,6,7,5,napoli,,1900.0,38279.0,Liga_Desconocida,126.0,3,-3,Derrota_Local,2
30/03/2024,Genoa,Frosinone,1,1,D,9,15,3,3,3,8,genoa,genoa,1823.0,36599.0,Italian Serie A,203.0,2,0,Empate,1
30/03/2024,Torino,Monza,1,0,H,15,9,6,2,7,2,torino,,1900.0,38279.0,Liga_Desconocida,126.0,1,1,Victoria_Local,0
30/03/2024,Lazio,Juventus,1,0,H,16,9,4,3,7,2,lazio,,1900.0,38279.0,Liga_Desconocida,126.0,1,1,Victoria_Local,0
30/03/2024,Fiorentina,Milan,1,2,A,17,14,7,10,7,5,fiorentina,fiorentina,1926.0,43147.0,Italian Serie A,100.0,3,-1,Derrota_Local,2
01/04/2024,Bologna,Salernitana,3,0,H,14,8,3,2,5,3,bologna,bologna,1909.0,38279.0,Italian Serie A,117.0,3,3,Victoria_Local,1
01/04/2024,Cagliari,Verona,1,1,D,11,8,2,5,7,2,cagliari,cagliari,1920.0,16233.0,Italian Serie A,106.0,2,0,Empate,0
01/04/2024,Sassuolo,Udinese,1,1,D,14,12,5,3,10,1,sassuolo,,1900.0,38279.0,Liga_Desconocida,126.0,2,0,Empate,0
01/04/2024,Lecce,Roma,0,0,D,27,10,6,3,8,4,lecce,,1900.0,38279.0,Liga_Desconocida,126.0,0,0,Empate,0
01/04/2024,Inter,Empoli,2,0,H,19,14,7,3,8,6,inter,,1900.0,38279.0,Liga_Desconocida,126.0,2,2,Victoria_Local,0
05/04/2024,Salernitana,Sassuolo,2,2,D,5,16,2,5,4,9,salernitana,,1900.0,38279.0,Liga_Desconocida,126.0,4,0,Empate,2
06/04/2024,Milan,Lecce,3,0,H,16,12,8,7,5,1,milan,milan,1899.0,80018.0,Italian Serie A,127.0,3,3,Victoria_Local,1
06/04/2024,Roma,Lazio,1,0,H,15,11,3,1,3,6,roma,,1900.0,38279.0,Liga_Desconocida,126.0,1,1,Victoria_Local,0
06/04/2024,Empoli,Torino,3,2,H,4,19,3,5,1,7,empoli,,1900.0,38279.0,Liga_Desconocida,126.0,5,1,Victoria_Local,1
07/04/2024,Frosinone,Bologna,0,0,D,12,13,5,5,5,2,frosinone,frosinone,1912.0,10000.0,Italian Serie A,114.0,0,0,Empate,0
07/04/2024,Monza,Napoli,2,4,A,7,19,2,8,1,6,monza,,1900.0,38279.0,Liga_Desconocida,126.0,6,-2,Derrota_Local,2
07/04/2024,Cagliari,Atalanta,2,1,H,11,7,3,2,4,4,cagliari,cagliari,1920.0,16233.0,Italian Serie A,106.0,3,1,Victoria_Local,0
07/04/2024,Verona,Genoa,1,2,A,12,11,3,5,5,3,verona,,1900.0,38279.0,Liga_Desconocida,126.0,3,-1,Derrota_Local,2
07/04/2024,Juventus,Fiorentina,1,0,H,7,13,2,2,5,6,juventus,juventus,1897.0,41507.0,Italian Serie A,129.0,1,1,Victoria_Local,0
08/04/2024,Udinese,Inter,1,2,A,3,23,1,6,0,8,udinese,,1900.0,38279.0,Liga_Desconocida,126.0,3,-1,Derrota_Local,2
12/04/2024,Lazio,Salernitana,4,1,H,17,8,6,5,9,0,lazio,,1900.0,38279.0,Liga_Desconocida,126.0,5,3,Victoria_Local,1
13/04/2024,Lecce,Empoli,1,0,H,14,3,7,0,10,3,lecce,,1900.0,38279.0,Liga_Desconocida,126.0,1,1,Victoria_Local,0
13/04/2024,Torino,Juventus,0,0,D,13,8,2,3,6,2,torino,,1900.0,38279.0,Liga_Desconocida,126.0,0,0,Empate,0
13/04/2024,Bologna,Monza,0,0,D,17,4,7,0,10,0,bologna,bologna,1909.0,38279.0,Italian Serie A,117.0,0,0,Empate,0
14/04/2024,Napoli,Frosinone,2,2,D,20,13,9,6,6,2,napoli,,1900.0,38279.0,Liga_Desconocida,126.0,4,0,Empate,2
14/04/2024,Sassuolo,Milan,3,3,D,10,23,5,7,2,6,sassuolo,,1900.0,38279.0,Liga_Desconocida,126.0,6,0,Empate,2
14/04/2024,Inter,Cagliari,2,2,D,12,11,7,6,7,0,inter,,1900.0,38279.0,Liga_Desconocida,126.0,4,0,Empate,2
15/04/2024,Fiorentina,Genoa,1,1,D,20,7,3,3,6,2,fiorentina,fiorentina,1926.0,43147.0,Italian Serie A,100.0,2,0,Empate,0
15/04/2024,Atalanta,Verona,2,2,D,16,13,9,5,5,4,atalanta,atalanta,1907.0,21300.0,Italian Serie A,119.0,4,0,Empate,2
19/04/2024,Genoa,Lazio,0,1,A,8,13,2,1,2,9,genoa,genoa,1823.0,36599.0,Italian Serie A,203.0,1,-1,Derrota_Local,0
19/04/2024,Cagliari,Juventus,2,2,D,9,11,4,3,4,3,cagliari,cagliari,1920.0,16233.0,Italian Serie A,106.0,4,0,Empate,2
20/04/2024,Empoli,Napoli,1,0,H,7,9,1,1,2,8,empoli,,1900.0,38279.0,Liga_Desconocida,126.0,1,1,Victoria_Local,0
20/04/2024,Verona,Udinese,1,0,H,16,18,4,1,10,6,verona,,1900.0,38279.0,Liga_Desconocida,126.0,1,1,Victoria_Local,0
21/04/2024,Sassuolo,Lecce,0,3,A,10,14,3,8,9,4,sassuolo,,1900.0,38279.0,Liga_Desconocida,126.0,3,-3,Derrota_Local,2
21/04/2024,Torino,Frosinone,0,0,D,13,12,2,3,6,4,torino,,1900.0,38279.0,Liga_Desconocida,126.0,0,0,Empate,0
21/04/2024,Salernitana,Fiorentina,0,2,A,5,12,1,7,2,5,salernitana,,1900.0,38279.0,Liga_Desconocida,126.0,2,-2,Derrota_Local,2
21/04/2024,Monza,Atalanta,1,2,A,17,12,2,6,2,8,monza,,1900.0,38279.0,Liga_Desconocida,126.0,3,-1,Derrota_Local,2
22/04/2024,Roma,Bologna,1,3,A,14,11,5,3,8,2,roma,,1900.0,38279.0,Liga_Desconocida,126.0,4,-2,Derrota_Local,2
22/04/2024,Milan,Inter,1,2,A,15,11,6,3,5,3,milan,milan,1899.0,80018.0,Italian Serie A,127.0,3,-1,Derrota_Local,1
25/04/2024,Udinese,Roma,1,2,A,9,19,3,5,5,8,udinese,,1900.0,38279.0,Liga_Desconocida,126.0,3,-1,Derrota_Local,2
26/04/2024,Frosinone,Salernitana,3,0,H,11,17,4,2,7,3,frosinone,frosinone,1912.0,10000.0,Italian Serie A,114.0,3,3,Victoria_Local,0
27/04/2024,Lecce,Monza,1,1,D,12,9,4,1,0,5,lecce,,1900.0,38279.0,Liga_Desconocida,126.0,2,0,Empate,0
27/04/2024,Juventus,Milan,0,0,D,18,9,7,0,9,4,juventus,juventus,1897.0,41507.0,Italian Serie A,129.0,0,0,Empate,0
27/04/2024,Lazio,Verona,1,0,H,17,7,5,1,4,2,lazio,,1900.0,38279.0,Liga_Desconocida,126.0,1,1,Victoria_Local,0
28/04/2024,Inter,Torino,2,0,H,17,11,5,3,5,4,inter,,1900.0,38279.0,Liga_Desconocida,126.0,2,2,Victoria_Local,0
28/04/2024,Bologna,Udinese,1,1,D,15,11,4,4,10,3,bologna,bologna,1909.0,38279.0,Italian Serie A,117.0,2,0,Empate,0
28/04/2024,Atalanta,Empoli,2,0,H,17,11,5,2,8,1,atalanta,atalanta,1907.0,21300.0,Italian Serie A,119.0,2,2,Victoria_Local,0
28/04/2024,Napoli,Roma,2,2,D,27,10,9,4,9,2,napoli,,1900.0,38279.0,Liga_Desconocida,126.0,4,0,Empate,2
28/04/2024,Fiorentina,Sassuolo,5,1,H,22,7,10,2,10,2,fiorentina,fiorentina,1926.0,43147.0,Italian Serie A,100.0,6,4,Victoria_Local,1
29/04/2024,Genoa,Cagliari,3,0,H,12,12,5,1,2,4,genoa,genoa,1823.0,36599.0,Italian Serie A,203.0,3,3,Victoria_Local,1
03/05/2024,Torino,Bologna,0,0,D,8,5,1,1,2,4,torino,,1900.0,38279.0,Liga_Desconocida,126.0,0,0,Empate,0
04/05/2024,Monza,Lazio,2,2,D,17,9,7,5,5,4,monza,,1900.0,38279.0,Liga_Desconocida,126.0,4,0,Empate,2
04/05/2024,Sassuolo,Inter,1,0,H,6,14,2,1,2,5,sassuolo,,1900.0,38279.0,Liga_Desconocida,126.0,1,1,Victoria_Local,0
05/05/2024,Cagliari,Lecce,1,1,D,9,16,3,3,3,10,cagliari,cagliari,1920.0,16233.0,Italian Serie A,106.0,2,0,Empate,0
05/05/2024,Empoli,Frosinone,0,0,D,7,17,1,5,3,8,empoli,,1900.0,38279.0,Liga_Desconocida,126.0,0,0,Empate,0
05/05/2024,Verona,Fiorentina,2,1,H,9,13,4,4,1,2,verona,,1900.0,38279.0,Liga_Desconocida,126.0,3,1,Victoria_Local,0
05/05/2024,Milan,Genoa,3,3,D,26,6,7,2,7,1,milan,milan,1899.0,80018.0,Italian Serie A,127.0,6,0,Empate,1
05/05/2024,Roma,Juventus,1,1,D,19,16,5,6,9,6,roma,,1900.0,38279.0,Liga_Desconocida,126.0,2,0,Empate,0
06/05/2024,Salernitana,Atalanta,1,2,A,9,17,2,4,1,7,salernitana,,1900.0,38279.0,Liga_Desconocida,126.0,3,-1,Derrota_Local,2
06/05/2024,Udinese,Napoli,1,1,D,10,12,2,4,7,5,udinese,,1900.0,38279.0,Liga_Desconocida,126.0,2,0,Empate,0
10/05/2024,Frosinone,Inter,0,5,A,17,14,8,5,8,4,frosinone,frosinone,1912.0,10000.0,Italian Serie A,114.0,5,-5,Derrota_Local,2
11/05/2024,Napoli,Bologna,0,2,A,16,11,6,4,9,3,napoli,,1900.0,38279.0,Liga_Desconocida,126.0,2,-2,Derrota_Local,2
11/05/2024,Milan,Cagliari,5,1,H,17,13,10,7,6,3,milan,milan,1899.0,80018.0,Italian Serie A,127.0,6,4,Victoria_Local,1
12/05/2024,Lazio,Empoli,2,0,H,11,16,5,3,7,7,lazio,,1900.0,38279.0,Liga_Desconocida,126.0,2,2,Victoria_Local,0
12/05/2024,Genoa,Sassuolo,2,1,H,8,12,2,4,3,7,genoa,genoa,1823.0,36599.0,Italian Serie A,203.0,3,1,Victoria_Local,1
12/05/2024,Verona,Torino,1,2,A,13,6,5,2,7,4,verona,,1900.0,38279.0,Liga_Desconocida,126.0,3,-1,Derrota_Local,2
12/05/2024,Juventus,Salernitana,1,1,D,25,13,6,4,9,4,juventus,juventus,1897.0,41507.0,Italian Serie A,129.0,2,0,Empate,0
12/05/2024,Atalanta,Roma,2,1,H,24,9,7,6,6,1,atalanta,atalanta,1907.0,21300.0,Italian Serie A,119.0,3,1,Victoria_Local,0
13/05/2024,Lecce,Udinese,0,2,A,9,16,2,3,8,2,lecce,,1900.0,38279.0,Liga_Desconocida,126.0,2,-2,Derrota_Local,2
13/05/2024,Fiorentina,Monza,2,1,H,15,5,8,2,6,1,fiorentina,fiorentina,1926.0,43147.0,Italian Serie A,100.0,3,1,Victoria_Local,0
17/05/2024,Fiorentina,Napoli,2,2,D,14,15,5,3,5,3,fiorentina,fiorentina,1926.0,43147.0,Italian Serie A,100.0,4,0,Empate,2
18/05/2024,Lecce,Atalanta,0,2,A,11,19,3,9,2,5,lecce,,1900.0,38279.0,Liga_Desconocida,126.0,2,-2,Derrota_Local,2
18/05/2024,Torino,Milan,3,1,H,11,16,5,4,3,8,torino,,1900.0,38279.0,Liga_Desconocida,126.0,4,2,Victoria_Local,1
19/05/2024,Sassuolo,Cagliari,0,2,A,7,13,0,3,5,6,sassuolo,,1900.0,38279.0,Liga_Desconocida,126.0,2,-2,Derrota_Local,2
19/05/2024,Monza,Frosinone,0,1,A,14,16,2,5,3,4,monza,,1900.0,38279.0,Liga_Desconocida,126.0,1,-1,Derrota_Local,0
19/05/2024,Udinese,Empoli,1,1,D,8,4,2,1,5,5,udinese,,1900.0,38279.0,Liga_Desconocida,126.0,2,0,Empate,0
19/05/2024,Inter,Lazio,1,1,D,19,8,7,3,8,0,inter,,1900.0,38279.0,Liga_Desconocida,126.0,2,0,Empate,0
19/05/2024,Roma,Genoa,1,0,H,21,11,6,4,6,3,roma,,1900.0,38279.0,Liga_Desconocida,126.0,1,1,Victoria_Local,0
20/05/2024,Salernitana,Verona,1,2,A,9,17,1,5,4,6,salernitana,,1900.0,38279.0,Liga_Desconocida,126.0,3,-1,Derrota_Local,2
20/05/2024,Bologna,Juventus,3,3,D,10,11,5,4,3,2,bologna,bologna,1909.0,38279.0,Italian Serie A,117.0,6,0,Empate,2
23/05/2024,Cagliari,Fiorentina,2,3,A,14,11,6,5,4,5,cagliari,cagliari,1920.0,16233.0,Italian Serie A,106.0,5,-1,Derrota_Local,2
24/05/2024,Genoa,Bologna,2,0,H,14,11,3,1,3,6,genoa,genoa,1823.0,36599.0,Italian Serie A,203.0,2,2,Victoria_Local,1
25/05/2024,Juventus,Monza,2,0,H,12,12,4,4,3,4,juventus,juventus,1897.0,41507.0,Italian Serie A,129.0,2,2,Victoria_Local,0
25/05/2024,Milan,Salernitana,3,3,D,23,14,11,6,13,3,milan,milan,1899.0,80018.0,Italian Serie A,127.0,6,0,Empate,1
26/05/2024,Atalanta,Torino,3,0,H,18,8,7,1,2,5,atalanta,atalanta,1907.0,21300.0,Italian Serie A,119.0,3,3,Victoria_Local,0
26/05/2024,Napoli,Lecce,0,0,D,24,10,5,0,4,1,napoli,,1900.0,38279.0,Liga_Desconocida,126.0,0,0,Empate,0
26/05/2024,Empoli,Roma,2,1,H,17,15,7,3,4,5,empoli,,1900.0,38279.0,Liga_Desconocida,126.0,3,1,Victoria_Local,0
26/05/2024,Frosinone,Udinese,0,1,A,21,10,5,5,11,1,frosinone,frosinone,1912.0,10000.0,Italian Serie A,114.0,1,-1,Derrota_Local,0
26/05/2024,Lazio,Sassuolo,1,1,D,8,8,6,3,5,3,lazio,,1900.0,38279.0,Liga_Desconocida,126.0,2,0,Empate,0
26/05/2024,Verona,Inter,2,2,D,18,15,8,11,9,3,verona,,1900.0,38279.0,Liga_Desconocida,126.0,4,0,Empate,2
02/06/2024,Atalanta,Fiorentina,2,3,A,12,8,3,4,4,4,atalanta,atalanta,1907.0,21300.0,Italian Serie A,119.0,5,-1,Derrota_Local,2
13/08/2022,Milan,Udinese,4,2,H,14,9,5,4,5,1,milan,milan,1899.0,80018.0,Italian Serie A,127.0,6,2,Victoria_Local,1
13/08/2022,Sampdoria,Atalanta,0,2,A,11,9,1,3,3,2,sampdoria,,1900.0,38279.0,Liga_Desconocida,126.0,2,-2,Derrota_Local,2
13/08/2022,Lecce,Inter,1,2,A,10,19,4,9,6,8,lecce,,1900.0,38279.0,Liga_Desconocida,126.0,3,-1,Derrota_Local,2
13/08/2022,Monza,Torino,1,2,A,15,13,4,6,2,7,monza,,1900.0,38279.0,Liga_Desconocida,126.0,3,-1,Derrota_Local,2
14/08/2022,Fiorentina,Cremonese,3,2,H,27,13,11,4,11,4,fiorentina,fiorentina,1926.0,43147.0,Italian Serie A,100.0,5,1,Victoria_Local,2
14/08/2022,Lazio,Bologna,2,1,H,9,11,6,3,3,2,lazio,,1900.0,38279.0,Liga_Desconocida,126.0,3,1,Victoria_Local,0
14/08/2022,Salernitana,Roma,0,1,A,13,20,2,5,4,2,salernitana,,1900.0,38279.0,Liga_Desconocida,126.0,1,-1,Derrota_Local,0
14/08/2022,Spezia,Empoli,1,0,H,9,18,2,5,6,4,spezia,,1900.0,38279.0,Liga_Desconocida,126.0,1,1,Victoria_Local,0
15/08/2022,Verona,Napoli,2,5,A,6,25,3,8,4,8,verona,,1900.0,38279.0,Liga_Desconocida,126.0,7,-3,Derrota_Local,2
15/08/2022,Juventus,Sassuolo,3,0,H,14,19,4,7,3,2,juventus,juventus,1897.0,41507.0,Italian Serie A,129.0,3,3,Victoria_Local,1
20/08/2022,Torino,Lazio,0,0,D,10,7,1,2,6,4,torino,,1900.0,38279.0,Liga_Desconocida,126.0,0,0,Empate,0
20/08/2022,Udinese,Salernitana,0,0,D,15,17,2,6,6,6,udinese,,1900.0,38279.0,Liga_Desconocida,126.0,0,0,Empate,0
20/08/2022,Inter,Spezia,3,0,H,19,2,8,0,10,4,inter,,1900.0,38279.0,Liga_Desconocida,126.0,3,3,Victoria_Local,1
20/08/2022,Sassuolo,Lecce,1,0,H,12,7,3,1,5,4,sassuolo,,1900.0,38279.0,Liga_Desconocida,126.0,1,1,Victoria_Local,0
21/08/2022,Empoli,Fiorentina,0,0,D,4,19,2,2,1,9,empoli,,1900.0,38279.0,Liga_Desconocida,126.0,0,0,Empate,0
21/08/2022,Napoli,Monza,4,0,H,22,4,5,1,10,4,napoli,,1900.0,38279.0,Liga_Desconocida,126.0,4,4,Victoria_Local,1
21/08/2022,Atalanta,Milan,1,1,D,11,18,2,7,4,6,atalanta,atalanta,1907.0,21300.0,Italian Serie A,119.0,2,0,Empate,0
21/08/2022,Bologna,Verona,1,1,D,17,19,5,3,9,8,bologna,bologna,1909.0,38279.0,Italian Serie A,117.0,2,0,Empate,0
22/08/2022,Roma,Cremonese,1,0,H,27,14,12,3,5,6,roma,,1900.0,38279.0,Liga_Desconocida,126.0,1,1,Victoria_Local,0
22/08/2022,Sampdoria,Juventus,0,0,D,10,10,1,4,3,4,sampdoria,,1900.0,38279.0,Liga_Desconocida,126.0,0,0,Empate,0
26/08/2022,Monza,Udinese,1,2,A,10,15,5,4,3,5,monza,,1900.0,38279.0,Liga_Desconocida,126.0,3,-1,Derrota_Local,2
26/08/2022,Lazio,Inter,3,1,H,11,19,7,7,2,4,lazio,,1900.0,38279.0,Liga_Desconocida,126.0,4,2,Victoria_Local,1
27/08/2022,Cremonese,Torino,1,2,A,16,14,6,5,3,3,cremonese,,1900.0,38279.0,Liga_Desconocida,126.0,3,-1,Derrota_Local,2
27/08/2022,Juventus,Roma,1,1,D,14,8,3,4,4,5,juventus,juventus,1897.0,41507.0,Italian Serie A,129.0,2,0,Empate,0
27/08/2022,Milan,Bologna,2,0,H,19,8,7,0,5,1,milan,milan,1899.0,80018.0,Italian Serie A,127.0,2,2,Victoria_Local,1
27/08/2022,Spezia,Sassuolo,2,2,D,7,21,2,8,2,6,spezia,,1900.0,38279.0,Liga_Desconocida,126.0,4,0,Empate,2
28/08/2022,Salernitana,Sampdoria,4,0,H,9,17,6,6,6,3,salernitana,,1900.0,38279.0,Liga_Desconocida,126.0,4,4,Victoria_Local,1
28/08/2022,Verona,Atalanta,0,1,A,14,15,2,7,7,6,verona,,1900.0,38279.0,Liga_Desconocida,126.0,1,-1,Derrota_Local,0
28/08/2022,Fiorentina,Napoli,0,0,D,10,13,5,2,2,3,fiorentina,fiorentina,1926.0,43147.0,Italian Serie A,100.0,0,0,Empate,0
28/08/2022,Lecce,Empoli,1,1,D,15,9,5,3,3,5,lecce,,1900.0,38279.0,Liga_Desconocida,126.0,2,0,Empate,0
30/08/2022,Sassuolo,Milan,0,0,D,8,10,3,2,3,8,sassuolo,,1900.0,38279.0,Liga_Desconocida,126.0,0,0,Empate,0
30/08/2022,Inter,Cremonese,3,1,H,18,11,7,4,6,6,inter,,1900.0,38279.0,Liga_Desconocida,126.0,4,2,Victoria_Local,1
30/08/2022,Roma,Monza,3,0,H,14,13,7,1,5,4,roma,,1900.0,38279.0,Liga_Desconocida,126.0,3,3,Victoria_Local,1
31/08/2022,Empoli,Verona,1,1,D,16,9,4,3,7,10,empoli,,1900.0,38279.0,Liga_Desconocida,126.0,2,0,Empate,0
31/08/2022,Sampdoria,Lazio,1,1,D,10,13,3,6,5,7,sampdoria,,1900.0,38279.0,Liga_Desconocida,126.0,2,0,Empate,0
31/08/2022,Udinese,Fiorentina,1,0,H,8,12,3,2,3,7,udinese,,1900.0,38279.0,Liga_Desconocida,126.0,1,1,Victoria_Local,0
31/08/2022,Juventus,Spezia,2,0,H,15,9,3,0,7,3,juventus,juventus,1897.0,41507.0,Italian Serie A,129.0,2,2,Victoria_Local,0
31/08/2022,Napoli,Lecce,1,1,D,19,9,7,4,6,4,napoli,,1900.0,38279.0,Liga_Desconocida,126.0,2,0,Empate,0
01/09/2022,Atalanta,Torino,3,1,H,12,8,5,2,7,2,atalanta,atalanta,1907.0,21300.0,Italian Serie A,119.0,4,2,Victoria_Local,0
01/09/2022,Bologna,Salernitana,1,1,D,11,20,4,4,1,8,bologna,bologna,1909.0,38279.0,Italian Serie A,117.0,2,0,Empate,0
03/09/2022,Fiorentina,Juventus,1,1,D,17,4,5,1,10,2,fiorentina,fiorentina,1926.0,43147.0,Italian Serie A,100.0,2,0,Empate,0
03/09/2022,Milan,Inter,3,2,H,21,16,5,5,2,5,milan,milan,1899.0,80018.0,Italian Serie A,127.0,5,1,Victoria_Local,1
03/09/2022,Lazio,Napoli,1,2,A,8,19,2,7,6,8,lazio,,1900.0,38279.0,Liga_Desconocida,126.0,3,-1,Derrota_Local,2
04/09/2022,Cremonese,Sassuolo,0,0,D,10,17,0,7,2,3,cremonese,,1900.0,38279.0,Liga_Desconocida,126.0,0,0,Empate,0
04/09/2022,Spezia,Bologna,2,2,D,15,13,5,6,7,2,spezia,,1900.0,38279.0,Liga_Desconocida,126.0,4,0,Empate,2
04/09/2022,Verona,Sampdoria,2,1,H,17,11,9,3,7,2,verona,,1900.0,38279.0,Liga_Desconocida,126.0,3,1,Victoria_Local,0
04/09/2022,Udinese,Roma,4,0,H,11,12,5,2,3,7,udinese,,1900.0,38279.0,Liga_Desconocida,126.0,4,4,Victoria_Local,1
05/09/2022,Monza,Atalanta,0,2,A,11,13,3,6,4,9,monza,,1900.0,38279.0,Liga_Desconocida,126.0,2,-2,Derrota_Local,2
05/09/2022,Salernitana,Empoli,2,2,D,15,11,4,5,6,7,salernitana,,1900.0,38279.0,Liga_Desconocida,126.0,4,0,Empate,2
05/09/2022,Torino,Lecce,1,0,H,13,10,4,2,4,4,torino,,1900.0,38279.0,Liga_Desconocida,126.0,1,1,Victoria_Local,0
10/09/2022,Napoli,Spezia,1,0,H,28,10,6,1,10,5,napoli,,1900.0,38279.0,Liga_Desconocida,126.0,1,1,Victoria_Local,0
10/09/2022,Inter,Torino,1,0,H,16,9,3,7,6,5,inter,,1900.0,38279.0,Liga_Desconocida,126.0,1,1,Victoria_Local,0
10/09/2022,Sampdoria,Milan,1,2,A,10,15,4,4,2,4,sampdoria,,1900.0,38279.0,Liga_Desconocida,126.0,3,-1,Derrota_Local,2
11/09/2022,Atalanta,Cremonese,1,1,D,14,7,6,4,3,3,atalanta,atalanta,1907.0,21300.0,Italian Serie A,119.0,2,0,Empate,0
11/09/2022,Bologna,Fiorentina,2,1,H,12,13,4,2,6,8,bologna,bologna,1909.0,38279.0,Italian Serie A,117.0,3,1,Victoria_Local,0
11/09/2022,Lecce,Monza,1,1,D,7,2,3,1,8,5,lecce,,1900.0,38279.0,Liga_Desconocida,126.0,2,0,Empate,0
11/09/2022,Sassuolo,Udinese,1,3,A,5,17,2,4,5,6,sassuolo,,1900.0,38279.0,Liga_Desconocida,126.0,4,-2,Derrota_Local,2
11/09/2022,Lazio,Verona,2,0,H,15,7,6,1,3,5,lazio,,1900.0,38279.0,Liga_Desconocida,126.0,2,2,Victoria_Local,0
11/09/2022,Juventus,Salernitana,2,2,D,22,11,7,5,8,2,juventus,juventus,1897.0,41507.0,Italian Serie A,129.0,4,0,Empate,2
12/09/2022,Empoli,Roma,1,2,A,20,13,3,7,7,7,empoli,,1900.0,38279.0,Liga_Desconocida,126.0,3,-1,Derrota_Local,2
16/09/2022,Salernitana,Lecce,1,2,A,8,13,4,4,4,5,salernitana,,1900.0,38279.0,Liga_Desconocida,126.0,3,-1,Derrota_Local,2
17/09/2022,Bologna,Empoli,0,1,A,16,12,3,5,5,8,bologna,bologna,1909.0,38279.0,Italian Serie A,117.0,1,-1,Derrota_Local,0
17/09/2022,Spezia,Sampdoria,2,1,H,6,11,3,8,3,6,spezia,,1900.0,38279.0,Liga_Desconocida,126.0,3,1,Victoria_Local,0
17/09/2022,Torino,Sassuolo,0,1,A,12,10,3,5,4,3,torino,,1900.0,38279.0,Liga_Desconocida,126.0,1,-1,Derrota_Local,0
18/09/2022,Udinese,Inter,3,1,H,20,14,6,3,7,4,udinese,,1900.0,38279.0,Liga_Desconocida,126.0,4,2,Victoria_Local,1
18/09/2022,Cremonese,Lazio,0,4,A,18,14,3,6,8,5,cremonese,,1900.0,38279.0,Liga_Desconocida,126.0,4,-4,Derrota_Local,2
18/09/2022,Fiorentina,Verona,2,0,H,15,8,9,1,7,3,fiorentina,fiorentina,1926.0,43147.0,Italian Serie A,100.0,2,2,Victoria_Local,0
18/09/2022,Monza,Juventus,1,0,H,17,10,4,2,5,3,monza,,1900.0,38279.0,Liga_Desconocida,126.0,1,1,Victoria_Local,0
18/09/2022,Roma,Atalanta,0,1,A,21,4,5,1,5,1,roma,,1900.0,38279.0,Liga_Desconocida,126.0,1,-1,Derrota_Local,0
18/09/2022,Milan,Napoli,1,2,A,22,9,5,4,9,4,milan,milan,1899.0,80018.0,Italian Serie A,127.0,3,-1,Derrota_Local,1
01/10/2022,Napoli,Torino,3,1,H,15,16,7,3,4,4,napoli,,1900.0,38279.0,Liga_Desconocida,126.0,4,2,Victoria_Local,1
01/10/2022,Inter,Roma,1,2,A,15,10,2,3,5,1,inter,,1900.0,38279.0,Liga_Desconocida,126.0,3,-1,Derrota_Local,2
01/10/2022,Empoli,Milan,1,3,A,16,19,4,6,3,7,empoli,,1900.0,38279.0,Liga_Desconocida,126.0,4,-2,Derrota_Local,2
02/10/2022,Lazio,Spezia,4,0,H,13,14,6,2,3,6,lazio,,1900.0,38279.0,Liga_Desconocida,126.0,4,4,Victoria_Local,1
02/10/2022,Lecce,Cremonese,1,1,D,6,13,1,4,1,8,lecce,,1900.0,38279.0,Liga_Desconocida,126.0,2,0,Empate,0
02/10/2022,Sampdoria,Monza,0,3,A,3,13,1,6,2,4,sampdoria,,1900.0,38279.0,Liga_Desconocida,126.0,3,-3,Derrota_Local,2
02/10/2022,Sassuolo,Salernitana,5,0,H,17,6,11,1,1,2,sassuolo,,1900.0,38279.0,Liga_Desconocida,126.0,5,5,Victoria_Local,1
02/10/2022,Atalanta,Fiorentina,1,0,H,10,16,5,5,1,5,atalanta,atalanta,1907.0,21300.0,Italian Serie A,119.0,1,1,Victoria_Local,0
02/10/2022,Juventus,Bologna,3,0,H,17,9,6,1,2,4,juventus,juventus,1897.0,41507.0,Italian Serie A,129.0,3,3,Victoria_Local,1
03/10/2022,Verona,Udinese,1,2,A,7,21,2,8,4,9,verona,,1900.0,38279.0,Liga_Desconocida,126.0,3,-1,Derrota_Local,2
08/10/2022,Sassuolo,Inter,1,2,A,15,16,3,4,6,5,sassuolo,,1900.0,38279.0,Liga_Desconocida,126.0,3,-1,Derrota_Local,2
08/10/2022,Milan,Juventus,2,0,H,21,10,3,3,9,3,milan,milan,1899.0,80018.0,Italian Serie A,127.0,2,2,Victoria_Local,1
08/10/2022,Bologna,Sampdoria,1,1,D,10,9,3,3,2,5,bologna,bologna,1909.0,38279.0,Italian Serie A,117.0,2,0,Empate,0
09/10/2022,Torino,Empoli,1,1,D,20,6,7,2,6,1,torino,,1900.0,38279.0,Liga_Desconocida,126.0,2,0,Empate,0
09/10/2022,Monza,Spezia,2,0,H,7,9,4,1,3,6,monza,,1900.0,38279.0,Liga_Desconocida,126.0,2,2,Victoria_Local,0
09/10/2022,Salernitana,Verona,2,1,H,14,12,4,2,1,6,salernitana,,1900.0,38279.0,Liga_Desconocida,126.0,3,1,Victoria_Local,0
09/10/2022,Udinese,Atalanta,2,2,D,10,9,2,5,5,3,udinese,,1900.0,38279.0,Liga_Desconocida,126.0,4,0,Empate,2
09/10/2022,Cremonese,Napoli,1,4,A,12,21,1,10,5,2,cremonese,,1900.0,38279.0,Liga_Desconocida,126.0,5,-3,Derrota_Local,2
09/10/2022,Roma,Lecce,2,1,H,20,6,6,3,13,4,roma,,1900.0,38279.0,Liga_Desconocida,126.0,3,1,Victoria_Local,0
10/10/2022,Fiorentina,Lazio,0,4,A,24,10,3,6,9,2,fiorentina,fiorentina,1926.0,43147.0,Italian Serie A,100.0,4,-4,Derrota_Local,2
15/10/2022,Empoli,Monza,1,0,H,11,16,5,4,2,9,empoli,,1900.0,38279.0,Liga_Desconocida,126.0,1,1,Victoria_Local,0
15/10/2022,Torino,Juventus,0,1,A,15,14,2,8,3,6,torino,,1900.0,38279.0,Liga_Desconocida,126.0,1,-1,Derrota_Local,0
15/10/2022,Atalanta,Sassuolo,2,1,H,16,11,4,3,3,3,atalanta,atalanta,1907.0,21300.0,Italian Serie A,119.0,3,1,Victoria_Local,0
16/10/2022,Inter,Salernitana,2,0,H,16,8,6,3,6,4,inter,,1900.0,38279.0,Liga_Desconocida,126.0,2,2,Victoria_Local,0
16/10/2022,Lazio,Udinese,0,0,D,8,12,3,2,7,3,lazio,,1900.0,38279.0,Liga_Desconocida,126.0,0,0,Empate,0
16/10/2022,Spezia,Cremonese,2,2,D,15,24,6,4,6,8,spezia,,1900.0,38279.0,Liga_Desconocida,126.0,4,0,Empate,2
16/10/2022,Napoli,Bologna,3,2,H,30,16,11,3,6,4,napoli,,1900.0,38279.0,Liga_Desconocida,126.0,5,1,Victoria_Local,1
16/10/2022,Verona,Milan,1,2,A,19,16,5,6,9,3,verona,,1900.0,38279.0,Liga_Desconocida,126.0,3,-1,Derrota_Local,2
17/10/2022,Sampdoria,Roma,0,1,A,8,7,1,4,4,3,sampdoria,,1900.0,38279.0,Liga_Desconocida,126.0,1,-1,Derrota_Local,0
17/10/2022,Lecce,Fiorentina,1,1,D,6,10,2,5,2,8,lecce,,1900.0,38279.0,Liga_Desconocida,126.0,2,0,Empate,0
21/10/2022,Juventus,Empoli,4,0,H,21,12,7,4,6,4,juventus,juventus,1897.0,41507.0,Italian Serie A,129.0,4,4,Victoria_Local,1
22/10/2022,Salernitana,Spezia,1,0,H,17,14,4,2,4,7,salernitana,,1900.0,38279.0,Liga_Desconocida,126.0,1,1,Victoria_Local,0
22/10/2022,Milan,Monza,4,1,H,12,16,7,6,2,2,milan,milan,1899.0,80018.0,Italian Serie A,127.0,5,3,Victoria_Local,1
22/10/2022,Fiorentina,Inter,3,4,A,10,8,4,7,1,2,fiorentina,fiorentina,1926.0,43147.0,Italian Serie A,100.0,7,-1,Derrota_Local,2
23/10/2022,Udinese,Torino,1,2,A,16,15,4,4,7,4,udinese,,1900.0,38279.0,Liga_Desconocida,126.0,3,-1,Derrota_Local,2
23/10/2022,Bologna,Lecce,2,0,H,12,9,3,3,9,4,bologna,bologna,1909.0,38279.0,Italian Serie A,117.0,2,2,Victoria_Local,0
23/10/2022,Atalanta,Lazio,0,2,A,7,12,0,5,5,8,atalanta,atalanta,1907.0,21300.0,Italian Serie A,119.0,2,-2,Derrota_Local,2
23/10/2022,Roma,Napoli,0,1,A,6,12,0,5,3,4,roma,,1900.0,38279.0,Liga_Desconocida,126.0,1,-1,Derrota_Local,0
24/10/2022,Cremonese,Sampdoria,0,1,A,21,8,4,4,5,1,cremonese,,1900.0,38279.0,Liga_Desconocida,126.0,1,-1,Derrota_Local,0
24/10/2022,Sassuolo,Verona,2,1,H,14,13,3,5,4,5,sassuolo,,1900.0,38279.0,Liga_Desconocida,126.0,3,1,Victoria_Local,0
29/10/2022,Napoli,Sassuolo,4,0,H,18,10,6,6,11,5,napoli,,1900.0,38279.0,Liga_Desconocida,126.0,4,4,Victoria_Local,1
29/10/2022,Lecce,Juventus,0,1,A,5,13,0,5,7,7,lecce,,1900.0,38279.0,Liga_Desconocida,126.0,1,-1,Derrota_Local,0
29/10/2022,Inter,Sampdoria,3,0,H,17,9,8,2,3,3,inter,,1900.0,38279.0,Liga_Desconocida,126.0,3,3,Victoria_Local,1
30/10/2022,Empoli,Atalanta,0,2,A,13,20,3,6,7,2,empoli,,1900.0,38279.0,Liga_Desconocida,126.0,2,-2,Derrota_Local,2
30/10/2022,Cremonese,Udinese,0,0,D,13,13,2,3,7,4,cremonese,,1900.0,38279.0,Liga_Desconocida,126.0,0,0,Empate,0
30/10/2022,Spezia,Fiorentina,1,2,A,10,27,6,5,5,5,spezia,,1900.0,38279.0,Liga_Desconocida,126.0,3,-1,Derrota_Local,2
30/10/2022,Lazio,Salernitana,1,3,A,13,10,4,6,4,5,lazio,,1900.0,38279.0,Liga_Desconocida,126.0,4,-2,Derrota_Local,2
30/10/2022,Torino,Milan,2,1,H,7,12,4,1,6,1,torino,,1900.0,38279.0,Liga_Desconocida,126.0,3,1,Victoria_Local,0
31/10/2022,Verona,Roma,1,3,A,7,14,3,6,2,4,verona,,1900.0,38279.0,Liga_Desconocida,126.0,4,-2,Derrota_Local,2
31/10/2022,Monza,Bologna,1,2,A,9,10,3,5,4,5,monza,,1900.0,38279.0,Liga_Desconocida,126.0,3,-1,Derrota_Local,2
04/11/2022,Udinese,Lecce,1,1,D,16,9,5,1,3,2,udinese,,1900.0,38279.0,Liga_Desconocida,126.0,2,0,Empate,0
05/11/2022,Empoli,Sassuolo,1,0,H,17,10,1,3,3,6,empoli,,1900.0,38279.0,Liga_Desconocida,126.0,1,1,Victoria_Local,0
05/11/2022,Salernitana,Cremonese,2,2,D,11,11,2,5,2,2,salernitana,,1900.0,38279.0,Liga_Desconocida,126.0,4,0,Empate,2
05/11/2022,Atalanta,Napoli,1,2,A,17,7,4,5,5,2,atalanta,atalanta,1907.0,21300.0,Italian Serie A,119.0,3,-1,Derrota_Local,2
05/11/2022,Milan,Spezia,2,1,H,23,13,11,5,3,6,milan,milan,1899.0,80018.0,Italian Serie A,127.0,3,1,Victoria_Local,1
06/11/2022,Bologna,Torino,2,1,H,9,7,5,2,3,1,bologna,bologna,1909.0,38279.0,Italian Serie A,117.0,3,1,Victoria_Local,0
06/11/2022,Monza,Verona,2,0,H,14,7,3,2,5,2,monza,,1900.0,38279.0,Liga_Desconocida,126.0,2,2,Victoria_Local,0
06/11/2022,Sampdoria,Fiorentina,0,2,A,14,5,2,4,4,4,sampdoria,,1900.0,38279.0,Liga_Desconocida,126.0,2,-2,Derrota_Local,2
06/11/2022,Roma,Lazio,0,1,A,8,5,2,3,4,2,roma,,1900.0,38279.0,Liga_Desconocida,126.0,1,-1,Derrota_Local,0
06/11/2022,Juventus,Inter,2,0,H,8,14,3,4,2,8,juventus,juventus,1897.0,41507.0,Italian Serie A,129.0,2,2,Victoria_Local,0
08/11/2022,Napoli,Empoli,2,0,H,18,6,4,1,5,0,napoli,,1900.0,38279.0,Liga_Desconocida,126.0,2,2,Victoria_Local,0
08/11/2022,Spezia,Udinese,1,1,D,21,10,6,2,9,0,spezia,,1900.0,38279.0,Liga_Desconocida,126.0,2,0,Empate,0
08/11/2022,Cremonese,Milan,0,0,D,6,16,1,5,2,4,cremonese,,1900.0,38279.0,Liga_Desconocida,126.0,0,0,Empate,0
09/11/2022,Lecce,Atalanta,2,1,H,15,12,3,4,4,3,lecce,,1900.0,38279.0,Liga_Desconocida,126.0,3,1,Victoria_Local,0
09/11/2022,Sassuolo,Roma,1,1,D,14,10,6,4,3,2,sassuolo,,1900.0,38279.0,Liga_Desconocida,126.0,2,0,Empate,0
09/11/2022,Fiorentina,Salernitana,2,1,H,18,4,7,1,4,3,fiorentina,fiorentina,1926.0,43147.0,Italian Serie A,100.0,3,1,Victoria_Local,0
09/11/2022,Inter,Bologna,6,1,H,13,10,7,4,4,4,inter,,1900.0,38279.0,Liga_Desconocida,126.0,7,5,Victoria_Local,1
09/11/2022,Torino,Sampdoria,2,0,H,8,11,5,1,4,3,torino,,1900.0,38279.0,Liga_Desconocida,126.0,2,2,Victoria_Local,0
10/11/2022,Verona,Juventus,0,1,A,15,11,2,3,5,4,verona,,1900.0,38279.0,Liga_Desconocida,126.0,1,-1,Derrota_Local,0
10/11/2022,Lazio,Monza,1,0,H,12,8,4,0,4,3,lazio,,1900.0,38279.0,Liga_Desconocida,126.0,1,1,Victoria_Local,0
11/11/2022,Empoli,Cremonese,2,0,H,13,19,6,5,4,9,empoli,,1900.0,38279.0,Liga_Desconocida,126.0,2,2,Victoria_Local,0
12/11/2022,Napoli,Udinese,3,2,H,15,10,5,4,5,3,napoli,,1900.0,38279.0,Liga_Desconocida,126.0,5,1,Victoria_Local,1
12/11/2022,Sampdoria,Lecce,0,2,A,11,11,2,3,9,0,sampdoria,,1900.0,38279.0,Liga_Desconocida,126.0,2,-2,Derrota_Local,2
12/11/2022,Bologna,Sassuolo,3,0,H,8,9,4,3,4,6,bologna,bologna,1909.0,38279.0,Italian Serie A,117.0,3,3,Victoria_Local,1
13/11/2022,Atalanta,Inter,2,3,A,19,14,7,3,5,4,atalanta,atalanta,1907.0,21300.0,Italian Serie A,119.0,5,-1,Derrota_Local,2
13/11/2022,Monza,Salernitana,3,0,H,19,5,7,0,6,1,monza,,1900.0,38279.0,Liga_Desconocida,126.0,3,3,Victoria_Local,1
13/11/2022,Roma,Torino,1,1,D,13,10,4,2,7,0,roma,,1900.0,38279.0,Liga_Desconocida,126.0,2,0,Empate,0
13/11/2022,Verona,Spezia,1,2,A,18,16,5,9,2,10,verona,,1900.0,38279.0,Liga_Desconocida,126.0,3,-1,Derrota_Local,2
13/11/2022,Milan,Fiorentina,2,1,H,12,11,3,5,5,7,milan,milan,1899.0,80018.0,Italian Serie A,127.0,3,1,Victoria_Local,1
13/11/2022,Juventus,Lazio,3,0,H,13,10,9,3,2,6,juventus,juventus,1897.0,41507.0,Italian Serie A,129.0,3,3,Victoria_Local,1
04/01/2023,Salernitana,Milan,1,2,A,8,16,1,10,6,2,salernitana,,1900.0,38279.0,Liga_Desconocida,126.0,3,-1,Derrota_Local,2
04/01/2023,Sassuolo,Sampdoria,1,2,A,16,9,4,4,9,1,sassuolo,,1900.0,38279.0,Liga_Desconocida,126.0,3,-1,Derrota_Local,2
04/01/2023,Spezia,Atalanta,2,2,D,7,19,3,3,3,8,spezia,,1900.0,38279.0,Liga_Desconocida,126.0,4,0,Empate,2
04/01/2023,Torino,Verona,1,1,D,9,10,3,2,6,3,torino,,1900.0,38279.0,Liga_Desconocida,126.0,2,0,Empate,0
04/01/2023,Lecce,Lazio,2,1,H,11,8,4,2,4,3,lecce,,1900.0,38279.0,Liga_Desconocida,126.0,3,1,Victoria_Local,0
04/01/2023,Roma,Bologna,1,0,H,14,10,4,2,3,3,roma,,1900.0,38279.0,Liga_Desconocida,126.0,1,1,Victoria_Local,0
04/01/2023,Cremonese,Juventus,0,1,A,13,19,3,8,3,8,cremonese,,1900.0,38279.0,Liga_Desconocida,126.0,1,-1,Derrota_Local,0
04/01/2023,Fiorentina,Monza,1,1,D,22,10,6,3,9,1,fiorentina,fiorentina,1926.0,43147.0,Italian Serie A,100.0,2,0,Empate,0
04/01/2023,Inter,Napoli,1,0,H,6,9,1,2,5,4,inter,,1900.0,38279.0,Liga_Desconocida,126.0,1,1,Victoria_Local,0
04/01/2023,Udinese,Empoli,1,1,D,21,6,3,1,8,1,udinese,,1900.0,38279.0,Liga_Desconocida,126.0,2,0,Empate,0
07/01/2023,Fiorentina,Sassuolo,2,1,H,14,17,5,4,6,3,fiorentina,fiorentina,1926.0,43147.0,Italian Serie A,100.0,3,1,Victoria_Local,0
07/01/2023,Juventus,Udinese,1,0,H,14,11,4,3,6,4,juventus,juventus,1897.0,41507.0,Italian Serie A,129.0,1,1,Victoria_Local,0
07/01/2023,Monza,Inter,2,2,D,13,11,4,3,3,5,monza,,1900.0,38279.0,Liga_Desconocida,126.0,4,0,Empate,2
08/01/2023,Salernitana,Torino,1,1,D,11,23,4,8,6,7,salernitana,,1900.0,38279.0,Liga_Desconocida,126.0,2,0,Empate,0
08/01/2023,Lazio,Empoli,2,2,D,18,5,4,2,10,3,lazio,,1900.0,38279.0,Liga_Desconocida,126.0,4,0,Empate,2
08/01/2023,Spezia,Lecce,0,0,D,10,15,2,4,5,7,spezia,,1900.0,38279.0,Liga_Desconocida,126.0,0,0,Empate,0
08/01/2023,Sampdoria,Napoli,0,2,A,9,24,2,8,2,5,sampdoria,,1900.0,38279.0,Liga_Desconocida,126.0,2,-2,Derrota_Local,2
08/01/2023,Milan,Roma,2,2,D,12,12,5,3,3,4,milan,milan,1899.0,80018.0,Italian Serie A,127.0,4,0,Empate,1
09/01/2023,Verona,Cremonese,2,0,H,9,15,4,5,3,5,verona,,1900.0,38279.0,Liga_Desconocida,126.0,2,2,Victoria_Local,0
09/01/2023,Bologna,Atalanta,1,2,A,12,7,3,3,4,0,bologna,bologna,1909.0,38279.0,Italian Serie A,117.0,3,-1,Derrota_Local,2
13/01/2023,Napoli,Juventus,5,1,H,14,11,10,2,2,5,napoli,,1900.0,38279.0,Liga_Desconocida,126.0,6,4,Victoria_Local,1
14/01/2023,Cremonese,Monza,2,3,A,11,8,7,3,4,2,cremonese,,1900.0,38279.0,Liga_Desconocida,126.0,5,-1,Derrota_Local,2
14/01/2023,Lecce,Milan,2,2,D,17,12,3,5,8,4,lecce,,1900.0,38279.0,Liga_Desconocida,126.0,4,0,Empate,2
14/01/2023,Inter,Verona,1,0,H,11,6,3,1,3,4,inter,,1900.0,38279.0,Liga_Desconocida,126.0,1,1,Victoria_Local,0
15/01/2023,Sassuolo,Lazio,0,2,A,12,12,2,3,7,3,sassuolo,,1900.0,38279.0,Liga_Desconocida,126.0,2,-2,Derrota_Local,2
15/01/2023,Torino,Spezia,0,1,A,11,13,4,5,7,2,torino,,1900.0,38279.0,Liga_Desconocida,126.0,1,-1,Derrota_Local,0
15/01/2023,Udinese,Bologna,1,2,A,20,15,4,2,6,4,udinese,,1900.0,38279.0,Liga_Desconocida,126.0,3,-1,Derrota_Local,2
15/01/2023,Atalanta,Salernitana,8,2,H,19,7,13,2,5,2,atalanta,atalanta,1907.0,21300.0,Italian Serie A,119.0,10,6,Victoria_Local,1
15/01/2023,Roma,Fiorentina,2,0,H,10,7,4,3,5,9,roma,,1900.0,38279.0,Liga_Desconocida,126.0,2,2,Victoria_Local,0
16/01/2023,Empoli,Sampdoria,1,0,H,16,16,5,7,3,3,empoli,,1900.0,38279.0,Liga_Desconocida,126.0,1,1,Victoria_Local,0
21/01/2023,Verona,Lecce,2,0,H,11,9,4,3,5,4,verona,,1900.0,38279.0,Liga_Desconocida,126.0,2,2,Victoria_Local,0
21/01/2023,Salernitana,Napoli,0,2,A,5,9,2,4,3,4,salernitana,,1900.0,38279.0,Liga_Desconocida,126.0,2,-2,Derrota_Local,2
21/01/2023,Fiorentina,Torino,0,1,A,19,9,5,3,5,3,fiorentina,fiorentina,1926.0,43147.0,Italian Serie A,100.0,1,-1,Derrota_Local,0
22/01/2023,Sampdoria,Udinese,0,1,A,9,14,1,5,6,6,sampdoria,,1900.0,38279.0,Liga_Desconocida,126.0,1,-1,Derrota_Local,0
22/01/2023,Monza,Sassuolo,1,1,D,14,13,3,1,10,4,monza,,1900.0,38279.0,Liga_Desconocida,126.0,2,0,Empate,0
22/01/2023,Spezia,Roma,0,2,A,8,13,0,3,4,0,spezia,,1900.0,38279.0,Liga_Desconocida,126.0,2,-2,Derrota_Local,2
22/01/2023,Juventus,Atalanta,3,3,D,15,14,8,4,6,4,juventus,juventus,1897.0,41507.0,Italian Serie A,129.0,6,0,Empate,2
23/01/2023,Bologna,Cremonese,1,1,D,21,9,8,2,4,1,bologna,bologna,1909.0,38279.0,Italian Serie A,117.0,2,0,Empate,0
23/01/2023,Inter,Empoli,0,1,A,16,13,1,8,2,3,inter,,1900.0,38279.0,Liga_Desconocida,126.0,1,-1,Derrota_Local,0
24/01/2023,Lazio,Milan,4,0,H,10,10,5,3,3,4,lazio,,1900.0,38279.0,Liga_Desconocida,126.0,4,4,Victoria_Local,1
27/01/2023,Bologna,Spezia,2,0,H,18,6,6,4,5,5,bologna,bologna,1909.0,38279.0,Italian Serie A,117.0,2,2,Victoria_Local,0
27/01/2023,Lecce,Salernitana,1,2,A,15,10,5,6,4,4,lecce,,1900.0,38279.0,Liga_Desconocida,126.0,3,-1,Derrota_Local,2
28/01/2023,Empoli,Torino,2,2,D,11,16,4,4,5,5,empoli,,1900.0,38279.0,Liga_Desconocida,126.0,4,0,Empate,2
28/01/2023,Cremonese,Inter,1,2,A,12,30,4,10,2,14,cremonese,,1900.0,38279.0,Liga_Desconocida,126.0,3,-1,Derrota_Local,2
28/01/2023,Atalanta,Sampdoria,2,0,H,21,15,5,5,7,4,atalanta,atalanta,1907.0,21300.0,Italian Serie A,119.0,2,2,Victoria_Local,0
29/01/2023,Milan,Sassuolo,2,5,A,10,9,5,7,2,3,milan,milan,1899.0,80018.0,Italian Serie A,127.0,7,-3,Derrota_Local,2
29/01/2023,Juventus,Monza,0,2,A,22,3,8,3,12,1,juventus,juventus,1897.0,41507.0,Italian Serie A,129.0,2,-2,Derrota_Local,2
29/01/2023,Lazio,Fiorentina,1,1,D,13,17,1,6,3,4,lazio,,1900.0,38279.0,Liga_Desconocida,126.0,2,0,Empate,0
29/01/2023,Napoli,Roma,2,1,H,11,11,6,3,3,8,napoli,,1900.0,38279.0,Liga_Desconocida,126.0,3,1,Victoria_Local,0
30/01/2023,Udinese,Verona,1,1,D,26,10,8,2,14,6,udinese,,1900.0,38279.0,Liga_Desconocida,126.0,2,0,Empate,0
04/02/2023,Cremonese,Lecce,0,2,A,12,9,3,4,4,8,cremonese,,1900.0,38279.0,Liga_Desconocida,126.0,2,-2,Derrota_Local,2
04/02/2023,Roma,Empoli,2,0,H,12,11,6,2,7,7,roma,,1900.0,38279.0,Liga_Desconocida,126.0,2,2,Victoria_Local,0
04/02/2023,Sassuolo,Atalanta,1,0,H,18,7,8,2,2,7,sassuolo,,1900.0,38279.0,Liga_Desconocida,126.0,1,1,Victoria_Local,0
05/02/2023,Spezia,Napoli,0,3,A,9,12,3,5,3,6,spezia,,1900.0,38279.0,Liga_Desconocida,126.0,3,-3,Derrota_Local,2
05/02/2023,Torino,Udinese,1,0,H,11,11,3,3,6,5,torino,,1900.0,38279.0,Liga_Desconocida,126.0,1,1,Victoria_Local,0
05/02/2023,Fiorentina,Bologna,1,2,A,18,11,6,7,5,3,fiorentina,fiorentina,1926.0,43147.0,Italian Serie A,100.0,3,-1,Derrota_Local,2
05/02/2023,Inter,Milan,1,0,H,15,4,4,0,8,0,inter,,1900.0,38279.0,Liga_Desconocida,126.0,1,1,Victoria_Local,0
06/02/2023,Verona,Lazio,1,1,D,15,9,4,2,6,5,verona,,1900.0,38279.0,Liga_Desconocida,126.0,2,0,Empate,0
06/02/2023,Monza,Sampdoria,2,2,D,17,11,5,6,9,3,monza,,1900.0,38279.0,Liga_Desconocida,126.0,4,0,Empate,2
07/02/2023,Salernitana,Juventus,0,3,A,10,17,1,5,6,3,salernitana,,1900.0,38279.0,Liga_Desconocida,126.0,3,-3,Derrota_Local,2
10/02/2023,Milan,Torino,1,0,H,9,12,4,2,3,8,milan,milan,1899.0,80018.0,Italian Serie A,127.0,1,1,Victoria_Local,1
11/02/2023,Empoli,Spezia,2,2,D,25,9,8,3,7,3,empoli,,1900.0,38279.0,Liga_Desconocida,126.0,4,0,Empate,2
11/02/2023,Lecce,Roma,1,1,D,8,12,3,5,3,7,lecce,,1900.0,38279.0,Liga_Desconocida,126.0,2,0,Empate,0
11/02/2023,Lazio,Atalanta,0,2,A,13,23,5,10,5,7,lazio,,1900.0,38279.0,Liga_Desconocida,126.0,2,-2,Derrota_Local,2
12/02/2023,Udinese,Sassuolo,2,2,D,17,6,8,1,10,7,udinese,,1900.0,38279.0,Liga_Desconocida,126.0,4,0,Empate,2
12/02/2023,Bologna,Monza,0,1,A,12,5,3,4,3,2,bologna,bologna,1909.0,38279.0,Italian Serie A,117.0,1,-1,Derrota_Local,0
12/02/2023,Juventus,Fiorentina,1,0,H,7,11,3,2,5,6,juventus,juventus,1897.0,41507.0,Italian Serie A,129.0,1,1,Victoria_Local,0
12/02/2023,Napoli,Cremonese,3,0,H,15,6,10,1,9,7,napoli,,1900.0,38279.0,Liga_Desconocida,126.0,3,3,Victoria_Local,1
13/02/2023,Verona,Salernitana,1,0,H,14,8,4,3,5,1,verona,,1900.0,38279.0,Liga_Desconocida,126.0,1,1,Victoria_Local,0
13/02/2023,Sampdoria,Inter,0,0,D,7,25,2,5,3,7,sampdoria,,1900.0,38279.0,Liga_Desconocida,126.0,0,0,Empate,0
17/02/2023,Sassuolo,Napoli,0,2,A,11,15,2,4,1,3,sassuolo,,1900.0,38279.0,Liga_Desconocida,126.0,2,-2,Derrota_Local,2
18/02/2023,Sampdoria,Bologna,1,2,A,9,12,4,5,1,8,sampdoria,,1900.0,38279.0,Liga_Desconocida,126.0,3,-1,Derrota_Local,2
18/02/2023,Monza,Milan,0,1,A,11,14,5,8,10,3,monza,,1900.0,38279.0,Liga_Desconocida,126.0,1,-1,Derrota_Local,0
18/02/2023,Inter,Udinese,3,1,H,19,9,7,1,3,8,inter,,1900.0,38279.0,Liga_Desconocida,126.0,4,2,Victoria_Local,1
19/02/2023,Atalanta,Lecce,1,2,A,20,4,10,2,6,1,atalanta,atalanta,1907.0,21300.0,Italian Serie A,119.0,3,-1,Derrota_Local,2
19/02/2023,Fiorentina,Empoli,1,1,D,27,5,4,3,13,1,fiorentina,fiorentina,1926.0,43147.0,Italian Serie A,100.0,2,0,Empate,0
19/02/2023,Salernitana,Lazio,0,2,A,9,21,2,7,2,9,salernitana,,1900.0,38279.0,Liga_Desconocida,126.0,2,-2,Derrota_Local,2
19/02/2023,Spezia,Juventus,0,2,A,18,15,7,3,7,4,spezia,,1900.0,38279.0,Liga_Desconocida,126.0,2,-2,Derrota_Local,2
19/02/2023,Roma,Verona,1,0,H,9,7,5,1,5,1,roma,,1900.0,38279.0,Liga_Desconocida,126.0,1,1,Victoria_Local,0
20/02/2023,Torino,Cremonese,2,2,D,16,11,6,2,5,1,torino,,1900.0,38279.0,Liga_Desconocida,126.0,4,0,Empate,2
25/02/2023,Empoli,Napoli,0,2,A,9,19,2,6,4,13,empoli,,1900.0,38279.0,Liga_Desconocida,126.0,2,-2,Derrota_Local,2
25/02/2023,Lecce,Sassuolo,0,1,A,16,7,0,3,4,7,lecce,,1900.0,38279.0,Liga_Desconocida,126.0,1,-1,Derrota_Local,0
26/02/2023,Bologna,Inter,1,0,H,14,13,5,4,1,6,bologna,bologna,1909.0,38279.0,Italian Serie A,117.0,1,1,Victoria_Local,0
26/02/2023,Salernitana,Monza,3,0,H,12,14,5,3,1,3,salernitana,,1900.0,38279.0,Liga_Desconocida,126.0,3,3,Victoria_Local,1
26/02/2023,Udinese,Spezia,2,2,D,15,9,6,2,5,2,udinese,,1900.0,38279.0,Liga_Desconocida,126.0,4,0,Empate,2
26/02/2023,Milan,Atalanta,2,0,H,13,3,3,0,4,3,milan,milan,1899.0,80018.0,Italian Serie A,127.0,2,2,Victoria_Local,1
27/02/2023,Verona,Fiorentina,0,3,A,12,16,3,7,4,2,verona,,1900.0,38279.0,Liga_Desconocida,126.0,3,-3,Derrota_Local,2
27/02/2023,Lazio,Sampdoria,1,0,H,15,8,4,2,8,3,lazio,,1900.0,38279.0,Liga_Desconocida,126.0,1,1,Victoria_Local,0
28/02/2023,Cremonese,Roma,2,1,H,6,10,2,3,3,3,cremonese,,1900.0,38279.0,Liga_Desconocida,126.0,3,1,Victoria_Local,0
28/02/2023,Juventus,Torino,4,2,H,13,8,6,3,3,7,juventus,juventus,1897.0,41507.0,Italian Serie A,129.0,6,2,Victoria_Local,1
03/03/2023,Napoli,Lazio,0,1,A,14,5,2,2,8,3,napoli,,1900.0,38279.0,Liga_Desconocida,126.0,1,-1,Derrota_Local,0
04/03/2023,Monza,Empoli,2,1,H,10,18,3,3,1,8,monza,,1900.0,38279.0,Liga_Desconocida,126.0,3,1,Victoria_Local,0
04/03/2023,Atalanta,Udinese,0,0,D,17,5,5,1,12,3,atalanta,atalanta,1907.0,21300.0,Italian Serie A,119.0,0,0,Empate,0
04/03/2023,Fiorentina,Milan,2,1,H,16,8,8,6,11,5,fiorentina,fiorentina,1926.0,43147.0,Italian Serie A,100.0,3,1,Victoria_Local,0
05/03/2023,Spezia,Verona,0,0,D,20,11,4,3,9,5,spezia,,1900.0,38279.0,Liga_Desconocida,126.0,0,0,Empate,0
05/03/2023,Sampdoria,Salernitana,0,0,D,9,10,3,4,2,6,sampdoria,,1900.0,38279.0,Liga_Desconocida,126.0,0,0,Empate,0
05/03/2023,Inter,Lecce,2,0,H,14,11,4,1,6,4,inter,,1900.0,38279.0,Liga_Desconocida,126.0,2,2,Victoria_Local,0
05/03/2023,Roma,Juventus,1,0,H,6,14,2,5,2,6,roma,,1900.0,38279.0,Liga_Desconocida,126.0,1,1,Victoria_Local,0
06/03/2023,Sassuolo,Cremonese,3,2,H,13,13,7,6,4,3,sassuolo,,1900.0,38279.0,Liga_Desconocida,126.0,5,1,Victoria_Local,1
06/03/2023,Torino,Bologna,1,0,H,12,11,5,1,3,3,torino,,1900.0,38279.0,Liga_Desconocida,126.0,1,1,Victoria_Local,0
10/03/2023,Spezia,Inter,2,1,H,4,28,2,7,1,13,spezia,,1900.0,38279.0,Liga_Desconocida,126.0,3,1,Victoria_Local,0
11/03/2023,Empoli,Udinese,0,1,A,17,14,3,4,11,5,empoli,,1900.0,38279.0,Liga_Desconocida,126.0,1,-1,Derrota_Local,0
11/03/2023,Napoli,Atalanta,2,0,H,18,6,6,3,10,4,napoli,,1900.0,38279.0,Liga_Desconocida,126.0,2,2,Victoria_Local,0
11/03/2023,Bologna,Lazio,0,0,D,16,5,2,2,5,2,bologna,bologna,1909.0,38279.0,Italian Serie A,117.0,0,0,Empate,0
12/03/2023,Lecce,Torino,0,2,A,13,4,1,2,9,1,lecce,,1900.0,38279.0,Liga_Desconocida,126.0,2,-2,Derrota_Local,2
12/03/2023,Cremonese,Fiorentina,0,2,A,16,10,5,3,1,6,cremonese,,1900.0,38279.0,Liga_Desconocida,126.0,2,-2,Derrota_Local,2
12/03/2023,Verona,Monza,1,1,D,8,9,3,3,7,2,verona,,1900.0,38279.0,Liga_Desconocida,126.0,2,0,Empate,0
12/03/2023,Roma,Sassuolo,3,4,A,17,19,7,10,7,2,roma,,1900.0,38279.0,Liga_Desconocida,126.0,7,-1,Derrota_Local,2
12/03/2023,Juventus,Sampdoria,4,2,H,24,9,8,3,11,3,juventus,juventus,1897.0,41507.0,Italian Serie A,129.0,6,2,Victoria_Local,1
13/03/2023,Milan,Salernitana,1,1,D,24,6,4,3,6,4,milan,milan,1899.0,80018.0,Italian Serie A,127.0,2,0,Empate,1
17/03/2023,Sassuolo,Spezia,1,0,H,15,11,6,1,3,3,sassuolo,,1900.0,38279.0,Liga_Desconocida,126.0,1,1,Victoria_Local,0
17/03/2023,Atalanta,Empoli,2,1,H,27,5,6,2,13,2,atalanta,atalanta,1907.0,21300.0,Italian Serie A,119.0,3,1,Victoria_Local,0
18/03/2023,Monza,Cremonese,1,1,D,15,8,7,2,8,4,monza,,1900.0,38279.0,Liga_Desconocida,126.0,2,0,Empate,0
18/03/2023,Salernitana,Bologna,2,2,D,14,10,4,2,5,4,salernitana,,1900.0,38279.0,Liga_Desconocida,126.0,4,0,Empate,2
18/03/2023,Udinese,Milan,3,1,H,14,10,5,6,5,6,udinese,,1900.0,38279.0,Liga_Desconocida,126.0,4,2,Victoria_Local,1
19/03/2023,Sampdoria,Verona,3,1,H,11,16,4,6,5,8,sampdoria,,1900.0,38279.0,Liga_Desconocida,126.0,4,2,Victoria_Local,1
19/03/2023,Fiorentina,Lecce,1,0,H,18,8,3,2,1,3,fiorentina,fiorentina,1926.0,43147.0,Italian Serie A,100.0,1,1,Victoria_Local,0
19/03/2023,Torino,Napoli,0,4,A,12,12,2,6,5,4,torino,,1900.0,38279.0,Liga_Desconocida,126.0,4,-4,Derrota_Local,2
19/03/2023,Lazio,Roma,1,0,H,12,8,5,3,5,2,lazio,,1900.0,38279.0,Liga_Desconocida,126.0,1,1,Victoria_Local,0
19/03/2023,Inter,Juventus,0,1,A,18,7,3,3,6,4,inter,,1900.0,38279.0,Liga_Desconocida,126.0,1,-1,Derrota_Local,0
01/04/2023,Cremonese,Atalanta,1,3,A,15,12,4,4,0,6,cremonese,,1900.0,38279.0,Liga_Desconocida,126.0,4,-2,Derrota_Local,2
01/04/2023,Inter,Fiorentina,0,1,A,16,19,3,3,10,8,inter,,1900.0,38279.0,Liga_Desconocida,126.0,1,-1,Derrota_Local,0
01/04/2023,Juventus,Verona,1,0,H,10,9,2,3,3,5,juventus,juventus,1897.0,41507.0,Italian Serie A,129.0,1,1,Victoria_Local,0
02/04/2023,Bologna,Udinese,3,0,H,11,15,4,5,2,7,bologna,bologna,1909.0,38279.0,Italian Serie A,117.0,3,3,Victoria_Local,1
02/04/2023,Monza,Lazio,0,2,A,11,8,3,4,8,3,monza,,1900.0,38279.0,Liga_Desconocida,126.0,2,-2,Derrota_Local,2
02/04/2023,Spezia,Salernitana,1,1,D,14,12,3,2,9,5,spezia,,1900.0,38279.0,Liga_Desconocida,126.0,2,0,Empate,0
02/04/2023,Roma,Sampdoria,3,0,H,28,6,11,3,10,3,roma,,1900.0,38279.0,Liga_Desconocida,126.0,3,3,Victoria_Local,1
02/04/2023,Napoli,Milan,0,4,A,20,14,4,8,10,4,napoli,,1900.0,38279.0,Liga_Desconocida,126.0,4,-4,Derrota_Local,2
03/04/2023,Empoli,Lecce,1,0,H,14,5,7,0,3,4,empoli,,1900.0,38279.0,Liga_Desconocida,126.0,1,1,Victoria_Local,0
03/04/2023,Sassuolo,Torino,1,1,D,12,16,4,2,6,7,sassuolo,,1900.0,38279.0,Liga_Desconocida,126.0,2,0,Empate,0
07/04/2023,Salernitana,Inter,1,1,D,11,25,3,11,2,8,salernitana,,1900.0,38279.0,Liga_Desconocida,126.0,2,0,Empate,0
07/04/2023,Lecce,Napoli,1,2,A,11,9,3,3,5,4,lecce,,1900.0,38279.0,Liga_Desconocida,126.0,3,-1,Derrota_Local,2
07/04/2023,Milan,Empoli,0,0,D,23,2,4,1,9,0,milan,milan,1899.0,80018.0,Italian Serie A,127.0,0,0,Empate,1
08/04/2023,Udinese,Monza,2,2,D,14,12,5,5,4,2,udinese,,1900.0,38279.0,Liga_Desconocida,126.0,4,0,Empate,2
08/04/2023,Fiorentina,Spezia,1,1,D,19,4,4,3,8,4,fiorentina,fiorentina,1926.0,43147.0,Italian Serie A,100.0,2,0,Empate,0
08/04/2023,Atalanta,Bologna,0,2,A,15,13,6,6,6,0,atalanta,atalanta,1907.0,21300.0,Italian Serie A,119.0,2,-2,Derrota_Local,2
08/04/2023,Sampdoria,Cremonese,2,3,A,13,17,9,4,3,3,sampdoria,,1900.0,38279.0,Liga_Desconocida,126.0,5,-1,Derrota_Local,2
08/04/2023,Torino,Roma,0,1,A,7,9,1,1,7,4,torino,,1900.0,38279.0,Liga_Desconocida,126.0,1,-1,Derrota_Local,0
08/04/2023,Verona,Sassuolo,2,1,H,11,17,3,5,4,10,verona,,1900.0,38279.0,Liga_Desconocida,126.0,3,1,Victoria_Local,0
08/04/2023,Lazio,Juventus,2,1,H,9,11,4,4,6,6,lazio,,1900.0,38279.0,Liga_Desconocida,126.0,3,1,Victoria_Local,0
14/04/2023,Cremonese,Empoli,1,0,H,14,15,5,1,3,8,cremonese,,1900.0,38279.0,Liga_Desconocida,126.0,1,1,Victoria_Local,0
14/04/2023,Spezia,Lazio,0,3,A,6,13,2,7,2,3,spezia,,1900.0,38279.0,Liga_Desconocida,126.0,3,-3,Derrota_Local,2
15/04/2023,Bologna,Milan,1,1,D,6,19,2,5,2,6,bologna,bologna,1909.0,38279.0,Italian Serie A,117.0,2,0,Empate,0
15/04/2023,Napoli,Verona,0,0,D,9,5,1,2,4,0,napoli,,1900.0,38279.0,Liga_Desconocida,126.0,0,0,Empate,0
15/04/2023,Inter,Monza,0,1,A,25,7,6,2,5,2,inter,,1900.0,38279.0,Liga_Desconocida,126.0,1,-1,Derrota_Local,0
16/04/2023,Lecce,Sampdoria,1,1,D,30,8,11,2,11,8,lecce,,1900.0,38279.0,Liga_Desconocida,126.0,2,0,Empate,0
16/04/2023,Torino,Salernitana,1,1,D,16,8,5,1,4,2,torino,,1900.0,38279.0,Liga_Desconocida,126.0,2,0,Empate,0
16/04/2023,Sassuolo,Juventus,1,0,H,11,13,4,3,10,13,sassuolo,,1900.0,38279.0,Liga_Desconocida,126.0,1,1,Victoria_Local,0
16/04/2023,Roma,Udinese,3,0,H,12,10,7,2,6,2,roma,,1900.0,38279.0,Liga_Desconocida,126.0,3,3,Victoria_Local,1
17/04/2023,Fiorentina,Atalanta,1,1,D,18,6,7,1,5,1,fiorentina,fiorentina,1926.0,43147.0,Italian Serie A,100.0,2,0,Empate,0
21/04/2023,Verona,Bologna,2,1,H,9,17,5,7,4,2,verona,,1900.0,38279.0,Liga_Desconocida,126.0,3,1,Victoria_Local,0
22/04/2023,Salernitana,Sassuolo,3,0,H,13,11,5,2,4,8,salernitana,,1900.0,38279.0,Liga_Desconocida,126.0,3,3,Victoria_Local,1
22/04/2023,Lazio,Torino,0,1,A,10,7,5,3,3,4,lazio,,1900.0,38279.0,Liga_Desconocida,126.0,1,-1,Derrota_Local,0
22/04/2023,Sampdoria,Spezia,1,1,D,13,19,3,7,9,9,sampdoria,,1900.0,38279.0,Liga_Desconocida,126.0,2,0,Empate,0
23/04/2023,Empoli,Inter,0,3,A,11,16,3,4,5,4,empoli,,1900.0,38279.0,Liga_Desconocida,126.0,3,-3,Derrota_Local,2
23/04/2023,Monza,Fiorentina,3,2,H,13,10,5,5,5,3,monza,,1900.0,38279.0,Liga_Desconocida,126.0,5,1,Victoria_Local,1
23/04/2023,Udinese,Cremonese,3,0,H,17,12,9,2,3,8,udinese,,1900.0,38279.0,Liga_Desconocida,126.0,3,3,Victoria_Local,1
23/04/2023,Milan,Lecce,2,0,H,8,9,5,4,4,2,milan,milan,1899.0,80018.0,Italian Serie A,127.0,2,2,Victoria_Local,1
23/04/2023,Juventus,Napoli,0,1,A,7,17,4,6,3,6,juventus,juventus,1897.0,41507.0,Italian Serie A,129.0,1,-1,Derrota_Local,0
24/04/2023,Atalanta,Roma,3,1,H,7,14,4,1,3,4,atalanta,atalanta,1907.0,21300.0,Italian Serie A,119.0,4,2,Victoria_Local,0
28/04/2023,Lecce,Udinese,1,0,H,15,10,3,3,7,4,lecce,,1900.0,38279.0,Liga_Desconocida,126.0,1,1,Victoria_Local,0
28/04/2023,Spezia,Monza,0,2,A,12,8,4,4,3,3,spezia,,1900.0,38279.0,Liga_Desconocida,126.0,2,-2,Derrota_Local,2
29/04/2023,Roma,Milan,1,1,D,11,11,1,1,1,5,roma,,1900.0,38279.0,Liga_Desconocida,126.0,2,0,Empate,0
29/04/2023,Torino,Atalanta,1,2,A,4,9,4,5,3,3,torino,,1900.0,38279.0,Liga_Desconocida,126.0,3,-1,Derrota_Local,2
30/04/2023,Inter,Lazio,3,1,H,25,9,9,5,2,3,inter,,1900.0,38279.0,Liga_Desconocida,126.0,4,2,Victoria_Local,1
30/04/2023,Cremonese,Verona,1,1,D,12,14,5,6,3,5,cremonese,,1900.0,38279.0,Liga_Desconocida,126.0,2,0,Empate,0
30/04/2023,Napoli,Salernitana,1,1,D,24,5,8,2,10,0,napoli,,1900.0,38279.0,Liga_Desconocida,126.0,2,0,Empate,0
30/04/2023,Sassuolo,Empoli,2,1,H,13,7,4,1,7,5,sassuolo,,1900.0,38279.0,Liga_Desconocida,126.0,3,1,Victoria_Local,0
30/04/2023,Fiorentina,Sampdoria,5,0,H,23,4,10,1,11,0,fiorentina,fiorentina,1926.0,43147.0,Italian Serie A,100.0,5,5,Victoria_Local,1
30/04/2023,Bologna,Juventus,1,1,D,16,14,6,5,4,5,bologna,bologna,1909.0,38279.0,Italian Serie A,117.0,2,0,Empate,0
03/05/2023,Atalanta,Spezia,3,2,H,14,9,6,4,12,3,atalanta,atalanta,1907.0,21300.0,Italian Serie A,119.0,5,1,Victoria_Local,2
03/05/2023,Juventus,Lecce,2,1,H,16,14,4,5,6,7,juventus,juventus,1897.0,41507.0,Italian Serie A,129.0,3,1,Victoria_Local,0
03/05/2023,Salernitana,Fiorentina,3,3,D,4,12,3,3,2,3,salernitana,,1900.0,38279.0,Liga_Desconocida,126.0,6,0,Empate,2
03/05/2023,Sampdoria,Torino,0,2,A,7,12,0,4,2,3,sampdoria,,1900.0,38279.0,Liga_Desconocida,126.0,2,-2,Derrota_Local,2
03/05/2023,Lazio,Sassuolo,2,0,H,13,13,5,2,1,2,lazio,,1900.0,38279.0,Liga_Desconocida,126.0,2,2,Victoria_Local,0
03/05/2023,Milan,Cremonese,1,1,D,18,6,5,2,10,0,milan,milan,1899.0,80018.0,Italian Serie A,127.0,2,0,Empate,1
03/05/2023,Monza,Roma,1,1,D,8,14,4,8,4,3,monza,,1900.0,38279.0,Liga_Desconocida,126.0,2,0,Empate,0
03/05/2023,Verona,Inter,0,6,A,7,20,2,10,2,7,verona,,1900.0,38279.0,Liga_Desconocida,126.0,6,-6,Derrota_Local,2
04/05/2023,Empoli,Bologna,3,1,H,13,18,3,3,2,5,empoli,,1900.0,38279.0,Liga_Desconocida,126.0,4,2,Victoria_Local,1
04/05/2023,Udinese,Napoli,1,1,D,7,7,3,4,2,6,udinese,,1900.0,38279.0,Liga_Desconocida,126.0,2,0,Empate,0
06/05/2023,Milan,Lazio,2,0,H,10,8,3,0,6,4,milan,milan,1899.0,80018.0,Italian Serie A,127.0,2,2,Victoria_Local,1
06/05/2023,Roma,Inter,0,2,A,15,10,3,4,12,5,roma,,1900.0,38279.0,Liga_Desconocida,126.0,2,-2,Derrota_Local,2
06/05/2023,Cremonese,Spezia,2,0,H,9,18,4,8,3,13,cremonese,,1900.0,38279.0,Liga_Desconocida,126.0,2,2,Victoria_Local,0
07/05/2023,Atalanta,Juventus,0,2,A,24,10,1,5,7,3,atalanta,atalanta,1907.0,21300.0,Italian Serie A,119.0,2,-2,Derrota_Local,2
07/05/2023,Torino,Monza,1,1,D,14,10,5,8,7,4,torino,,1900.0,38279.0,Liga_Desconocida,126.0,2,0,Empate,0
07/05/2023,Napoli,Fiorentina,1,0,H,10,15,3,3,0,5,napoli,,1900.0,38279.0,Liga_Desconocida,126.0,1,1,Victoria_Local,0
07/05/2023,Lecce,Verona,0,1,A,15,9,2,3,4,4,lecce,,1900.0,38279.0,Liga_Desconocida,126.0,1,-1,Derrota_Local,0
08/05/2023,Empoli,Salernitana,2,1,H,11,13,4,2,8,7,empoli,,1900.0,38279.0,Liga_Desconocida,126.0,3,1,Victoria_Local,0
08/05/2023,Udinese,Sampdoria,2,0,H,13,11,6,3,7,3,udinese,,1900.0,38279.0,Liga_Desconocida,126.0,2,2,Victoria_Local,0
08/05/2023,Sassuolo,Bologna,1,1,D,6,12,2,3,4,4,sassuolo,,1900.0,38279.0,Liga_Desconocida,126.0,2,0,Empate,0
12/05/2023,Lazio,Lecce,2,2,D,20,13,6,4,2,3,lazio,,1900.0,38279.0,Liga_Desconocida,126.0,4,0,Empate,2
13/05/2023,Salernitana,Atalanta,1,0,H,10,13,4,3,5,3,salernitana,,1900.0,38279.0,Liga_Desconocida,126.0,1,1,Victoria_Local,0
13/05/2023,Spezia,Milan,2,0,H,14,14,4,3,6,9,spezia,,1900.0,38279.0,Liga_Desconocida,126.0,2,2,Victoria_Local,0
13/05/2023,Inter,Sassuolo,4,2,H,11,16,3,5,1,5,inter,,1900.0,38279.0,Liga_Desconocida,126.0,6,2,Victoria_Local,1
14/05/2023,Verona,Torino,0,1,A,14,15,4,8,3,4,verona,,1900.0,38279.0,Liga_Desconocida,126.0,1,-1,Derrota_Local,0
14/05/2023,Fiorentina,Udinese,2,0,H,18,5,3,1,3,3,fiorentina,fiorentina,1926.0,43147.0,Italian Serie A,100.0,2,2,Victoria_Local,0
14/05/2023,Monza,Napoli,2,0,H,10,20,4,7,6,10,monza,,1900.0,38279.0,Liga_Desconocida,126.0,2,2,Victoria_Local,0
14/05/2023,Bologna,Roma,0,0,D,12,7,3,2,3,6,bologna,bologna,1909.0,38279.0,Italian Serie A,117.0,0,0,Empate,0
14/05/2023,Juventus,Cremonese,2,0,H,24,3,7,2,7,0,juventus,juventus,1897.0,41507.0,Italian Serie A,129.0,2,2,Victoria_Local,0
15/05/2023,Sampdoria,Empoli,1,1,D,13,16,3,4,1,2,sampdoria,,1900.0,38279.0,Liga_Desconocida,126.0,2,0,Empate,0
19/05/2023,Sassuolo,Monza,1,2,A,13,16,4,5,6,3,sassuolo,,1900.0,38279.0,Liga_Desconocida,126.0,3,-1,Derrota_Local,2
20/05/2023,Cremonese,Bologna,1,5,A,13,19,2,9,3,9,cremonese,,1900.0,38279.0,Liga_Desconocida,126.0,6,-4,Derrota_Local,2
20/05/2023,Atalanta,Verona,3,1,H,13,10,5,2,6,3,atalanta,atalanta,1907.0,21300.0,Italian Serie A,119.0,4,2,Victoria_Local,0
20/05/2023,Milan,Sampdoria,5,1,H,19,6,9,3,7,2,milan,milan,1899.0,80018.0,Italian Serie A,127.0,6,4,Victoria_Local,1
21/05/2023,Lecce,Spezia,0,0,D,6,14,1,0,2,5,lecce,,1900.0,38279.0,Liga_Desconocida,126.0,0,0,Empate,0
21/05/2023,Torino,Fiorentina,1,1,D,10,8,4,1,3,3,torino,,1900.0,38279.0,Liga_Desconocida,126.0,2,0,Empate,0
21/05/2023,Napoli,Inter,3,1,H,22,6,9,2,4,1,napoli,,1900.0,38279.0,Liga_Desconocida,126.0,4,2,Victoria_Local,1
21/05/2023,Udinese,Lazio,0,1,A,12,14,2,4,3,8,udinese,,1900.0,38279.0,Liga_Desconocida,126.0,1,-1,Derrota_Local,0
22/05/2023,Roma,Salernitana,2,2,D,22,8,5,3,6,4,roma,,1900.0,38279.0,Liga_Desconocida,126.0,4,0,Empate,2
22/05/2023,Empoli,Juventus,4,1,H,14,19,7,4,3,7,empoli,,1900.0,38279.0,Liga_Desconocida,126.0,5,3,Victoria_Local,1
26/05/2023,Sampdoria,Sassuolo,2,2,D,17,22,3,8,8,4,sampdoria,,1900.0,38279.0,Liga_Desconocida,126.0,4,0,Empate,2
27/05/2023,Salernitana,Udinese,3,2,H,11,10,3,4,2,1,salernitana,,1900.0,38279.0,Liga_Desconocida,126.0,5,1,Victoria_Local,1
27/05/2023,Spezia,Torino,0,4,A,8,11,1,4,5,2,spezia,,1900.0,38279.0,Liga_Desconocida,126.0,4,-4,Derrota_Local,2
27/05/2023,Fiorentina,Roma,2,1,H,15,8,5,4,7,4,fiorentina,fiorentina,1926.0,43147.0,Italian Serie A,100.0,3,1,Victoria_Local,0
27/05/2023,Inter,Atalanta,3,2,H,20,11,11,3,9,7,inter,,1900.0,38279.0,Liga_Desconocida,126.0,5,1,Victoria_Local,1
28/05/2023,Verona,Empoli,1,1,D,13,13,4,3,3,3,verona,,1900.0,38279.0,Liga_Desconocida,126.0,2,0,Empate,0
28/05/2023,Bologna,Napoli,2,2,D,18,11,6,8,4,4,bologna,bologna,1909.0,38279.0,Italian Serie A,117.0,4,0,Empate,2
28/05/2023,Monza,Lecce,0,1,A,5,9,1,1,1,3,monza,,1900.0,38279.0,Liga_Desconocida,126.0,1,-1,Derrota_Local,0
28/05/2023,Lazio,Cremonese,3,2,H,12,11,8,5,4,3,lazio,,1900.0,38279.0,Liga_Desconocida,126.0,5,1,Victoria_Local,1
28/05/2023,Juventus,Milan,0,1,A,16,9,3,3,4,5,juventus,juventus,1897.0,41507.0,Italian Serie A,129.0,1,-1,Derrota_Local,0
02/06/2023,Sassuolo,Fiorentina,1,3,A,5,15,2,7,2,4,sassuolo,,1900.0,38279.0,Liga_Desconocida,126.0,4,-2,Derrota_Local,2
03/06/2023,Torino,Inter,0,1,A,17,14,5,4,6,4,torino,,1900.0,38279.0,Liga_Desconocida,126.0,1,-1,Derrota_Local,0
03/06/2023,Cremonese,Salernitana,2,0,H,12,11,4,1,4,6,cremonese,,1900.0,38279.0,Liga_Desconocida,126.0,2,2,Victoria_Local,0
03/06/2023,Empoli,Lazio,0,2,A,7,21,1,11,6,7,empoli,,1900.0,38279.0,Liga_Desconocida,126.0,2,-2,Derrota_Local,2
04/06/2023,Napoli,Sampdoria,2,0,H,21,6,9,4,11,0,napoli,,1900.0,38279.0,Liga_Desconocida,126.0,2,2,Victoria_Local,0
04/06/2023,Atalanta,Monza,5,2,H,20,8,10,4,5,1,atalanta,atalanta,1907.0,21300.0,Italian Serie A,119.0,7,3,Victoria_Local,1
04/06/2023,Lecce,Bologna,2,3,A,20,11,7,7,7,2,lecce,,1900.0,38279.0,Liga_Desconocida,126.0,5,-1,Derrota_Local,2
04/06/2023,Milan,Verona,3,1,H,14,6,5,1,7,1,milan,milan,1899.0,80018.0,Italian Serie A,127.0,4,2,Victoria_Local,1
04/06/2023,Roma,Spezia,2,1,H,19,8,5,2,6,2,roma,,1900.0,38279.0,Liga_Desconocida,126.0,3,1,Victoria_Local,0
04/06/2023,Udinese,Juventus,0,1,A,13,20,3,5,6,14,udinese,,1900.0,38279.0,Liga_Desconocida,126.0,1,-1,Derrota_Local,0
18/08/2023,Werder Bremen,Bayern Munich,0,4,A,6,25,1,10,0,6,werder bremen,,1900.0,38279.0,Liga_Desconocida,126.0,4,-4,Derrota_Local,2
19/08/2023,Augsburg,M'gladbach,4,4,D,20,9,8,6,8,7,augsburg,augsburg,1907.0,30660.0,German Bundesliga,119.0,8,0,Empate,2
19/08/2023,Hoffenheim,Freiburg,1,2,A,24,17,5,8,4,2,hoffenheim,hoffenheim,1899.0,30150.0,German Bundesliga,127.0,3,-1,Derrota_Local,2
19/08/2023,Leverkusen,RB Leipzig,3,2,H,11,13,7,6,4,5,leverkusen,,1900.0,38279.0,Liga_Desconocida,126.0,5,1,Victoria_Local,1
19/08/2023,Stuttgart,Bochum,5,0,H,19,4,9,1,7,0,stuttgart,,1900.0,38279.0,Liga_Desconocida,126.0,5,5,Victoria_Local,1
19/08/2023,Wolfsburg,Heidenheim,2,0,H,18,13,8,1,1,7,wolfsburg,,1900.0,38279.0,Liga_Desconocida,126.0,2,2,Victoria_Local,0
19/08/2023,Dortmund,FC Koln,1,0,H,12,11,2,4,6,3,dortmund,,1900.0,38279.0,Liga_Desconocida,126.0,1,1,Victoria_Local,0
20/08/2023,Union Berlin,Mainz,4,1,H,12,9,7,3,3,1,union berlin,,1900.0,38279.0,Liga_Desconocida,126.0,5,3,Victoria_Local,1
20/08/2023,Ein Frankfurt,Darmstadt,1,0,H,10,11,4,2,7,3,ein frankfurt,,1900.0,38279.0,Liga_Desconocida,126.0,1,1,Victoria_Local,0
25/08/2023,RB Leipzig,Stuttgart,5,1,H,20,8,11,3,4,4,rb leipzig,,1900.0,38279.0,Liga_Desconocida,126.0,6,4,Victoria_Local,1
26/08/2023,Bochum,Dortmund,1,1,D,17,13,6,3,5,4,bochum,,1900.0,38279.0,Liga_Desconocida,126.0,2,0,Empate,0
26/08/2023,Darmstadt,Union Berlin,1,4,A,18,12,6,6,3,5,darmstadt,,1900.0,38279.0,Liga_Desconocida,126.0,5,-3,Derrota_Local,2
26/08/2023,FC Koln,Wolfsburg,1,2,A,14,9,2,6,6,1,koln,,1900.0,38279.0,Liga_Desconocida,126.0,3,-1,Derrota_Local,2
26/08/2023,Freiburg,Werder Bremen,1,0,H,23,16,6,2,5,5,freiburg,freiburg,1904.0,24000.0,German Bundesliga,122.0,1,1,Victoria_Local,0
26/08/2023,Heidenheim,Hoffenheim,2,3,A,19,16,9,6,10,6,heidenheim,,1900.0,38279.0,Liga_Desconocida,126.0,5,-1,Derrota_Local,2
26/08/2023,M'gladbach,Leverkusen,0,3,A,13,24,2,10,5,8,mgladbach,,1900.0,38279.0,Liga_Desconocida,126.0,3,-3,Derrota_Local,2
27/08/2023,Mainz,Ein Frankfurt,1,1,D,13,8,7,2,5,4,mainz,,1900.0,38279.0,Liga_Desconocida,126.0,2,0,Empate,0
27/08/2023,Bayern Munich,Augsburg,3,1,H,19,11,6,2,10,4,bayern munich,bayern munich,1900.0,75024.0,German Bundesliga,126.0,4,2,Victoria_Local,1
01/09/2023,Dortmund,Heidenheim,2,2,D,20,15,9,6,3,6,dortmund,,1900.0,38279.0,Liga_Desconocida,126.0,4,0,Empate,2
02/09/2023,Augsburg,Bochum,2,2,D,11,22,3,9,3,5,augsburg,augsburg,1907.0,30660.0,German Bundesliga,119.0,4,0,Empate,2
02/09/2023,Hoffenheim,Wolfsburg,3,1,H,11,14,5,7,3,3,hoffenheim,hoffenheim,1899.0,30150.0,German Bundesliga,127.0,4,2,Victoria_Local,1
02/09/2023,Leverkusen,Darmstadt,5,1,H,24,5,13,1,4,2,leverkusen,,1900.0,38279.0,Liga_Desconocida,126.0,6,4,Victoria_Local,1
02/09/2023,Stuttgart,Freiburg,5,0,H,13,11,6,5,2,4,stuttgart,,1900.0,38279.0,Liga_Desconocida,126.0,5,5,Victoria_Local,1
02/09/2023,Werder Bremen,Mainz,4,0,H,12,12,6,3,1,7,werder bremen,,1900.0,38279.0,Liga_Desconocida,126.0,4,4,Victoria_Local,1
02/09/2023,M'gladbach,Bayern Munich,1,2,A,8,25,3,9,1,15,mgladbach,,1900.0,38279.0,Liga_Desconocida,126.0,3,-1,Derrota_Local,2
03/09/2023,Ein Frankfurt,FC Koln,1,1,D,12,6,4,2,8,1,ein frankfurt,,1900.0,38279.0,Liga_Desconocida,126.0,2,0,Empate,0
03/09/2023,Union Berlin,RB Leipzig,0,3,A,4,15,1,8,3,7,union berlin,,1900.0,38279.0,Liga_Desconocida,126.0,3,-3,Derrota_Local,2
15/09/2023,Bayern Munich,Leverkusen,2,2,D,15,12,9,5,7,4,bayern munich,bayern munich,1900.0,75024.0,German Bundesliga,126.0,4,0,Empate,1
16/09/2023,FC Koln,Hoffenheim,1,3,A,17,17,7,5,13,4,koln,,1900.0,38279.0,Liga_Desconocida,126.0,4,-2,Derrota_Local,2
16/09/2023,Freiburg,Dortmund,2,4,A,14,14,4,6,6,8,freiburg,freiburg,1904.0,24000.0,German Bundesliga,122.0,6,-2,Derrota_Local,2
16/09/2023,Mainz,Stuttgart,1,3,A,15,16,3,6,6,4,mainz,,1900.0,38279.0,Liga_Desconocida,126.0,4,-2,Derrota_Local,2
16/09/2023,RB Leipzig,Augsburg,3,0,H,9,16,6,4,1,6,rb leipzig,,1900.0,38279.0,Liga_Desconocida,126.0,3,3,Victoria_Local,1
16/09/2023,Wolfsburg,Union Berlin,2,1,H,8,17,3,5,3,7,wolfsburg,,1900.0,38279.0,Liga_Desconocida,126.0,3,1,Victoria_Local,0
16/09/2023,Bochum,Ein Frankfurt,1,1,D,24,8,10,6,8,2,bochum,,1900.0,38279.0,Liga_Desconocida,126.0,2,0,Empate,0
17/09/2023,Heidenheim,Werder Bremen,4,2,H,19,11,4,4,10,1,heidenheim,,1900.0,38279.0,Liga_Desconocida,126.0,6,2,Victoria_Local,1
17/09/2023,Darmstadt,M'gladbach,3,3,D,15,21,8,10,6,6,darmstadt,,1900.0,38279.0,Liga_Desconocida,126.0,6,0,Empate,2
22/09/2023,Stuttgart,Darmstadt,3,1,H,18,3,11,0,5,4,stuttgart,,1900.0,38279.0,Liga_Desconocida,126.0,4,2,Victoria_Local,1
23/09/2023,Augsburg,Mainz,2,1,H,6,13,3,3,3,4,augsburg,augsburg,1907.0,30660.0,German Bundesliga,119.0,3,1,Victoria_Local,0
23/09/2023,Bayern Munich,Bochum,7,0,H,26,4,16,1,8,1,bayern munich,bayern munich,1900.0,75024.0,German Bundesliga,126.0,7,7,Victoria_Local,1
23/09/2023,Dortmund,Wolfsburg,1,0,H,18,8,4,2,5,3,dortmund,,1900.0,38279.0,Liga_Desconocida,126.0,1,1,Victoria_Local,0
23/09/2023,M'gladbach,RB Leipzig,0,1,A,13,8,1,4,11,6,mgladbach,,1900.0,38279.0,Liga_Desconocida,126.0,1,-1,Derrota_Local,0
23/09/2023,Union Berlin,Hoffenheim,0,2,A,22,11,6,4,11,6,union berlin,,1900.0,38279.0,Liga_Desconocida,126.0,2,-2,Derrota_Local,2
23/09/2023,Werder Bremen,FC Koln,2,1,H,17,13,6,5,9,8,werder bremen,,1900.0,38279.0,Liga_Desconocida,126.0,3,1,Victoria_Local,0
24/09/2023,Leverkusen,Heidenheim,4,1,H,20,1,10,1,7,2,leverkusen,,1900.0,38279.0,Liga_Desconocida,126.0,5,3,Victoria_Local,1
24/09/2023,Ein Frankfurt,Freiburg,0,0,D,13,9,5,2,7,3,ein frankfurt,,1900.0,38279.0,Liga_Desconocida,126.0,0,0,Empate,0
29/09/2023,Hoffenheim,Dortmund,1,3,A,15,6,5,5,4,3,hoffenheim,hoffenheim,1899.0,30150.0,German Bundesliga,127.0,4,-2,Derrota_Local,2
30/09/2023,Bochum,M'gladbach,1,3,A,23,25,5,9,5,10,bochum,,1900.0,38279.0,Liga_Desconocida,126.0,4,-2,Derrota_Local,2
30/09/2023,FC Koln,Stuttgart,0,2,A,14,18,5,4,8,4,koln,,1900.0,38279.0,Liga_Desconocida,126.0,2,-2,Derrota_Local,2
30/09/2023,Heidenheim,Union Berlin,1,0,H,9,19,4,8,5,7,heidenheim,,1900.0,38279.0,Liga_Desconocida,126.0,1,1,Victoria_Local,0
30/09/2023,Mainz,Leverkusen,0,3,A,10,6,3,3,3,1,mainz,,1900.0,38279.0,Liga_Desconocida,126.0,3,-3,Derrota_Local,2
30/09/2023,Wolfsburg,Ein Frankfurt,2,0,H,19,7,7,3,7,4,wolfsburg,,1900.0,38279.0,Liga_Desconocida,126.0,2,2,Victoria_Local,0
30/09/2023,RB Leipzig,Bayern Munich,2,2,D,7,11,2,5,5,1,rb leipzig,,1900.0,38279.0,Liga_Desconocida,126.0,4,0,Empate,2
01/10/2023,Darmstadt,Werder Bremen,4,2,H,14,10,5,7,2,4,darmstadt,,1900.0,38279.0,Liga_Desconocida,126.0,6,2,Victoria_Local,1
01/10/2023,Freiburg,Augsburg,2,0,H,7,13,3,4,2,3,freiburg,freiburg,1904.0,24000.0,German Bundesliga,122.0,2,2,Victoria_Local,0
06/10/2023,M'gladbach,Mainz,2,2,D,20,13,9,7,10,3,mgladbach,,1900.0,38279.0,Liga_Desconocida,126.0,4,0,Empate,2
07/10/2023,Augsburg,Darmstadt,1,2,A,17,17,3,5,4,4,augsburg,augsburg,1907.0,30660.0,German Bundesliga,119.0,3,-1,Derrota_Local,2
07/10/2023,Dortmund,Union Berlin,4,2,H,12,12,7,6,4,6,dortmund,,1900.0,38279.0,Liga_Desconocida,126.0,6,2,Victoria_Local,1
07/10/2023,RB Leipzig,Bochum,0,0,D,18,9,5,2,9,1,rb leipzig,,1900.0,38279.0,Liga_Desconocida,126.0,0,0,Empate,0
07/10/2023,Stuttgart,Wolfsburg,3,1,H,13,12,7,5,5,6,stuttgart,,1900.0,38279.0,Liga_Desconocida,126.0,4,2,Victoria_Local,1
07/10/2023,Werder Bremen,Hoffenheim,2,3,A,13,11,3,4,4,4,werder bremen,,1900.0,38279.0,Liga_Desconocida,126.0,5,-1,Derrota_Local,2
08/10/2023,Leverkusen,FC Koln,3,0,H,21,7,10,3,11,4,leverkusen,,1900.0,38279.0,Liga_Desconocida,126.0,3,3,Victoria_Local,1
08/10/2023,Bayern Munich,Freiburg,3,0,H,21,2,5,0,7,1,bayern munich,bayern munich,1900.0,75024.0,German Bundesliga,126.0,3,3,Victoria_Local,1
08/10/2023,Ein Frankfurt,Heidenheim,2,0,H,12,7,6,2,3,6,ein frankfurt,,1900.0,38279.0,Liga_Desconocida,126.0,2,2,Victoria_Local,0
20/10/2023,Dortmund,Werder Bremen,1,0,H,22,6,5,1,10,4,dortmund,,1900.0,38279.0,Liga_Desconocida,126.0,1,1,Victoria_Local,0
21/10/2023,Darmstadt,RB Leipzig,1,3,A,16,10,3,7,6,0,darmstadt,,1900.0,38279.0,Liga_Desconocida,126.0,4,-2,Derrota_Local,2
21/10/2023,Freiburg,Bochum,2,1,H,15,13,5,5,5,2,freiburg,freiburg,1904.0,24000.0,German Bundesliga,122.0,3,1,Victoria_Local,0
21/10/2023,Hoffenheim,Ein Frankfurt,1,3,A,14,13,5,5,6,3,hoffenheim,hoffenheim,1899.0,30150.0,German Bundesliga,127.0,4,-2,Derrota_Local,2
21/10/2023,Union Berlin,Stuttgart,0,3,A,10,10,2,5,4,2,union berlin,,1900.0,38279.0,Liga_Desconocida,126.0,3,-3,Derrota_Local,2
21/10/2023,Wolfsburg,Leverkusen,1,2,A,18,13,7,6,4,3,wolfsburg,,1900.0,38279.0,Liga_Desconocida,126.0,3,-1,Derrota_Local,2
21/10/2023,Mainz,Bayern Munich,1,3,A,14,12,3,5,2,7,mainz,,1900.0,38279.0,Liga_Desconocida,126.0,4,-2,Derrota_Local,2
22/10/2023,FC Koln,M'gladbach,3,1,H,21,5,8,2,8,3,koln,,1900.0,38279.0,Liga_Desconocida,126.0,4,2,Victoria_Local,1
22/10/2023,Heidenheim,Augsburg,2,5,A,16,9,5,6,6,5,heidenheim,,1900.0,38279.0,Liga_Desconocida,126.0,7,-3,Derrota_Local,2
27/10/2023,Bochum,Mainz,2,2,D,10,10,4,4,5,4,bochum,,1900.0,38279.0,Liga_Desconocida,126.0,4,0,Empate,2
28/10/2023,Augsburg,Wolfsburg,3,2,H,9,13,5,6,5,5,augsburg,augsburg,1907.0,30660.0,German Bundesliga,119.0,5,1,Victoria_Local,2
28/10/2023,Bayern Munich,Darmstadt,8,0,H,28,10,16,4,7,1,bayern munich,bayern munich,1900.0,75024.0,German Bundesliga,126.0,8,8,Victoria_Local,1
28/10/2023,M'gladbach,Heidenheim,2,1,H,11,8,6,3,6,4,mgladbach,,1900.0,38279.0,Liga_Desconocida,126.0,3,1,Victoria_Local,0
28/10/2023,Stuttgart,Hoffenheim,2,3,A,23,7,10,5,6,0,stuttgart,,1900.0,38279.0,Liga_Desconocida,126.0,5,-1,Derrota_Local,2
28/10/2023,Werder Bremen,Union Berlin,2,0,H,9,7,3,2,3,3,werder bremen,,1900.0,38279.0,Liga_Desconocida,126.0,2,2,Victoria_Local,0
28/10/2023,RB Leipzig,FC Koln,6,0,H,24,6,13,1,11,1,rb leipzig,,1900.0,38279.0,Liga_Desconocida,126.0,6,6,Victoria_Local,1
29/10/2023,Ein Frankfurt,Dortmund,3,3,D,11,14,7,4,0,4,ein frankfurt,,1900.0,38279.0,Liga_Desconocida,126.0,6,0,Empate,2
29/10/2023,Leverkusen,Freiburg,2,1,H,19,10,4,4,11,4,leverkusen,,1900.0,38279.0,Liga_Desconocida,126.0,3,1,Victoria_Local,0
03/11/2023,Darmstadt,Bochum,1,2,A,15,9,4,4,11,2,darmstadt,,1900.0,38279.0,Liga_Desconocida,126.0,3,-1,Derrota_Local,2
04/11/2023,FC Koln,Augsburg,1,1,D,28,18,12,3,10,2,koln,,1900.0,38279.0,Liga_Desconocida,126.0,2,0,Empate,0
04/11/2023,Freiburg,M'gladbach,3,3,D,15,10,8,5,8,2,freiburg,freiburg,1904.0,24000.0,German Bundesliga,122.0,6,0,Empate,2
04/11/2023,Hoffenheim,Leverkusen,2,3,A,12,10,7,4,4,3,hoffenheim,hoffenheim,1899.0,30150.0,German Bundesliga,127.0,5,-1,Derrota_Local,2
04/11/2023,Mainz,RB Leipzig,2,0,H,10,10,3,2,2,7,mainz,,1900.0,38279.0,Liga_Desconocida,126.0,2,2,Victoria_Local,0
04/11/2023,Union Berlin,Ein Frankfurt,0,3,A,10,4,3,3,9,1,union berlin,,1900.0,38279.0,Liga_Desconocida,126.0,3,-3,Derrota_Local,2
04/11/2023,Dortmund,Bayern Munich,0,4,A,15,14,1,8,3,2,dortmund,,1900.0,38279.0,Liga_Desconocida,126.0,4,-4,Derrota_Local,2
05/11/2023,Wolfsburg,Werder Bremen,2,2,D,15,13,5,4,5,2,wolfsburg,,1900.0,38279.0,Liga_Desconocida,126.0,4,0,Empate,2
05/11/2023,Heidenheim,Stuttgart,2,0,H,19,14,2,2,9,6,heidenheim,,1900.0,38279.0,Liga_Desconocida,126.0,2,2,Victoria_Local,0
10/11/2023,M'gladbach,Wolfsburg,4,0,H,16,12,8,4,8,5,mgladbach,,1900.0,38279.0,Liga_Desconocida,126.0,4,4,Victoria_Local,1
11/11/2023,Augsburg,Hoffenheim,1,1,D,11,12,6,6,3,5,augsburg,augsburg,1907.0,30660.0,German Bundesliga,119.0,2,0,Empate,0
11/11/2023,Bayern Munich,Heidenheim,4,2,H,18,7,8,2,7,2,bayern munich,bayern munich,1900.0,75024.0,German Bundesliga,126.0,6,2,Victoria_Local,1
11/11/2023,Darmstadt,Mainz,0,0,D,9,9,3,0,0,5,darmstadt,,1900.0,38279.0,Liga_Desconocida,126.0,0,0,Empate,0
11/11/2023,Stuttgart,Dortmund,2,1,H,22,5,10,1,6,1,stuttgart,,1900.0,38279.0,Liga_Desconocida,126.0,3,1,Victoria_Local,0
11/11/2023,Bochum,FC Koln,1,1,D,25,10,9,6,3,3,bochum,,1900.0,38279.0,Liga_Desconocida,126.0,2,0,Empate,0
12/11/2023,Leverkusen,Union Berlin,4,0,H,19,2,10,2,10,1,leverkusen,,1900.0,38279.0,Liga_Desconocida,126.0,4,4,Victoria_Local,1
12/11/2023,Werder Bremen,Ein Frankfurt,2,2,D,14,14,5,3,3,7,werder bremen,,1900.0,38279.0,Liga_Desconocida,126.0,4,0,Empate,2
12/11/2023,RB Leipzig,Freiburg,3,1,H,15,9,6,3,7,3,rb leipzig,,1900.0,38279.0,Liga_Desconocida,126.0,4,2,Victoria_Local,1
24/11/2023,FC Koln,Bayern Munich,0,1,A,6,19,2,5,3,12,koln,,1900.0,38279.0,Liga_Desconocida,126.0,1,-1,Derrota_Local,0
25/11/2023,Dortmund,M'gladbach,4,2,H,20,10,13,3,5,4,dortmund,,1900.0,38279.0,Liga_Desconocida,126.0,6,2,Victoria_Local,1
25/11/2023,Freiburg,Darmstadt,1,1,D,16,7,3,1,11,2,freiburg,freiburg,1904.0,24000.0,German Bundesliga,122.0,2,0,Empate,0
25/11/2023,Union Berlin,Augsburg,1,1,D,16,11,6,2,3,4,union berlin,,1900.0,38279.0,Liga_Desconocida,126.0,2,0,Empate,0
25/11/2023,Werder Bremen,Leverkusen,0,3,A,2,13,1,4,1,6,werder bremen,,1900.0,38279.0,Liga_Desconocida,126.0,3,-3,Derrota_Local,2
25/11/2023,Wolfsburg,RB Leipzig,2,1,H,10,26,4,10,1,12,wolfsburg,,1900.0,38279.0,Liga_Desconocida,126.0,3,1,Victoria_Local,0
25/11/2023,Ein Frankfurt,Stuttgart,1,2,A,14,11,1,5,4,2,ein frankfurt,,1900.0,38279.0,Liga_Desconocida,126.0,3,-1,Derrota_Local,2
26/11/2023,Heidenheim,Bochum,0,0,D,9,9,3,2,6,5,heidenheim,,1900.0,38279.0,Liga_Desconocida,126.0,0,0,Empate,0
26/11/2023,Hoffenheim,Mainz,1,1,D,15,15,6,6,4,5,hoffenheim,hoffenheim,1899.0,30150.0,German Bundesliga,127.0,2,0,Empate,0
01/12/2023,Darmstadt,FC Koln,0,1,A,11,11,1,6,1,6,darmstadt,,1900.0,38279.0,Liga_Desconocida,126.0,1,-1,Derrota_Local,0
02/12/2023,Bochum,Wolfsburg,3,1,H,19,15,9,6,6,6,bochum,,1900.0,38279.0,Liga_Desconocida,126.0,4,2,Victoria_Local,1
02/12/2023,M'gladbach,Hoffenheim,2,1,H,9,17,3,5,6,3,mgladbach,,1900.0,38279.0,Liga_Desconocida,126.0,3,1,Victoria_Local,0
02/12/2023,RB Leipzig,Heidenheim,2,1,H,23,7,8,1,5,3,rb leipzig,,1900.0,38279.0,Liga_Desconocida,126.0,3,1,Victoria_Local,0
02/12/2023,Stuttgart,Werder Bremen,2,0,H,17,11,6,3,6,7,stuttgart,,1900.0,38279.0,Liga_Desconocida,126.0,2,2,Victoria_Local,0
03/12/2023,Mainz,Freiburg,0,1,A,19,13,6,5,14,3,mainz,,1900.0,38279.0,Liga_Desconocida,126.0,1,-1,Derrota_Local,0
03/12/2023,Leverkusen,Dortmund,1,1,D,22,6,6,2,16,1,leverkusen,,1900.0,38279.0,Liga_Desconocida,126.0,2,0,Empate,0
03/12/2023,Augsburg,Ein Frankfurt,2,1,H,9,12,4,6,2,4,augsburg,augsburg,1907.0,30660.0,German Bundesliga,119.0,3,1,Victoria_Local,0
08/12/2023,Hoffenheim,Bochum,3,1,H,18,22,7,5,4,5,hoffenheim,hoffenheim,1899.0,30150.0,German Bundesliga,127.0,4,2,Victoria_Local,1
09/12/2023,Ein Frankfurt,Bayern Munich,5,1,H,14,17,6,6,1,9,ein frankfurt,,1900.0,38279.0,Liga_Desconocida,126.0,6,4,Victoria_Local,1
09/12/2023,Heidenheim,Darmstadt,3,2,H,16,20,7,7,8,3,heidenheim,,1900.0,38279.0,Liga_Desconocida,126.0,5,1,Victoria_Local,1
09/12/2023,Union Berlin,M'gladbach,3,1,H,16,13,6,4,6,7,union berlin,,1900.0,38279.0,Liga_Desconocida,126.0,4,2,Victoria_Local,1
09/12/2023,Werder Bremen,Augsburg,2,0,H,12,11,5,1,5,2,werder bremen,,1900.0,38279.0,Liga_Desconocida,126.0,2,2,Victoria_Local,0
09/12/2023,Wolfsburg,Freiburg,0,1,A,10,4,3,1,5,3,wolfsburg,,1900.0,38279.0,Liga_Desconocida,126.0,1,-1,Derrota_Local,0
09/12/2023,Dortmund,RB Leipzig,2,3,A,18,24,6,8,6,6,dortmund,,1900.0,38279.0,Liga_Desconocida,126.0,5,-1,Derrota_Local,2
10/12/2023,Stuttgart,Leverkusen,1,1,D,22,20,12,6,8,8,stuttgart,,1900.0,38279.0,Liga_Desconocida,126.0,2,0,Empate,0
10/12/2023,FC Koln,Mainz,0,0,D,7,13,3,5,1,7,koln,,1900.0,38279.0,Liga_Desconocida,126.0,0,0,Empate,0
15/12/2023,M'gladbach,Werder Bremen,2,2,D,15,10,4,5,4,3,mgladbach,,1900.0,38279.0,Liga_Desconocida,126.0,4,0,Empate,2
16/12/2023,Augsburg,Dortmund,1,1,D,20,24,4,6,4,7,augsburg,augsburg,1907.0,30660.0,German Bundesliga,119.0,2,0,Empate,0
16/12/2023,Bochum,Union Berlin,3,0,H,21,10,7,2,6,4,bochum,,1900.0,38279.0,Liga_Desconocida,126.0,3,3,Victoria_Local,1
16/12/2023,Darmstadt,Wolfsburg,0,1,A,14,11,4,3,7,7,darmstadt,,1900.0,38279.0,Liga_Desconocida,126.0,1,-1,Derrota_Local,0
16/12/2023,Mainz,Heidenheim,0,1,A,16,5,4,2,8,1,mainz,,1900.0,38279.0,Liga_Desconocida,126.0,1,-1,Derrota_Local,0
16/12/2023,RB Leipzig,Hoffenheim,3,1,H,23,10,11,4,9,2,rb leipzig,,1900.0,38279.0,Liga_Desconocida,126.0,4,2,Victoria_Local,1
17/12/2023,Freiburg,FC Koln,2,0,H,23,7,7,1,5,2,freiburg,freiburg,1904.0,24000.0,German Bundesliga,122.0,2,2,Victoria_Local,0
17/12/2023,Leverkusen,Ein Frankfurt,3,0,H,14,4,6,2,5,5,leverkusen,,1900.0,38279.0,Liga_Desconocida,126.0,3,3,Victoria_Local,1
17/12/2023,Bayern Munich,Stuttgart,3,0,H,17,5,8,2,6,2,bayern munich,bayern munich,1900.0,75024.0,German Bundesliga,126.0,3,3,Victoria_Local,1
19/12/2023,Werder Bremen,RB Leipzig,1,1,D,11,18,3,9,1,4,werder bremen,,1900.0,38279.0,Liga_Desconocida,126.0,2,0,Empate,0
19/12/2023,Dortmund,Mainz,1,1,D,21,11,8,6,6,1,dortmund,,1900.0,38279.0,Liga_Desconocida,126.0,2,0,Empate,0
19/12/2023,Hoffenheim,Darmstadt,3,3,D,13,14,4,3,8,3,hoffenheim,hoffenheim,1899.0,30150.0,German Bundesliga,127.0,6,0,Empate,2
20/12/2023,Union Berlin,FC Koln,2,0,H,12,15,8,7,4,5,union berlin,,1900.0,38279.0,Liga_Desconocida,126.0,2,2,Victoria_Local,0
20/12/2023,Ein Frankfurt,M'gladbach,2,1,H,15,7,7,2,8,2,ein frankfurt,,1900.0,38279.0,Liga_Desconocida,126.0,3,1,Victoria_Local,0
20/12/2023,Heidenheim,Freiburg,3,2,H,14,10,3,4,7,4,heidenheim,,1900.0,38279.0,Liga_Desconocida,126.0,5,1,Victoria_Local,1
20/12/2023,Leverkusen,Bochum,4,0,H,15,6,8,1,4,3,leverkusen,,1900.0,38279.0,Liga_Desconocida,126.0,4,4,Victoria_Local,1
20/12/2023,Stuttgart,Augsburg,3,0,H,17,6,7,5,4,4,stuttgart,,1900.0,38279.0,Liga_Desconocida,126.0,3,3,Victoria_Local,1
20/12/2023,Wolfsburg,Bayern Munich,1,2,A,5,20,4,7,0,6,wolfsburg,,1900.0,38279.0,Liga_Desconocida,126.0,3,-1,Derrota_Local,2
12/01/2024,Bayern Munich,Hoffenheim,3,0,H,27,12,12,4,11,2,bayern munich,bayern munich,1900.0,75024.0,German Bundesliga,126.0,3,3,Victoria_Local,1
13/01/2024,Augsburg,Leverkusen,0,1,A,2,25,0,6,0,12,augsburg,augsburg,1907.0,30660.0,German Bundesliga,119.0,1,-1,Derrota_Local,0
13/01/2024,FC Koln,Heidenheim,1,1,D,13,10,6,2,9,6,koln,,1900.0,38279.0,Liga_Desconocida,126.0,2,0,Empate,0
13/01/2024,Freiburg,Union Berlin,0,0,D,14,8,4,4,4,3,freiburg,freiburg,1904.0,24000.0,German Bundesliga,122.0,0,0,Empate,0
13/01/2024,Mainz,Wolfsburg,1,1,D,12,9,4,4,7,3,mainz,,1900.0,38279.0,Liga_Desconocida,126.0,2,0,Empate,0
13/01/2024,RB Leipzig,Ein Frankfurt,0,1,A,26,5,7,1,15,4,rb leipzig,,1900.0,38279.0,Liga_Desconocida,126.0,1,-1,Derrota_Local,0
13/01/2024,Darmstadt,Dortmund,0,3,A,10,17,2,8,3,4,darmstadt,,1900.0,38279.0,Liga_Desconocida,126.0,3,-3,Derrota_Local,2
14/01/2024,Bochum,Werder Bremen,1,1,D,13,15,4,4,3,4,bochum,,1900.0,38279.0,Liga_Desconocida,126.0,2,0,Empate,0
14/01/2024,M'gladbach,Stuttgart,3,1,H,8,14,4,2,0,3,mgladbach,,1900.0,38279.0,Liga_Desconocida,126.0,4,2,Victoria_Local,1
20/01/2024,Bochum,Stuttgart,1,0,H,6,17,1,4,1,7,bochum,,1900.0,38279.0,Liga_Desconocida,126.0,1,1,Victoria_Local,0
20/01/2024,Darmstadt,Ein Frankfurt,2,2,D,13,7,3,4,4,1,darmstadt,,1900.0,38279.0,Liga_Desconocida,126.0,4,0,Empate,2
20/01/2024,FC Koln,Dortmund,0,4,A,16,11,5,7,13,4,koln,,1900.0,38279.0,Liga_Desconocida,126.0,4,-4,Derrota_Local,2
20/01/2024,Freiburg,Hoffenheim,3,2,H,16,16,8,4,2,2,freiburg,freiburg,1904.0,24000.0,German Bundesliga,122.0,5,1,Victoria_Local,2
20/01/2024,Heidenheim,Wolfsburg,1,1,D,12,12,3,3,4,2,heidenheim,,1900.0,38279.0,Liga_Desconocida,126.0,2,0,Empate,0
20/01/2024,RB Leipzig,Leverkusen,2,3,A,11,18,6,5,1,9,rb leipzig,,1900.0,38279.0,Liga_Desconocida,126.0,5,-1,Derrota_Local,2
21/01/2024,Bayern Munich,Werder Bremen,0,1,A,21,8,6,3,10,2,bayern munich,bayern munich,1900.0,75024.0,German Bundesliga,126.0,1,-1,Derrota_Local,0
21/01/2024,M'gladbach,Augsburg,1,2,A,18,15,4,7,5,7,mgladbach,,1900.0,38279.0,Liga_Desconocida,126.0,3,-1,Derrota_Local,2
24/01/2024,Bayern Munich,Union Berlin,1,0,H,24,4,10,1,12,1,bayern munich,bayern munich,1900.0,75024.0,German Bundesliga,126.0,1,1,Victoria_Local,1
26/01/2024,Ein Frankfurt,Mainz,1,0,H,13,7,4,0,2,1,ein frankfurt,,1900.0,38279.0,Liga_Desconocida,126.0,1,1,Victoria_Local,0
27/01/2024,Augsburg,Bayern Munich,2,3,A,14,13,7,4,4,5,augsburg,augsburg,1907.0,30660.0,German Bundesliga,119.0,5,-1,Derrota_Local,2
27/01/2024,Hoffenheim,Heidenheim,1,1,D,20,15,8,3,9,5,hoffenheim,hoffenheim,1899.0,30150.0,German Bundesliga,127.0,2,0,Empate,0
27/01/2024,Stuttgart,RB Leipzig,5,2,H,19,4,11,2,9,3,stuttgart,,1900.0,38279.0,Liga_Desconocida,126.0,7,3,Victoria_Local,1
27/01/2024,Werder Bremen,Freiburg,3,1,H,14,7,4,4,5,5,werder bremen,,1900.0,38279.0,Liga_Desconocida,126.0,4,2,Victoria_Local,1
27/01/2024,Wolfsburg,FC Koln,1,1,D,12,6,5,2,6,3,wolfsburg,,1900.0,38279.0,Liga_Desconocida,126.0,2,0,Empate,0
27/01/2024,Leverkusen,M'gladbach,0,0,D,28,4,8,3,8,2,leverkusen,,1900.0,38279.0,Liga_Desconocida,126.0,0,0,Empate,0
28/01/2024,Union Berlin,Darmstadt,1,0,H,19,15,6,1,4,3,union berlin,,1900.0,38279.0,Liga_Desconocida,126.0,1,1,Victoria_Local,0
28/01/2024,Dortmund,Bochum,3,1,H,15,10,6,4,8,4,dortmund,,1900.0,38279.0,Liga_Desconocida,126.0,4,2,Victoria_Local,1
02/02/2024,Heidenheim,Dortmund,0,0,D,11,13,0,5,4,6,heidenheim,,1900.0,38279.0,Liga_Desconocida,126.0,0,0,Empate,0
03/02/2024,Bayern Munich,M'gladbach,3,1,H,21,11,6,4,6,5,bayern munich,bayern munich,1900.0,75024.0,German Bundesliga,126.0,4,2,Victoria_Local,1
03/02/2024,Bochum,Augsburg,1,1,D,9,12,4,6,3,5,bochum,,1900.0,38279.0,Liga_Desconocida,126.0,2,0,Empate,0
03/02/2024,Darmstadt,Leverkusen,0,2,A,8,18,6,7,4,3,darmstadt,,1900.0,38279.0,Liga_Desconocida,126.0,2,-2,Derrota_Local,2
03/02/2024,Freiburg,Stuttgart,1,3,A,7,17,4,9,1,6,freiburg,freiburg,1904.0,24000.0,German Bundesliga,122.0,4,-2,Derrota_Local,2
03/02/2024,Mainz,Werder Bremen,0,1,A,20,6,5,1,11,1,mainz,,1900.0,38279.0,Liga_Desconocida,126.0,1,-1,Derrota_Local,0
03/02/2024,FC Koln,Ein Frankfurt,2,0,H,14,11,4,4,7,7,koln,,1900.0,38279.0,Liga_Desconocida,126.0,2,2,Victoria_Local,0
04/02/2024,Wolfsburg,Hoffenheim,2,2,D,14,17,8,7,7,2,wolfsburg,,1900.0,38279.0,Liga_Desconocida,126.0,4,0,Empate,2
04/02/2024,RB Leipzig,Union Berlin,2,0,H,16,10,6,2,5,4,rb leipzig,,1900.0,38279.0,Liga_Desconocida,126.0,2,2,Victoria_Local,0
07/02/2024,Mainz,Union Berlin,1,1,D,16,15,7,4,8,3,mainz,,1900.0,38279.0,Liga_Desconocida,126.0,2,0,Empate,0
09/02/2024,Dortmund,Freiburg,3,0,H,17,6,8,3,5,3,dortmund,,1900.0,38279.0,Liga_Desconocida,126.0,3,3,Victoria_Local,1
10/02/2024,Augsburg,RB Leipzig,2,2,D,11,9,4,6,1,3,augsburg,augsburg,1907.0,30660.0,German Bundesliga,119.0,4,0,Empate,2
10/02/2024,Ein Frankfurt,Bochum,1,1,D,8,14,2,5,8,3,ein frankfurt,,1900.0,38279.0,Liga_Desconocida,126.0,2,0,Empate,0
10/02/2024,M'gladbach,Darmstadt,0,0,D,22,10,8,1,7,2,mgladbach,,1900.0,38279.0,Liga_Desconocida,126.0,0,0,Empate,0
10/02/2024,Union Berlin,Wolfsburg,1,0,H,7,15,2,5,6,10,union berlin,,1900.0,38279.0,Liga_Desconocida,126.0,1,1,Victoria_Local,0
10/02/2024,Werder Bremen,Heidenheim,1,2,A,14,10,3,3,5,10,werder bremen,,1900.0,38279.0,Liga_Desconocida,126.0,3,-1,Derrota_Local,2
10/02/2024,Leverkusen,Bayern Munich,3,0,H,14,8,8,1,4,6,leverkusen,,1900.0,38279.0,Liga_Desconocida,126.0,3,3,Victoria_Local,1
11/02/2024,Stuttgart,Mainz,3,1,H,10,16,7,6,4,5,stuttgart,,1900.0,38279.0,Liga_Desconocida,126.0,4,2,Victoria_Local,1
11/02/2024,Hoffenheim,FC Koln,1,1,D,10,5,4,1,10,3,hoffenheim,hoffenheim,1899.0,30150.0,German Bundesliga,127.0,2,0,Empate,0
16/02/2024,FC Koln,Werder Bremen,0,1,A,10,13,2,4,5,3,koln,,1900.0,38279.0,Liga_Desconocida,126.0,1,-1,Derrota_Local,0
17/02/2024,Darmstadt,Stuttgart,1,2,A,21,13,9,4,5,3,darmstadt,,1900.0,38279.0,Liga_Desconocida,126.0,3,-1,Derrota_Local,2
17/02/2024,Heidenheim,Leverkusen,1,2,A,6,17,3,4,4,5,heidenheim,,1900.0,38279.0,Liga_Desconocida,126.0,3,-1,Derrota_Local,2
17/02/2024,Hoffenheim,Union Berlin,0,1,A,16,10,4,3,6,2,hoffenheim,hoffenheim,1899.0,30150.0,German Bundesliga,127.0,1,-1,Derrota_Local,0
17/02/2024,Mainz,Augsburg,1,0,H,19,10,4,4,7,7,mainz,,1900.0,38279.0,Liga_Desconocida,126.0,1,1,Victoria_Local,0
17/02/2024,Wolfsburg,Dortmund,1,1,D,9,12,4,5,5,3,wolfsburg,,1900.0,38279.0,Liga_Desconocida,126.0,2,0,Empate,0
17/02/2024,RB Leipzig,M'gladbach,2,0,H,16,13,9,0,8,4,rb leipzig,,1900.0,38279.0,Liga_Desconocida,126.0,2,2,Victoria_Local,0
18/02/2024,Freiburg,Ein Frankfurt,3,3,D,13,10,8,6,6,1,freiburg,freiburg,1904.0,24000.0,German Bundesliga,122.0,6,0,Empate,2
18/02/2024,Bochum,Bayern Munich,3,2,H,14,26,5,10,4,9,bochum,,1900.0,38279.0,Liga_Desconocida,126.0,5,1,Victoria_Local,1
23/02/2024,Leverkusen,Mainz,2,1,H,18,13,7,4,11,2,leverkusen,,1900.0,38279.0,Liga_Desconocida,126.0,3,1,Victoria_Local,0
24/02/2024,M'gladbach,Bochum,5,2,H,22,15,6,5,5,6,mgladbach,,1900.0,38279.0,Liga_Desconocida,126.0,7,3,Victoria_Local,1
24/02/2024,Stuttgart,FC Koln,1,1,D,13,12,5,6,9,4,stuttgart,,1900.0,38279.0,Liga_Desconocida,126.0,2,0,Empate,0
24/02/2024,Union Berlin,Heidenheim,2,2,D,12,9,3,4,4,2,union berlin,,1900.0,38279.0,Liga_Desconocida,126.0,4,0,Empate,2
24/02/2024,Werder Bremen,Darmstadt,1,1,D,13,11,4,3,4,6,werder bremen,,1900.0,38279.0,Liga_Desconocida,126.0,2,0,Empate,0
24/02/2024,Bayern Munich,RB Leipzig,2,1,H,16,11,4,5,6,4,bayern munich,bayern munich,1900.0,75024.0,German Bundesliga,126.0,3,1,Victoria_Local,1
25/02/2024,Ein Frankfurt,Wolfsburg,2,2,D,12,14,5,8,5,3,ein frankfurt,,1900.0,38279.0,Liga_Desconocida,126.0,4,0,Empate,2
25/02/2024,Dortmund,Hoffenheim,2,3,A,19,7,7,5,10,3,dortmund,,1900.0,38279.0,Liga_Desconocida,126.0,5,-1,Derrota_Local,2
25/02/2024,Augsburg,Freiburg,2,1,H,21,5,8,1,10,2,augsburg,augsburg,1907.0,30660.0,German Bundesliga,119.0,3,1,Victoria_Local,0
01/03/2024,Freiburg,Bayern Munich,2,2,D,17,21,5,9,3,6,freiburg,freiburg,1904.0,24000.0,German Bundesliga,122.0,4,0,Empate,2
02/03/2024,Bochum,RB Leipzig,1,4,A,15,10,4,4,2,5,bochum,,1900.0,38279.0,Liga_Desconocida,126.0,5,-3,Derrota_Local,2
02/03/2024,Darmstadt,Augsburg,0,6,A,10,21,5,6,3,6,darmstadt,,1900.0,38279.0,Liga_Desconocida,126.0,6,-6,Derrota_Local,2
02/03/2024,Heidenheim,Ein Frankfurt,1,2,A,16,11,3,6,7,3,heidenheim,,1900.0,38279.0,Liga_Desconocida,126.0,3,-1,Derrota_Local,2
02/03/2024,Mainz,M'gladbach,1,1,D,21,14,5,5,12,6,mainz,,1900.0,38279.0,Liga_Desconocida,126.0,2,0,Empate,0
02/03/2024,Union Berlin,Dortmund,0,2,A,13,12,5,7,8,7,union berlin,,1900.0,38279.0,Liga_Desconocida,126.0,2,-2,Derrota_Local,2
02/03/2024,Wolfsburg,Stuttgart,2,3,A,12,7,2,3,5,4,wolfsburg,,1900.0,38279.0,Liga_Desconocida,126.0,5,-1,Derrota_Local,2
03/03/2024,FC Koln,Leverkusen,0,2,A,6,17,0,6,1,9,koln,,1900.0,38279.0,Liga_Desconocida,126.0,2,-2,Derrota_Local,2
03/03/2024,Hoffenheim,Werder Bremen,2,1,H,14,18,7,8,3,3,hoffenheim,hoffenheim,1899.0,30150.0,German Bundesliga,127.0,3,1,Victoria_Local,0
08/03/2024,Stuttgart,Union Berlin,2,0,H,14,10,5,4,4,3,stuttgart,,1900.0,38279.0,Liga_Desconocida,126.0,2,2,Victoria_Local,0
09/03/2024,Augsburg,Heidenheim,1,0,H,8,6,4,1,5,2,augsburg,augsburg,1907.0,30660.0,German Bundesliga,119.0,1,1,Victoria_Local,0
09/03/2024,Bayern Munich,Mainz,8,1,H,25,13,12,3,6,7,bayern munich,bayern munich,1900.0,75024.0,German Bundesliga,126.0,9,7,Victoria_Local,1
09/03/2024,M'gladbach,FC Koln,3,3,D,16,12,5,5,8,3,mgladbach,,1900.0,38279.0,Liga_Desconocida,126.0,6,0,Empate,2
09/03/2024,RB Leipzig,Darmstadt,2,0,H,28,9,8,4,8,4,rb leipzig,,1900.0,38279.0,Liga_Desconocida,126.0,2,2,Victoria_Local,0
09/03/2024,Werder Bremen,Dortmund,1,2,A,15,13,5,6,10,4,werder bremen,,1900.0,38279.0,Liga_Desconocida,126.0,3,-1,Derrota_Local,2
10/03/2024,Bochum,Freiburg,1,2,A,18,9,6,5,12,5,bochum,,1900.0,38279.0,Liga_Desconocida,126.0,3,-1,Derrota_Local,2
10/03/2024,Ein Frankfurt,Hoffenheim,3,1,H,17,6,7,2,5,1,ein frankfurt,,1900.0,38279.0,Liga_Desconocida,126.0,4,2,Victoria_Local,1
10/03/2024,Leverkusen,Wolfsburg,2,0,H,19,2,7,1,9,2,leverkusen,,1900.0,38279.0,Liga_Desconocida,126.0,2,2,Victoria_Local,0
15/03/2024,FC Koln,RB Leipzig,1,5,A,9,23,2,7,3,6,koln,,1900.0,38279.0,Liga_Desconocida,126.0,6,-4,Derrota_Local,2
16/03/2024,Darmstadt,Bayern Munich,2,5,A,7,26,3,6,2,9,darmstadt,,1900.0,38279.0,Liga_Desconocida,126.0,7,-3,Derrota_Local,2
16/03/2024,Heidenheim,M'gladbach,1,1,D,16,6,5,2,10,4,heidenheim,,1900.0,38279.0,Liga_Desconocida,126.0,2,0,Empate,0
16/03/2024,Mainz,Bochum,2,0,H,13,11,4,4,7,6,mainz,,1900.0,38279.0,Liga_Desconocida,126.0,2,2,Victoria_Local,0
16/03/2024,Union Berlin,Werder Bremen,2,1,H,11,10,5,2,4,3,union berlin,,1900.0,38279.0,Liga_Desconocida,126.0,3,1,Victoria_Local,0
16/03/2024,Wolfsburg,Augsburg,1,3,A,15,14,4,5,8,6,wolfsburg,,1900.0,38279.0,Liga_Desconocida,126.0,4,-2,Derrota_Local,2
16/03/2024,Hoffenheim,Stuttgart,0,3,A,8,25,1,12,5,6,hoffenheim,hoffenheim,1899.0,30150.0,German Bundesliga,127.0,3,-3,Derrota_Local,2
17/03/2024,Freiburg,Leverkusen,2,3,A,9,18,3,7,2,8,freiburg,freiburg,1904.0,24000.0,German Bundesliga,122.0,5,-1,Derrota_Local,2
17/03/2024,Dortmund,Ein Frankfurt,3,1,H,16,8,6,6,8,3,dortmund,,1900.0,38279.0,Liga_Desconocida,126.0,4,2,Victoria_Local,1
30/03/2024,Ein Frankfurt,Union Berlin,0,0,D,18,10,4,2,6,2,ein frankfurt,,1900.0,38279.0,Liga_Desconocida,126.0,0,0,Empate,0
30/03/2024,Leverkusen,Hoffenheim,2,1,H,36,6,12,2,9,2,leverkusen,,1900.0,38279.0,Liga_Desconocida,126.0,3,1,Victoria_Local,0
30/03/2024,M'gladbach,Freiburg,0,3,A,18,13,4,8,14,1,mgladbach,,1900.0,38279.0,Liga_Desconocida,126.0,3,-3,Derrota_Local,2
30/03/2024,RB Leipzig,Mainz,0,0,D,23,8,10,2,12,2,rb leipzig,,1900.0,38279.0,Liga_Desconocida,126.0,0,0,Empate,0
30/03/2024,Werder Bremen,Wolfsburg,0,2,A,6,15,1,5,3,6,werder bremen,,1900.0,38279.0,Liga_Desconocida,126.0,2,-2,Derrota_Local,2
30/03/2024,Bayern Munich,Dortmund,0,2,A,16,11,3,5,7,4,bayern munich,bayern munich,1900.0,75024.0,German Bundesliga,126.0,2,-2,Derrota_Local,2
31/03/2024,Augsburg,FC Koln,1,1,D,24,12,6,2,12,6,augsburg,augsburg,1907.0,30660.0,German Bundesliga,119.0,2,0,Empate,0
31/03/2024,Stuttgart,Heidenheim,3,3,D,20,6,6,3,6,7,stuttgart,,1900.0,38279.0,Liga_Desconocida,126.0,6,0,Empate,2
31/03/2024,Bochum,Darmstadt,2,2,D,20,13,7,3,6,5,bochum,,1900.0,38279.0,Liga_Desconocida,126.0,4,0,Empate,2
05/04/2024,Ein Frankfurt,Werder Bremen,1,1,D,19,10,5,7,9,0,ein frankfurt,,1900.0,38279.0,Liga_Desconocida,126.0,2,0,Empate,0
06/04/2024,FC Koln,Bochum,2,1,H,17,8,6,2,9,4,koln,,1900.0,38279.0,Liga_Desconocida,126.0,3,1,Victoria_Local,0
06/04/2024,Freiburg,RB Leipzig,1,4,A,15,15,4,6,8,4,freiburg,freiburg,1904.0,24000.0,German Bundesliga,122.0,5,-3,Derrota_Local,2
06/04/2024,Heidenheim,Bayern Munich,3,2,H,9,15,4,8,3,3,heidenheim,,1900.0,38279.0,Liga_Desconocida,126.0,5,1,Victoria_Local,1
06/04/2024,Mainz,Darmstadt,4,0,H,18,14,9,2,5,1,mainz,,1900.0,38279.0,Liga_Desconocida,126.0,4,4,Victoria_Local,1
06/04/2024,Union Berlin,Leverkusen,0,1,A,8,19,1,8,7,10,union berlin,,1900.0,38279.0,Liga_Desconocida,126.0,1,-1,Derrota_Local,0
06/04/2024,Dortmund,Stuttgart,0,1,A,14,10,7,2,8,3,dortmund,,1900.0,38279.0,Liga_Desconocida,126.0,1,-1,Derrota_Local,0
07/04/2024,Hoffenheim,Augsburg,3,1,H,17,14,6,7,11,6,hoffenheim,hoffenheim,1899.0,30150.0,German Bundesliga,127.0,4,2,Victoria_Local,1
07/04/2024,Wolfsburg,M'gladbach,1,3,A,13,10,4,6,4,4,wolfsburg,,1900.0,38279.0,Liga_Desconocida,126.0,4,-2,Derrota_Local,2
12/04/2024,Augsburg,Union Berlin,2,0,H,12,17,4,4,5,4,augsburg,augsburg,1907.0,30660.0,German Bundesliga,119.0,2,2,Victoria_Local,0
13/04/2024,Bayern Munich,FC Koln,2,0,H,17,11,7,5,5,5,bayern munich,bayern munich,1900.0,75024.0,German Bundesliga,126.0,2,2,Victoria_Local,1
13/04/2024,Bochum,Heidenheim,1,1,D,24,10,5,3,6,2,bochum,,1900.0,38279.0,Liga_Desconocida,126.0,2,0,Empate,0
13/04/2024,Mainz,Hoffenheim,4,1,H,23,5,8,1,9,3,mainz,,1900.0,38279.0,Liga_Desconocida,126.0,5,3,Victoria_Local,1
13/04/2024,M'gladbach,Dortmund,1,2,A,16,12,5,4,2,4,mgladbach,,1900.0,38279.0,Liga_Desconocida,126.0,3,-1,Derrota_Local,2
13/04/2024,RB Leipzig,Wolfsburg,3,0,H,15,10,6,3,6,4,rb leipzig,,1900.0,38279.0,Liga_Desconocida,126.0,3,3,Victoria_Local,1
13/04/2024,Stuttgart,Ein Frankfurt,3,0,H,9,10,6,3,4,5,stuttgart,,1900.0,38279.0,Liga_Desconocida,126.0,3,3,Victoria_Local,1
14/04/2024,Darmstadt,Freiburg,0,1,A,16,9,4,3,2,2,darmstadt,,1900.0,38279.0,Liga_Desconocida,126.0,1,-1,Derrota_Local,0
14/04/2024,Leverkusen,Werder Bremen,5,0,H,19,7,10,3,7,0,leverkusen,,1900.0,38279.0,Liga_Desconocida,126.0,5,5,Victoria_Local,1
19/04/2024,Ein Frankfurt,Augsburg,3,1,H,12,6,7,1,6,5,ein frankfurt,,1900.0,38279.0,Liga_Desconocida,126.0,4,2,Victoria_Local,1
20/04/2024,FC Koln,Darmstadt,0,2,A,18,12,4,6,4,3,koln,,1900.0,38279.0,Liga_Desconocida,126.0,2,-2,Derrota_Local,2
20/04/2024,Heidenheim,RB Leipzig,1,2,A,9,11,5,4,2,6,heidenheim,,1900.0,38279.0,Liga_Desconocida,126.0,3,-1,Derrota_Local,2
20/04/2024,Hoffenheim,M'gladbach,4,3,H,27,13,9,7,6,5,hoffenheim,hoffenheim,1899.0,30150.0,German Bundesliga,127.0,7,1,Victoria_Local,2
20/04/2024,Wolfsburg,Bochum,1,0,H,10,9,5,1,5,8,wolfsburg,,1900.0,38279.0,Liga_Desconocida,126.0,1,1,Victoria_Local,0
20/04/2024,Union Berlin,Bayern Munich,1,5,A,15,18,4,9,5,3,union berlin,,1900.0,38279.0,Liga_Desconocida,126.0,6,-4,Derrota_Local,2
21/04/2024,Werder Bremen,Stuttgart,2,1,H,9,14,2,5,1,7,werder bremen,,1900.0,38279.0,Liga_Desconocida,126.0,3,1,Victoria_Local,0
21/04/2024,Dortmund,Leverkusen,1,1,D,9,13,2,5,2,6,dortmund,,1900.0,38279.0,Liga_Desconocida,126.0,2,0,Empate,0
21/04/2024,Freiburg,Mainz,1,1,D,7,17,3,4,2,4,freiburg,freiburg,1904.0,24000.0,German Bundesliga,122.0,2,0,Empate,0
26/04/2024,Bochum,Hoffenheim,3,2,H,35,12,13,4,10,4,bochum,,1900.0,38279.0,Liga_Desconocida,126.0,5,1,Victoria_Local,1
27/04/2024,Augsburg,Werder Bremen,0,3,A,14,16,1,8,6,4,augsburg,augsburg,1907.0,30660.0,German Bundesliga,119.0,3,-3,Derrota_Local,2
27/04/2024,Bayern Munich,Ein Frankfurt,2,1,H,19,10,9,3,4,2,bayern munich,bayern munich,1900.0,75024.0,German Bundesliga,126.0,3,1,Victoria_Local,1
27/04/2024,Freiburg,Wolfsburg,1,2,A,16,13,3,5,3,6,freiburg,freiburg,1904.0,24000.0,German Bundesliga,122.0,3,-1,Derrota_Local,2
27/04/2024,RB Leipzig,Dortmund,4,1,H,21,12,7,5,5,8,rb leipzig,,1900.0,38279.0,Liga_Desconocida,126.0,5,3,Victoria_Local,1
27/04/2024,Leverkusen,Stuttgart,2,2,D,14,11,6,4,5,2,leverkusen,,1900.0,38279.0,Liga_Desconocida,126.0,4,0,Empate,2
28/04/2024,M'gladbach,Union Berlin,0,0,D,13,14,4,7,3,4,mgladbach,,1900.0,38279.0,Liga_Desconocida,126.0,0,0,Empate,0
28/04/2024,Mainz,FC Koln,1,1,D,16,16,4,6,6,6,mainz,,1900.0,38279.0,Liga_Desconocida,126.0,2,0,Empate,0
28/04/2024,Darmstadt,Heidenheim,0,1,A,12,19,4,6,3,8,darmstadt,,1900.0,38279.0,Liga_Desconocida,126.0,1,-1,Derrota_Local,0
03/05/2024,Hoffenheim,RB Leipzig,1,1,D,18,8,8,5,4,4,hoffenheim,hoffenheim,1899.0,30150.0,German Bundesliga,127.0,2,0,Empate,0
04/05/2024,Dortmund,Augsburg,5,1,H,21,20,10,4,6,9,dortmund,,1900.0,38279.0,Liga_Desconocida,126.0,6,4,Victoria_Local,1
04/05/2024,Stuttgart,Bayern Munich,3,1,H,24,10,11,3,3,1,stuttgart,,1900.0,38279.0,Liga_Desconocida,126.0,4,2,Victoria_Local,1
04/05/2024,Werder Bremen,M'gladbach,2,2,D,17,17,6,7,7,2,werder bremen,,1900.0,38279.0,Liga_Desconocida,126.0,4,0,Empate,2
04/05/2024,Wolfsburg,Darmstadt,3,0,H,18,6,6,1,9,2,wolfsburg,,1900.0,38279.0,Liga_Desconocida,126.0,3,3,Victoria_Local,1
04/05/2024,FC Koln,Freiburg,0,0,D,20,4,7,0,7,1,koln,,1900.0,38279.0,Liga_Desconocida,126.0,0,0,Empate,0
05/05/2024,Union Berlin,Bochum,3,4,A,12,17,6,5,6,4,union berlin,,1900.0,38279.0,Liga_Desconocida,126.0,7,-1,Derrota_Local,2
05/05/2024,Ein Frankfurt,Leverkusen,1,5,A,16,10,5,6,10,5,ein frankfurt,,1900.0,38279.0,Liga_Desconocida,126.0,6,-4,Derrota_Local,2
05/05/2024,Heidenheim,Mainz,1,1,D,16,10,6,4,6,3,heidenheim,,1900.0,38279.0,Liga_Desconocida,126.0,2,0,Empate,0
10/05/2024,Augsburg,Stuttgart,0,1,A,9,19,1,7,5,5,augsburg,augsburg,1907.0,30660.0,German Bundesliga,119.0,1,-1,Derrota_Local,0
11/05/2024,FC Koln,Union Berlin,3,2,H,18,14,5,6,6,8,koln,,1900.0,38279.0,Liga_Desconocida,126.0,5,1,Victoria_Local,1
11/05/2024,Freiburg,Heidenheim,1,1,D,19,9,3,3,2,4,freiburg,freiburg,1904.0,24000.0,German Bundesliga,122.0,2,0,Empate,0
11/05/2024,M'gladbach,Ein Frankfurt,1,1,D,6,16,3,1,2,8,mgladbach,,1900.0,38279.0,Liga_Desconocida,126.0,2,0,Empate,0
11/05/2024,RB Leipzig,Werder Bremen,1,1,D,13,10,5,1,4,3,rb leipzig,,1900.0,38279.0,Liga_Desconocida,126.0,2,0,Empate,0
11/05/2024,Mainz,Dortmund,3,0,H,14,10,6,2,4,2,mainz,,1900.0,38279.0,Liga_Desconocida,126.0,3,3,Victoria_Local,1
12/05/2024,Darmstadt,Hoffenheim,0,6,A,9,12,1,7,2,3,darmstadt,,1900.0,38279.0,Liga_Desconocida,126.0,6,-6,Derrota_Local,2
12/05/2024,Bayern Munich,Wolfsburg,2,0,H,5,5,3,2,4,0,bayern munich,bayern munich,1900.0,75024.0,German Bundesliga,126.0,2,2,Victoria_Local,1
12/05/2024,Bochum,Leverkusen,0,5,A,2,28,0,10,2,6,bochum,,1900.0,38279.0,Liga_Desconocida,126.0,5,-5,Derrota_Local,2
18/05/2024,Dortmund,Darmstadt,4,0,H,21,7,10,1,7,3,dortmund,,1900.0,38279.0,Liga_Desconocida,126.0,4,4,Victoria_Local,1
18/05/2024,Ein Frankfurt,RB Leipzig,2,2,D,19,9,6,5,8,3,ein frankfurt,,1900.0,38279.0,Liga_Desconocida,126.0,4,0,Empate,2
18/05/2024,Heidenheim,FC Koln,4,1,H,13,19,7,9,5,12,heidenheim,,1900.0,38279.0,Liga_Desconocida,126.0,5,3,Victoria_Local,1
18/05/2024,Hoffenheim,Bayern Munich,4,2,H,17,12,9,4,6,5,hoffenheim,hoffenheim,1899.0,30150.0,German Bundesliga,127.0,6,2,Victoria_Local,1
18/05/2024,Leverkusen,Augsburg,2,1,H,19,8,8,2,5,4,leverkusen,,1900.0,38279.0,Liga_Desconocida,126.0,3,1,Victoria_Local,0
18/05/2024,Stuttgart,M'gladbach,4,0,H,21,13,11,5,8,4,stuttgart,,1900.0,38279.0,Liga_Desconocida,126.0,4,4,Victoria_Local,1
18/05/2024,Union Berlin,Freiburg,2,1,H,14,11,5,5,3,7,union berlin,,1900.0,38279.0,Liga_Desconocida,126.0,3,1,Victoria_Local,0
18/05/2024,Werder Bremen,Bochum,4,1,H,25,26,12,8,8,8,werder bremen,,1900.0,38279.0,Liga_Desconocida,126.0,5,3,Victoria_Local,1
18/05/2024,Wolfsburg,Mainz,1,3,A,12,12,4,6,1,3,wolfsburg,,1900.0,38279.0,Liga_Desconocida,126.0,4,-2,Derrota_Local,2
